date,ticker,mom_12m,reversal_1m,mom_12_1,vol_6m,mom_3m,next_month_return,median_return,target
2016-01-31,RELIANCE.NS,0.14552882025638203,0.020500728522569567,0.12251641595084584,0.08661894275579642,0.09253987265627561,-0.06639951575496661,-0.07377958551338631,1
2016-01-31,TCS.NS,-0.021031938387008564,-0.016319621588417377,-0.004790495878549961,0.05532132512807327,-0.03932268275298956,-0.08969989621419616,-0.07377958551338631,0
2016-01-31,HDFCBANK.NS,-0.01820111453180495,-0.02984791935647102,0.012005133068354157,0.04833398524523961,-0.04524368230229758,-0.07429633309633421,-0.07377958551338631,0
2016-01-31,INFY.NS,0.1143740785734293,0.05382645375657846,0.057455024592537596,0.07679621657983154,0.025937035137250763,-0.0694048114645428,-0.07377958551338631,1
2016-01-31,ICICIBANK.NS,-0.3509624206253382,-0.119380076232943,-0.2629764988756418,0.0905013730438391,-0.16913349789833765,-0.17423417140487463,-0.07377958551338631,0
2016-01-31,HINDUNILVR.NS,-0.10738757000880117,-0.053143999290779065,-0.05728808887242842,0.05910278073768598,0.020295900520416188,0.016526027905479967,-0.07377958551338631,1
2016-01-31,BHARTIARTL.NS,-0.2199004115577079,-0.14835486066543646,-0.08400864114386164,0.07721968358663107,-0.16946000891023705,0.08830653286036982,-0.07377958551338631,1
2016-01-31,ITC.NS,-0.1131246715381321,-0.02318486331021319,-0.0920745439436016,0.0701775325186031,-0.04317938568910862,-0.0766706798810387,-0.07377958551338631,0
2016-01-31,LT.NS,-0.34554537668020857,-0.1362657313643063,-0.24229633223476088,0.07487725336727652,-0.21910333454602426,-0.02328312505872132,-0.07377958551338631,1
2016-01-31,KOTAKBANK.NS,0.034753137140556944,-0.05062148133849642,0.08992684877620793,0.07556562773949885,-0.005889537338538808,-0.07782334618382603,-0.07377958551338631,0
2016-01-31,AXISBANK.NS,-0.2999760595139256,-0.09062578603475813,-0.23021355814160926,0.10087072975265825,-0.14093408328399448,-0.07994602203089585,-0.07377958551338631,0
2016-01-31,SBIN.NS,-0.4103544249930461,-0.19848524334323536,-0.2643359712222243,0.09381361115702752,-0.24108852920117185,-0.11756514855489653,-0.07377958551338631,0
2016-01-31,BAJFINANCE.NS,0.46866259365976237,-0.013569129720035544,0.48886519867624667,0.0833006887843628,0.13519776737008748,0.0006158502462803028,-0.07377958551338631,1
2016-01-31,ASIANPAINT.NS,0.022682926164875106,-0.01544896843536292,0.0387302368061504,0.07737430142856733,0.047252164138517516,-0.02735952376766737,-0.07377958551338631,1
2016-01-31,MARUTI.NS,0.1296917914300464,-0.11382630788726578,0.27479725643484043,0.07311249631844781,-0.07937723251527928,-0.20980994863976088,-0.07377958551338631,0
2016-01-31,HCLTECH.NS,-0.007191038136255212,0.019750084869687434,-0.026419338822006866,0.0835882263527884,0.0003307382517752089,-0.06064130252620192,-0.07377958551338631,1
2016-01-31,SUNPHARMA.NS,-0.04564279041285779,0.06437847671069563,-0.10336667786026443,0.08431120247503616,-0.01866109025949092,-0.021822523444244624,-0.07377958551338631,1
2016-01-31,TITAN.NS,-0.14978793002562796,0.04767399658128535,-0.1884764986544104,0.07983551465974768,0.03929128854105457,-0.1289525380776897,-0.07377958551338631,0
2016-01-31,ULTRACEMCO.NS,-0.0929513432699296,0.02141651520095511,-0.11196985438245421,0.07255448219454658,-0.015938427407908184,-0.025175108762316323,-0.07377958551338631,1
2016-01-31,WIPRO.NS,-0.05194155521674948,0.014399689473641564,-0.06539951202549621,0.055315228374024555,-0.008532168289925868,-0.07560405759871835,-0.07377958551338631,0
2016-01-31,ADANIENT.NS,-0.5752064102777892,-0.1264987405846919,-0.5136886350838771,0.16434133935803066,-0.21158008129353745,-0.19354843826082546,-0.07377958551338631,0
2016-01-31,NESTLEIND.NS,-0.22340744194520656,-0.05833923740917468,-0.1752947675996117,0.0699605481001055,-0.10862517218908485,-0.08746349084300642,-0.07377958551338631,0
2016-01-31,POWERGRID.NS,0.014198516039626297,0.04746736289634068,-0.03176122525166136,0.06764645040923296,0.1483495473350831,-0.11555415961785431,-0.07377958551338631,0
2016-01-31,NTPC.NS,0.012040731965384799,-0.02598269222539973,0.03903772950160311,0.07892722601438668,0.07266566090660587,-0.15031092447861172,-0.07377958551338631,0
2016-01-31,TECHM.NS,-0.29249803759746085,-0.038819037116877286,-0.2639242871806964,0.07420491505182057,-0.07001749415828751,-0.171220652498136,-0.07377958551338631,0
2016-01-31,BAJAJFINSV.NS,0.28735018524749023,-0.06350913858018226,0.37465322757739794,0.08851877324485331,-0.054039620754633866,-0.1341551637127727,-0.07377958551338631,0
2016-01-31,JSWSTEEL.NS,0.0953017983597495,0.02407487902803962,0.06955245245280484,0.11076422519640762,0.16114669642655488,0.06565434765205924,-0.07377958551338631,1
2016-01-31,ONGC.NS,-0.3342917157733195,-0.06411589553620445,-0.2886851255924572,0.09740890059102857,-0.06698101475023921,-0.1420994062205857,-0.07377958551338631,0
2016-01-31,TATASTEEL.NS,-0.34169980243314146,-0.03887592894824843,-0.3150726140419259,0.1350756513932888,0.012570757571758184,-0.002402948137053107,-0.07377958551338631,1
2016-01-31,COALINDIA.NS,-0.06427582902398332,-0.029866509435610977,-0.0354686441845794,0.09118999967637637,0.00015641391649179326,-0.027972883036788243,-0.07377958551338631,1
2016-01-31,HINDALCO.NS,-0.4884246358826494,-0.16814156490375687,-0.38502112554985013,0.13097740268973088,-0.16121354338672889,-0.02482272243581396,-0.07377958551338631,1
2016-01-31,GRASIM.NS,-0.1202726592062845,-0.09619571673734051,-0.026639553402013294,0.04926331711587848,-0.08577495887544095,-0.01944804638019293,-0.07377958551338631,1
2016-01-31,ADANIPORTS.NS,-0.3756859606746832,-0.18646969340496977,-0.2325866236768288,0.10061570894650558,-0.28354411440254124,-0.07326283793043842,-0.07377958551338631,1
2016-01-31,DRREDDY.NS,-0.03436746483874731,-0.0010293392123119638,-0.03337247722585601,0.10007953134813703,-0.2744223462671511,-0.022267630068799504,-0.07377958551338631,1
2016-01-31,CIPLA.NS,-0.15667891928367417,-0.09949988776511354,-0.06349697322818992,0.06892155286647955,-0.15258182661142772,-0.12126130469010699,-0.07377958551338631,0
2016-01-31,BRITANNIA.NS,0.431654547300486,-0.0933319666891792,0.5790283705852142,0.07723678456352881,-0.16784256006939413,0.02483804213335916,-0.07377958551338631,1
2016-01-31,EICHERMOT.NS,0.01982951720403281,-0.01832918388614979,0.03887117806072893,0.10128623779290115,-0.06740038566970086,0.1422648100622288,-0.07377958551338631,1
2016-01-31,HEROMOTOCO.NS,-0.09456923331184919,-0.047678305482861116,-0.04923853787953825,0.06830917955450248,-0.0061014087321938915,-0.025626977888477676,-0.07377958551338631,1
2016-01-31,BPCL.NS,0.22398353079306998,0.0009524338822506362,0.2228188766630803,0.08585680258718814,0.025312579391096213,-0.12631418043624842,-0.07377958551338631,0
2016-01-31,INDUSINDBK.NS,0.07184619992332575,-0.04143668545417856,0.11817986736867692,0.06819333047115285,0.018532696704597562,-0.10637371859133748,-0.07377958551338631,0
2016-01-31,APOLLOHOSP.NS,0.12627794890378685,0.004466415313020056,0.12126989188862725,0.08861384001838946,0.12207207280931298,-0.006211912364493255,-0.07377958551338631,1
2016-01-31,TATACONSUM.NS,-0.18991380751035758,-0.13474692928640775,-0.06375808430064589,0.0957114879877703,-0.05207937576197064,-0.18142283627177136,-0.07377958551338631,0
2016-02-29,RELIANCE.NS,0.14409333302439697,-0.06639951575496661,0.22546351713771973,0.08210948593694055,-0.00046528907121168306,0.09343398066060726,0.11786346098513323,0
2016-02-29,TCS.NS,-0.1691961067475818,-0.08969989621419616,-0.08732967315149431,0.05578143561843104,-0.08067497498894205,0.15780048643448374,0.11786346098513323,1
2016-02-29,HDFCBANK.NS,-0.07101082057199182,-0.07429633309633421,0.0035492054766639303,0.04899625185626572,-0.09826037923673514,0.10217645025598521,0.11786346098513323,0
2016-02-29,INFY.NS,-0.01965519315916553,-0.0694048114645428,0.05345999949094038,0.07317957117863881,-0.003538797414505246,0.1238412037997274,0.11786346098513323,1
2016-02-29,ICICIBANK.NS,-0.4233607775491517,-0.17423417140487463,-0.3016915904211197,0.08982588547613977,-0.3052458826167721,0.24519848827225021,0.11786346098513323,1
2016-02-29,HINDUNILVR.NS,-0.04620199988215146,0.016526027905479967,-0.06170823576143991,0.06323027508670825,0.022660228409277616,0.047085649310196764,0.11786346098513323,0
2016-02-29,BHARTIARTL.NS,-0.1067944166238225,0.08830653286036982,-0.17927021808039056,0.0735208357487757,-0.056378032566561265,0.11188571817053905,0.11786346098513323,0
2016-02-29,ITC.NS,-0.2334329211837921,-0.0766706798810387,-0.1697793386248757,0.07124501865419132,-0.145890469154917,0.11026549907498118,0.11786346098513323,0
2016-02-29,LT.NS,-0.382006249881659,-0.02328312505872132,-0.3672744211002851,0.08220059630035935,-0.21722689890294766,0.1307622635878689,0.11786346098513323,1
2016-02-29,KOTAKBANK.NS,-0.05686662304845358,-0.07782334618382603,0.022725280507426504,0.07455990978120308,-0.08947800982024323,0.07971137717694377,0.11786346098513323,0
2016-02-29,AXISBANK.NS,-0.3321492904580964,-0.07994602203089585,-0.27411790445589446,0.10375202713472871,-0.1982289018353217,0.18203599881578136,0.11786346098513323,1
2016-02-29,SBIN.NS,-0.4639744084602184,-0.11756514855489653,-0.39256071917154123,0.09538674855396412,-0.3615523444227219,0.22362186394451622,0.11786346098513323,1
2016-02-29,BAJFINANCE.NS,0.44933293764911575,0.0006158502462803028,0.44844091495491845,0.09023096697682309,0.07057408883131822,0.17049828054724325,0.11786346098513323,1
2016-02-29,ASIANPAINT.NS,0.057060229516274985,-0.02735952376766737,0.08679440692305418,0.07630335355010635,0.009063754432890425,0.02635636278735176,0.11786346098513323,0
2016-02-29,MARUTI.NS,-0.09669167860818151,-0.20980994863976088,0.14315324501600202,0.07431761758005295,-0.28946217821819376,0.1482467097536635,0.11786346098513323,1
2016-02-29,HCLTECH.NS,-0.17707338481615287,-0.06064130252620192,-0.1239484795351018,0.0821199606276901,-0.059521421121511486,0.0010454243963911036,0.11786346098513323,0
2016-02-29,SUNPHARMA.NS,-0.025204451364792435,-0.021822523444244624,-0.0034573766025117747,0.08489001276460416,0.17052778022121307,-0.039700310606962885,0.11786346098513323,0
2016-02-29,TITAN.NS,-0.26750512362088685,-0.1289525380776897,-0.15906433529744302,0.08108996936713801,-0.16959368214989168,0.07731975446367056,0.11786346098513323,0
2016-02-29,ULTRACEMCO.NS,-0.11167043845360247,-0.025175108762316323,-0.08872909429042952,0.07112674105021986,-0.011584882461217694,0.16620313442851398,0.11786346098513323,1
2016-02-29,WIPRO.NS,-0.18757595164765284,-0.07560405759871835,-0.12112979829624493,0.051296980599712765,-0.078827823300605,0.08457448909422038,0.11786346098513323,0
2016-02-29,ADANIENT.NS,-0.6979017123273936,-0.19354843826082546,-0.6253980995199411,0.14267205078547698,-0.28701465766157863,0.2693387700755623,0.11786346098513323,1
2016-02-29,NESTLEIND.NS,-0.2820296440259714,-0.08746349084300642,-0.21321465084471658,0.06125964446497395,-0.14302376419854035,0.14963071503275627,0.11786346098513323,1
2016-02-29,POWERGRID.NS,-0.15495528121486113,-0.11555415961785431,-0.04454893651824132,0.0724494042241189,-0.039902042929652826,0.06958852243760738,0.11786346098513323,0
2016-02-29,NTPC.NS,-0.22446124422592595,-0.15031092447861172,-0.08726759220931957,0.08122264089109639,-0.07533819049162127,0.07824267366385862,0.11786346098513323,0
2016-02-29,TECHM.NS,-0.4068649749681825,-0.171220652498136,-0.28432697216736147,0.06893631868188708,-0.22101400480780398,0.14294269011274907,0.11786346098513323,1
2016-02-29,BAJAJFINSV.NS,0.13455364963803018,-0.1341551637127727,0.31034291837211336,0.0798040184720858,-0.16140767521152066,0.0626613675070089,0.11786346098513323,0
2016-02-29,JSWSTEEL.NS,0.12998816630580357,0.06565434765205924,0.06037024931722956,0.10261950348031201,0.24400875323125604,0.13919836809980857,0.11786346098513323,1
2016-02-29,ONGC.NS,-0.3821090394604957,-0.1420994062205857,-0.27976392017933704,0.09860420614133303,-0.17104442397181152,0.10704293625531425,0.11786346098513323,0
2016-02-29,TATASTEEL.NS,-0.2687417689739259,-0.002402948137053107,-0.2669803607974809,0.13339166992791893,0.08777285336628626,0.28342029089313026,0.11786346098513323,1
2016-02-29,COALINDIA.NS,-0.16961150420925586,-0.027972883036788243,-0.14571468089796946,0.09219207825450426,-0.059143683061925634,0.026984579462580927,0.11786346098513323,0
2016-02-29,HINDALCO.NS,-0.550801938191718,-0.02482272243581396,-0.5393677927665661,0.13530572272503058,-0.10772226484763381,0.2792726480583847,0.11786346098513323,1
2016-02-29,GRASIM.NS,-0.10541272126303958,-0.01944804638019293,-0.08766967886352106,0.04562501997487046,-0.11065827741831924,0.1552147233472405,0.11786346098513323,1
2016-02-29,ADANIPORTS.NS,-0.43011408503455106,-0.07326283793043842,-0.38506198058055985,0.10480479201011743,-0.2660449138771961,0.2649845107540372,0.11786346098513323,1
2016-02-29,DRREDDY.NS,-0.06877303009163538,-0.022267630068799504,-0.047564549822676216,0.10346858746996686,-0.023713679494872686,-0.0003459143091355532,0.11786346098513323,0
2016-02-29,CIPLA.NS,-0.23028775261599055,-0.12126130469010699,-0.12407152263555965,0.06295365024736684,-0.20119636796617446,-0.0042790152700473705,0.11786346098513323,0
2016-02-29,BRITANNIA.NS,0.3302779088860668,0.02483804213335916,0.29803720607100725,0.07815895650979839,-0.056078847543914456,-0.025306109041004388,0.11786346098513323,0
2016-02-29,EICHERMOT.NS,0.1995169224242701,0.1422648100622288,0.05012157588827626,0.09704870213650067,0.12981721684606695,0.020372949709179355,0.11786346098513323,0
2016-02-29,HEROMOTOCO.NS,-0.054096514431021925,-0.025626977888477676,-0.02921831361961269,0.0685786009040915,-0.07381956398965805,0.19521459648800987,0.11786346098513323,1
2016-02-29,BPCL.NS,0.07598656091849265,-0.12631418043624842,0.2315486148736554,0.07952030392091837,-0.13464660793504324,0.18081422902534428,0.11786346098513323,1
2016-02-29,INDUSINDBK.NS,-0.03585476563157797,-0.10637371859133748,0.0789132486665427,0.06556919205568623,-0.11253665420992887,0.16578310299866783,0.11786346098513323,1
2016-02-29,APOLLOHOSP.NS,0.1290808606560494,-0.006211912364493255,0.13613845316101658,0.0853182744765424,0.10475049352661525,-0.08801010078510052,0.11786346098513323,0
2016-02-29,TATACONSUM.NS,-0.3256212162801194,-0.18142283627177136,-0.1761573452056654,0.09407715750041619,-0.24718278168246044,0.17093183216243446,0.11786346098513323,1
2016-03-31,RELIANCE.NS,0.2957444343575153,0.09343398066060726,0.1850230167299911,0.07858654102744629,0.041758262656383494,-0.05979702159494571,0.019354597445762067,0
2016-03-31,TCS.NS,0.0027323519893633907,0.15780048643448374,-0.13393338166808177,0.05922077351013475,0.03674590465352012,0.006030992689763259,0.019354597445762067,0
2016-03-31,HDFCBANK.NS,0.055247027424765616,0.10217645025598521,-0.04257886549864154,0.04457276501480777,-0.010164715695985871,0.0571345148748994,0.019354597445762067,1
2016-03-31,INFY.NS,0.12529338761551978,0.1238412037997274,0.0012921610374156955,0.07270901197140518,0.10213514083393993,-0.00837273737161992,0.019354597445762067,0
2016-03-31,ICICIBANK.NS,-0.23702194738126758,0.24519848827225021,-0.38726391028840146,0.09668830299684057,-0.09450929006034414,0.0012677891699726107,0.019354597445762067,0
2016-03-31,HINDUNILVR.NS,0.014256795397665334,0.047085649310196764,-0.031352596546575184,0.06393089870913679,0.007823884345095955,-0.0018399906259335408,0.019354597445762067,0
2016-03-31,BHARTIARTL.NS,-0.10306561713280338,0.11188571817053905,-0.1933214284441177,0.06967214941168402,0.0305523550996889,0.03648791302723531,0.019354597445762067,1
2016-03-31,ITC.NS,0.02831151852001934,0.11026549907498118,-0.07381475928347025,0.0812399112761231,0.0013729416778611725,-0.01005360519320464,0.019354597445762067,0
2016-03-31,LT.NS,-0.2852259894590422,0.1307622635878689,-0.36788303469466255,0.08298947278147946,-0.046062001993285695,0.031149642095202656,0.019354597445762067,1
2016-03-31,KOTAKBANK.NS,0.03730950188890425,0.07971137717694377,-0.039271490681986876,0.06599999198651486,-0.05471840576572584,0.05362530598089488,0.019354597445762067,1
2016-03-31,AXISBANK.NS,-0.20078263983823164,0.18203599881578136,-0.32386377321633053,0.09379328053861402,-0.011021965658620125,0.06360450974582332,0.019354597445762067,1
2016-03-31,SBIN.NS,-0.2634256465694771,0.22362186394451622,-0.39803760039390557,0.10416084262094465,-0.13455115420073638,-0.027026918827862234,0.019354597445762067,0
2016-03-31,BAJFINANCE.NS,0.695884058227701,0.17049828054724325,0.4488565138556413,0.0875446130607339,0.155326707866158,-0.013727507494805669,0.019354597445762067,0
2016-03-31,ASIANPAINT.NS,0.07937077400215364,0.02635636278735176,0.0516530253398797,0.06992772230689297,-0.017146588934424556,-0.0024758558882176374,0.019354597445762067,0
2016-03-31,MARUTI.NS,0.011145537685215423,0.1482467097536635,-0.119400448443576,0.0798147578709038,-0.19594525326503198,0.02108264408280669,0.019354597445762067,1
2016-03-31,HCLTECH.NS,-0.15050125782226553,0.0010454243963911036,-0.1513884170741162,0.08068541398818208,-0.041087464882508695,-0.07836889759703702,0.019354597445762067,0
2016-03-31,SUNPHARMA.NS,-0.196469660762719,-0.039700310606962885,-0.16325044346816675,0.08558989062998175,-0.0001829677218696535,-0.010609614359996855,0.019354597445762067,0
2016-03-31,TITAN.NS,-0.1227061422226502,0.07731975446367056,-0.18566994233378842,0.09058871417593561,-0.01686624409307913,0.04954282038963864,0.019354597445762067,1
2016-03-31,ULTRACEMCO.NS,0.1252105407367794,0.16620313442851398,-0.03515047463135368,0.06880089949293393,0.1611910771396139,-0.020844159015817487,0.019354597445762067,0
2016-03-31,WIPRO.NS,-0.08320544678597752,0.08457448909422038,-0.15469655387184966,0.04745498259686318,0.01701304372437562,-0.017545363430243044,0.019354597445762067,0
2016-03-31,ADANIENT.NS,-0.5567110645049762,0.2693387700755623,-0.6507717672023559,0.13180396631524097,-0.10583149682130655,0.1747967298593529,0.019354597445762067,1
2016-03-31,NESTLEIND.NS,-0.16586076861753363,0.14963071503275627,-0.27442854433590935,0.06457775505680467,-0.012122527637310587,-0.005540946380007461,0.019354597445762067,0
2016-03-31,POWERGRID.NS,-0.026758323114052907,0.06958852243760738,-0.09007842130923815,0.0636088963774467,-0.009103081704532556,0.030913084316322337,0.019354597445762067,1
2016-03-31,NTPC.NS,-0.0977262515601165,0.07824267366385862,-0.16319974113622704,0.07161720485820516,-0.1076335690802287,0.08110195621799776,0.019354597445762067,1
2016-03-31,TECHM.NS,-0.23677572946696035,0.14294269011274907,-0.3322287485317842,0.07253127275279515,-0.08952393103524858,0.0235816489499745,0.019354597445762067,1
2016-03-31,BAJAJFINSV.NS,0.21212361245239197,0.0626613675070089,0.14064898707668272,0.07728910103900515,-0.13833489159735346,0.09599106958224168,0.019354597445762067,1
2016-03-31,JSWSTEEL.NS,0.43368063917005784,0.13919836809980857,0.25849955487686294,0.08754797046502283,0.24321839697306102,0.07009556325155653,0.019354597445762067,1
2016-03-31,ONGC.NS,-0.2841092377013559,0.10704293625531425,-0.35333062625356004,0.09408076852751879,-0.11116017614905571,0.014712680103058817,0.019354597445762067,0
2016-03-31,TATASTEEL.NS,0.038955461341110276,0.28342029089313026,-0.1904791682714455,0.1275506603176709,0.23056203552587573,0.09821718855351036,0.019354597445762067,1
2016-03-31,COALINDIA.NS,-0.11988923112475558,0.026984579462580927,-0.1430146211778519,0.08544390746290476,-0.03155758798589292,-0.013358385805133266,0.019354597445762067,0
2016-03-31,HINDALCO.NS,-0.30886472193316394,0.2792726480583847,-0.4597435666933033,0.13582271283824088,0.03775805362743623,0.09550888887122166,0.019354597445762067,1
2016-03-31,GRASIM.NS,0.06850323446199758,0.1552147233472405,-0.07506092775029394,0.046344032402507944,0.02378254290764148,0.0631090106528549,0.019354597445762067,1
2016-03-31,ADANIPORTS.NS,-0.19010204915097795,0.2649845107540372,-0.3597566262955625,0.10434164279549674,-0.046291786784924516,-0.038352839311914355,0.019354597445762067,0
2016-03-31,DRREDDY.NS,-0.12531623782099932,-0.0003459143091355532,-0.12501356749369597,0.10435975593428455,-0.023611911819100828,0.017626550808717445,0.019354597445762067,0
2016-03-31,CIPLA.NS,-0.27940844088536654,-0.0042790152700473705,-0.2763117678894117,0.06666147394023364,-0.2120817094045212,0.048930689961254714,0.019354597445762067,1
2016-03-31,BRITANNIA.NS,0.25150191427881663,-0.025306109041004388,0.2839948273888031,0.07573705809240834,-0.09432623799448492,0.06554995166199729,0.019354597445762067,1
2016-03-31,EICHERMOT.NS,0.21231342397098474,0.020372949709179355,0.18810815625454502,0.09310534638600843,0.14417278784021215,0.04454503957476463,0.019354597445762067,1
2016-03-31,HEROMOTOCO.NS,0.14460510109369662,0.19521459648800987,-0.04234343819346165,0.07225658555507716,0.10905942580984496,-0.01639701830868101,0.019354597445762067,0
2016-03-31,BPCL.NS,0.16625478600453558,0.18081422902534428,-0.012330003029203174,0.07954191770740403,0.03264323599415242,0.08149988169065558,0.019354597445762067,1
2016-03-31,INDUSINDBK.NS,0.09670935129422631,0.16578310299866783,-0.05925094601797498,0.06170724488427307,-0.0013932596634075312,0.08397062815043954,0.019354597445762067,1
2016-03-31,APOLLOHOSP.NS,-0.020714720913079354,-0.08801010078510052,0.07378961097042125,0.08088942708760206,-0.08962727960713057,-0.01290162009381346,0.019354597445762067,0
2016-03-31,TATACONSUM.NS,-0.17187415722378696,0.17093183216243446,-0.29276340429924064,0.09111031639364808,-0.17065661196407256,-0.009896862490753278,0.019354597445762067,0
2016-04-30,RELIANCE.NS,0.16691035096823792,-0.05979702159494571,0.24112598850491462,0.07509984719919341,-0.040212129249896256,-0.025287610608494937,0.024138864283409056,0
2016-04-30,TCS.NS,0.04573275648365582,0.006030992689763259,0.03946375815693748,0.058939703129386976,0.060302243000750044,0.013370253419750622,0.024138864283409056,0
2016-04-30,HDFCBANK.NS,0.15378330975067023,0.0571345148748994,0.0914252571605878,0.044733911643692746,0.0785824861445259,0.04375864953280062,0.024138864283409056,1
2016-04-30,INFY.NS,0.2744978819696391,-0.00837273737161992,0.2852590181833947,0.07605604538569909,0.03708466309211955,0.03356530952168835,0.024138864283409056,1
2016-04-30,ICICIBANK.NS,-0.27215815294986734,0.0012677891699726107,-0.27307973458978796,0.10280282515712295,0.029545955963464765,0.0324962172641734,0.024138864283409056,1
2016-04-30,HINDUNILVR.NS,0.040011617357666784,-0.0018399906259335408,0.041928756502521924,0.06451143994071515,0.062431348686400545,-0.02269845461094444,0.024138864283409056,0
2016-04-30,BHARTIARTL.NS,-0.040577642296668937,0.03648791302723531,-0.07435258468072392,0.07552013942867915,0.2542255106829898,-0.03355314328625958,0.024138864283409056,0
2016-04-30,ITC.NS,0.02902639668830287,-0.01005360519320464,0.03947688691682627,0.08129028940646976,0.014834328663652752,0.10753027222083311,0.024138864283409056,1
2016-04-30,LT.NS,-0.2230434367310159,0.031149642095202656,-0.24651424822271317,0.08025054696032394,0.13883732641447777,0.1745178036638022,0.024138864283409056,1
2016-04-30,KOTAKBANK.NS,0.07682320627685058,0.05362530598089488,0.022017220129654236,0.06835243809478612,0.04907851756260828,0.040995388598339844,0.024138864283409056,1
2016-04-30,AXISBANK.NS,-0.161326611097397,0.06360450974582332,-0.21148003678263239,0.09026997250029178,0.15670917561915432,0.09060121722020154,0.024138864283409056,1
2016-04-30,SBIN.NS,-0.29050629364735814,-0.027026918827862234,-0.270798216228226,0.11069204438336318,0.05058381408538115,0.08439150916646443,0.024138864283409056,1
2016-04-30,BAJFINANCE.NS,0.6991341199754757,-0.013727507494805669,0.7227836453793492,0.08648752022876864,0.15514121278623172,0.11124443410088247,0.024138864283409056,1
2016-04-30,ASIANPAINT.NS,0.14568239074411693,-0.0024758558882176374,0.14852597554343716,0.06777987232603647,-0.0041958453870472034,0.13691181059360535,0.024138864283409056,1
2016-04-30,MARUTI.NS,0.024565619612007206,0.02108264408280669,0.00341106133708613,0.08528452826712841,-0.07353789207383898,0.09670204688510209,0.024138864283409056,1
2016-04-30,HCLTECH.NS,-0.13219180637159444,-0.07836889759703702,-0.05839962283632283,0.071574694719535,-0.13335274008701004,-0.005902474905048027,0.024138864283409056,0
2016-04-30,SUNPHARMA.NS,-0.13297574859307137,-0.010609614359996855,-0.12367831344340385,0.082605921262245,-0.07062254566429382,-0.05984239693171678,0.024138864283409056,0
2016-04-30,TITAN.NS,-0.05807565117279223,0.04954282038963864,-0.10253842861073348,0.0909611683762694,-0.015112546114671721,0.012924973050078892,0.024138864283409056,0
2016-04-30,ULTRACEMCO.NS,0.18661166376243088,-0.020844159015817487,0.21187211891595048,0.07162381024993605,0.11314728982649624,0.02063956428328506,0.024138864283409056,0
2016-04-30,WIPRO.NS,0.05163546682897047,-0.017545363430243044,0.07041631000975124,0.05759992232291964,-0.015014307844091412,-0.016054693551042276,0.024138864283409056,0
2016-04-30,ADANIENT.NS,-0.524683236512819,0.1747967298593529,-0.5954051016603645,0.12721707592725276,0.20259269480699715,-0.1597462392720791,0.024138864283409056,0
2016-04-30,NESTLEIND.NS,-0.12318626335294458,-0.005540946380007461,-0.11830081544804594,0.0652079981961554,0.04326710348999541,0.07020380173266783,0.024138864283409056,1
2016-04-30,POWERGRID.NS,0.024847650347145978,0.030913084316322337,-0.005883555133262108,0.06269420015814432,-0.02476331534101317,0.046024982497645084,0.024138864283409056,1
2016-04-30,NTPC.NS,-0.04694074413377325,0.08110195621799776,-0.11843721086186976,0.0728512621973638,-0.009525717428123914,0.02763816428353305,0.024138864283409056,1
2016-04-30,TECHM.NS,-0.20827917297791465,0.0235816489499745,-0.22651912738543134,0.07746564566725951,-0.030415049830992857,0.11148821018400601,0.024138864283409056,1
2016-04-30,BAJAJFINSV.NS,0.3096362189361266,0.09599106958224168,0.19493329396864523,0.0750093568723154,0.008421227248432972,-0.02916792043327565,0.024138864283409056,0
2016-04-30,JSWSTEEL.NS,0.4919610939414367,0.07009556325155653,0.3942316417124596,0.0866160029161853,0.29908712536357296,0.011615001370106404,0.024138864283409056,0
2016-04-30,ONGC.NS,-0.26796112223683566,0.014712680103058817,-0.27857521432686216,0.09031408342538937,-0.03629409288998908,-0.02991921297074407,0.024138864283409056,0
2016-04-30,TATASTEEL.NS,0.0029451330076915028,0.09821718855351036,-0.08675156111088023,0.12995868720321238,0.40608733013736487,-0.04770723965787693,0.024138864283409056,0
2016-04-30,COALINDIA.NS,-0.13128684103719013,-0.013358385805133266,-0.119525117869968,0.0849476050162586,-0.015078240327019432,0.011629729371645414,0.024138864283409056,0
2016-04-30,HINDALCO.NS,-0.2405001926248307,0.09550888887122166,-0.3067150663124839,0.1388682572618208,0.36666663975706637,0.09237158382147537,0.024138864283409056,1
2016-04-30,GRASIM.NS,0.1463949560766844,0.0631090106528549,0.07834186766292528,0.047939954809973206,0.20423466282456526,0.06611587357353299,0.024138864283409056,1
2016-04-30,ADANIPORTS.NS,-0.24409625704910287,-0.038352839311914355,-0.21394896813294118,0.11167388142353712,0.12734680924398067,-0.19332495733186772,0.024138864283409056,0
2016-04-30,DRREDDY.NS,-0.06190117869197076,0.017626550808717445,-0.07815021083862916,0.09974345505657652,-0.0053777538943995395,0.030563153392715314,0.024138864283409056,1
2016-04-30,CIPLA.NS,-0.1532927745542384,0.048930689961254714,-0.19279011134945712,0.0661912217761133,-0.08220813639184632,-0.11983243076063854,0.024138864283409056,0
2016-04-30,BRITANNIA.NS,0.3096928467018152,0.06554995166199729,0.22912383850143758,0.0759721270572974,0.0643814470909927,-0.05463560998629213,0.024138864283409056,0
2016-04-30,EICHERMOT.NS,0.3260446414678746,0.04454503957476463,0.2694949391628998,0.09391574066908809,0.21745496589797342,-0.07732226916547424,0.024138864283409056,0
2016-04-30,HEROMOTOCO.NS,0.2761325074287557,-0.01639701830868101,0.2974060989876506,0.0749810817570306,0.14548913920577844,0.06954542974205835,0.024138864283409056,1
2016-04-30,BPCL.NS,0.33725481391243517,0.08149988169065558,0.23648170152545056,0.08020630984112866,0.11574086814969409,0.002556473449639718,0.024138864283409056,0
2016-04-30,INDUSINDBK.NS,0.2785596305581368,0.08397062815043954,0.1795150139259043,0.06553633061693909,0.12925287163821975,0.05148510525565997,0.024138864283409056,1
2016-04-30,APOLLOHOSP.NS,0.16390806042429884,-0.01290162009381346,0.17912062679600016,0.07805538670775776,-0.10536835905006192,0.04340205265061381,0.024138864283409056,1
2016-04-30,TATACONSUM.NS,-0.1414103289545232,-0.009896862490753278,-0.13282804738364107,0.08960748329878944,-0.050988065387953085,-0.019158845075919695,0.024138864283409056,0
2016-05-31,RELIANCE.NS,0.10448625634087239,-0.025287610608494937,0.13314067653370332,0.07136509588035246,0.0020529601206613624,0.01179729337052371,0.041834393385713264,0
2016-05-31,TCS.NS,0.00019949341527558673,0.013370253419750622,-0.012996986994663229,0.06049415669005054,0.18035661890249322,0.00396450866572251,0.041834393385713264,0
2016-05-31,HDFCBANK.NS,0.13348563430592453,0.04375864953280062,0.0859652610431414,0.04607253750525073,0.21613410359872343,0.0035586605041921793,0.041834393385713264,0
2016-05-31,INFY.NS,0.2646028705282222,0.03356530952168835,0.22353455449608006,0.07140563810847077,0.15183781736064872,-0.05142973359457548,0.041834393385713264,0
2016-05-31,ICICIBANK.NS,-0.21558008390465788,0.0324962172641734,-0.24026848430124437,0.10869047100653578,0.28729267816808224,0.003477033885192826,0.041834393385713264,0
2016-05-31,HINDUNILVR.NS,0.005525780126771851,-0.02269845461094444,0.02887976067456277,0.06660363604131969,0.02143552691947792,0.07105295391279554,0.041834393385713264,1
2016-05-31,BHARTIARTL.NS,-0.1697190075943209,-0.03355314328625958,-0.14089327660609618,0.07874652916071082,0.11378758264357458,0.04382464810024378,0.041834393385713264,1
2016-05-31,ITC.NS,0.12312799925127949,0.10753027222083311,0.014083341486611944,0.08299921161992015,0.21729020815573286,0.04942329790758859,0.041834393385713264,1
2016-05-31,LT.NS,-0.10021969069970371,0.1745178036638022,-0.23391513820095977,0.09705682212887735,0.36947026274231853,0.015574676153180755,0.041834393385713264,0
2016-05-31,KOTAKBANK.NS,0.0677754516545721,0.040995388598339844,0.02572543869986843,0.0659249583246001,0.1842480446029091,0.022503665185026334,0.041834393385713264,0
2016-05-31,AXISBANK.NS,-0.11284110164106187,0.09060121722020154,-0.18654143755662678,0.09331620317425714,0.3711243743379449,0.03552026328653746,0.041834393385713264,0
2016-05-31,SBIN.NS,-0.26316735058647567,0.08439150916646443,-0.3205104953469222,0.11799312954990025,0.29102354218698867,0.08159972258268655,0.041834393385713264,1
2016-05-31,BAJFINANCE.NS,0.8110204612597329,0.11124443410088247,0.6297228635615577,0.09221478205830681,0.28285419723593375,0.05375048486822709,0.041834393385713264,1
2016-05-31,ASIANPAINT.NS,0.2618274543612251,0.13691181059360535,0.10987276462753837,0.06651039271958571,0.16398765225478273,0.024170807930010918,0.041834393385713264,0
2016-05-31,MARUTI.NS,0.10587905675650489,0.09670204688510209,0.008367824148288516,0.08334843109866973,0.285833564185054,0.006151619625581306,0.041834393385713264,0
2016-05-31,HCLTECH.NS,-0.24844084806487043,-0.005902474905048027,-0.24397844983735995,0.07016288207225012,-0.08285099342058722,-0.012638398206145762,0.041834393385713264,0
2016-05-31,SUNPHARMA.NS,-0.20785244174782969,-0.05984239693171678,-0.15743109914026088,0.08036691421610093,-0.10674565632961941,0.00045896544138290807,0.041834393385713264,0
2016-05-31,TITAN.NS,-0.03455192925560202,0.012924973050078892,-0.04687109467024031,0.08941083282018743,0.14530739287446037,0.12690695568121613,0.041834393385713264,1
2016-05-31,ULTRACEMCO.NS,0.08768460725097804,0.02063956428328506,0.06568924556121192,0.07262538601790779,0.16546281807511143,0.05711708197739118,0.041834393385713264,1
2016-05-31,WIPRO.NS,-0.007802701430434045,-0.016054693551042276,0.008386637007690378,0.05705267377316017,0.04843823329491137,0.022916799129949705,0.041834393385713264,0
2016-05-31,ADANIENT.NS,-0.6187646939627771,-0.1597462392720791,-0.5462855105736693,0.1285935560675253,0.25299904219457403,0.190802883961686,0.041834393385713264,1
2016-05-31,NESTLEIND.NS,-0.08992233668305805,0.07020380173266783,-0.1496220982923817,0.07241051429355472,0.22352191849185132,0.06478220809133095,0.041834393385713264,1
2016-05-31,POWERGRID.NS,0.06082575391420253,0.046024982497645084,0.014149539125936306,0.06328016759139132,0.15340237855684902,0.08733363426113039,0.041834393385713264,1
2016-05-31,NTPC.NS,0.07802177665904764,0.02763816428353305,0.04902855316846089,0.07526240091637576,0.1979078027896699,0.09186158291171553,0.041834393385713264,1
2016-05-31,TECHM.NS,-0.01374300879185808,0.11148821018400601,-0.11266985814913155,0.08508114547776896,0.300324681271422,-0.06403256300219429,0.041834393385713264,0
2016-05-31,BAJAJFINSV.NS,0.19467272144309522,-0.02916792043327565,0.23056576578749777,0.0784474504733174,0.1306964436339928,0.27514878425899636,0.041834393385713264,1
2016-05-31,JSWSTEEL.NS,0.5354803581617709,0.011615001370106404,0.5178505222660339,0.08416116470060568,0.2332103997886965,0.054133918343607146,0.041834393385713264,1
2016-05-31,ONGC.NS,-0.34551578739583433,-0.02991921297074407,-0.3253301979019324,0.09310207886999998,0.08972134022604417,0.02633444525554185,0.041834393385713264,0
2016-05-31,TATASTEEL.NS,0.04769976086003269,-0.04770723965787693,0.10018662798994038,0.12795034091579552,0.3422320990204313,-0.0370869014250339,0.041834393385713264,0
2016-05-31,COALINDIA.NS,-0.18478315540923584,0.011629729371645414,-0.1941549156556317,0.08154316657214765,0.025049729376975804,0.07412508770282389,0.041834393385713264,1
2016-05-31,HINDALCO.NS,-0.1745163098055751,0.09237158382147537,-0.24431969631925865,0.14643240388108417,0.5309091343436652,0.16722083112463215,0.041834393385713264,1
2016-05-31,GRASIM.NS,0.20495151438490744,0.06611587357353299,0.13022565769141847,0.04795815688044295,0.30931735417512995,0.07085233288580994,0.041834393385713264,1
2016-05-31,ADANIPORTS.NS,-0.40398118030895325,-0.19332495733186772,-0.26114136651646724,0.12534630586706993,-0.018705008637162512,0.07650289821887868,0.041834393385713264,1
2016-05-31,DRREDDY.NS,-0.09475968322229478,0.030563153392715314,-0.12160616862968077,0.07976984136489322,0.04836565700822604,0.0623919927996226,0.041834393385713264,1
2016-05-31,CIPLA.NS,-0.2713116776720653,-0.11983243076063854,-0.17210273612141236,0.06569175677128837,-0.08071576001922576,0.0599809269202396,0.041834393385713264,1
2016-05-31,BRITANNIA.NS,0.0693754279025598,-0.05463560998629213,0.1311780295501226,0.08145209060214026,-0.01815869815247706,0.01949236115055175,0.041834393385713264,0
2016-05-31,EICHERMOT.NS,-0.016370527572828864,-0.07732226916547424,0.06605962142114019,0.08923559705569262,-0.016586543301836953,0.03984413867118275,0.041834393385713264,0
2016-05-31,HEROMOTOCO.NS,0.17866144068048717,0.06954542974205835,0.10202092207036406,0.07337123181480225,0.2573754053675754,0.02560583261454008,0.041834393385713264,0
2016-05-31,BPCL.NS,0.20599898744677625,0.002556473449639718,0.20292374483117404,0.08743204734288411,0.28031519455624476,0.10991565355631439,0.041834393385713264,1
2016-05-31,INDUSINDBK.NS,0.2672411171763045,0.05148510525565997,0.20519169586162156,0.06633157223305118,0.32873506441980505,0.012108852439520978,0.041834393385713264,0
2016-05-31,APOLLOHOSP.NS,0.1389076391727022,0.04340205265061381,0.0915328719926034,0.07644490206938077,-0.06070468931227602,-0.039149743789981706,0.041834393385713264,0
2016-05-31,TATACONSUM.NS,-0.18175655301796545,-0.019158845075919695,-0.16577374137062106,0.0833214516310651,0.13713160252617995,0.11422507559117268,0.041834393385713264,1
2016-06-30,RELIANCE.NS,-0.02003623710376934,0.01179729337052371,-0.03146235978577128,0.06672422889503496,-0.07276114443464998,0.04720630476977017,0.0487481371117211,0
2016-06-30,TCS.NS,0.018062705581212146,0.00396450866572251,0.014042525202635048,0.06449901545355126,0.02352362676592512,0.028587686248638944,0.0487481371117211,0
2016-06-30,HDFCBANK.NS,0.11982473900882407,0.0035586605041921793,0.115853794183012,0.04651717395245306,0.10731989575493461,0.05928863840921039,0.0487481371117211,1
2016-06-30,INFY.NS,0.2143293729634832,-0.05142973359457548,0.2801680760721543,0.07070443981402512,-0.027799388761031496,-0.08280664598846987,0.0487481371117211,0
2016-06-30,ICICIBANK.NS,-0.20292004224127103,0.003477033885192826,-0.20568191314488782,0.11063898866553062,0.037399780514189906,0.09291202543503418,0.0487481371117211,1
2016-06-30,HINDUNILVR.NS,-0.0007065967073051072,0.07105295391279554,-0.0669990688676474,0.067237225812376,0.04481571212373758,0.026709729015377937,0.0487481371117211,0
2016-06-30,BHARTIARTL.NS,-0.12188111963639359,0.04382464810024378,-0.15874866342562532,0.08021904118741872,0.04561009509525271,-0.012949956508285343,0.0487481371117211,0
2016-06-30,ITC.NS,0.19841020895063255,0.04942329790758859,0.14197027199615642,0.08001698356251623,0.15058308649391994,0.027890751915643275,0.0487481371117211,0
2016-06-30,LT.NS,-0.15199304183692597,0.015574676153180755,-0.16499792868489382,0.10372978578777127,0.22996615944096344,0.04166385336177547,0.0487481371117211,0
2016-06-30,KOTAKBANK.NS,0.10167410080999795,0.022503665185026334,0.07742802135642757,0.06718891554897267,0.12150153429033694,0.0008420969189071315,0.0487481371117211,0
2016-06-30,AXISBANK.NS,-0.03785672113343086,0.03552026328653746,-0.07086001792672247,0.0964721653917859,0.2011707549816304,0.03328390026987904,0.0487481371117211,0
2016-06-30,SBIN.NS,-0.15633165644206515,0.08159972258268655,-0.21998099117167835,0.12667765734353423,0.14117828899834128,0.04844611701226298,0.0487481371117211,0
2016-06-30,BAJFINANCE.NS,0.47825115958458664,0.05375048486822709,0.4028474300246172,0.0959446188200112,0.15489980192076347,0.29817599993080157,0.0487481371117211,1
2016-06-30,ASIANPAINT.NS,0.3389086349685406,0.024170807930010918,0.3073098985067324,0.0652242605104889,0.161509021089715,0.11048540319699107,0.0487481371117211,1
2016-06-30,MARUTI.NS,0.046958385079671316,0.006151619625581306,0.04055727254037045,0.08658713636179104,0.1267121535678306,0.13622456841606878,0.0487481371117211,1
2016-06-30,HCLTECH.NS,-0.18452017734937898,-0.012638398206145762,-0.1740818954585186,0.07136856603321358,-0.09538799124333142,0.030802851188474367,0.0487481371117211,0
2016-06-30,SUNPHARMA.NS,-0.1245769815795329,0.00045896544138290807,-0.1249785861689513,0.07465420199762361,-0.06939018473562564,0.08760346794321805,0.0487481371117211,1
2016-06-30,TITAN.NS,0.12361193427276418,0.12690695568121613,-0.002923951610947495,0.08566582596922094,0.19802394978442028,0.03729236911491385,0.0487481371117211,0
2016-06-30,ULTRACEMCO.NS,0.14283822350335984,0.05711708197739118,0.08108954342656438,0.07442628106334381,0.0564460144419463,0.09309435990026005,0.0487481371117211,1
2016-06-30,WIPRO.NS,0.042782618057852106,0.022916799129949705,0.019420757333147298,0.058961272762775796,-0.011165122846327868,-0.02137806108635476,0.0487481371117211,0
2016-06-30,ADANIENT.NS,-0.00722472792869544,0.190802883961686,-0.16629755819163183,0.13730381368029648,0.17547411945646907,-0.07031687724179658,0.0487481371117211,0
2016-06-30,NESTLEIND.NS,0.029955778264516564,0.06478220809133095,-0.03270756175503953,0.07474617819168024,0.1332198705066565,0.1072034312804937,0.0487481371117211,1
2016-06-30,POWERGRID.NS,0.19161675473102746,0.08733363426113039,0.09590719645195178,0.062497244914948145,0.1725380122661222,0.07909222118726889,0.0487481371117211,1
2016-06-30,NTPC.NS,0.1676440120135807,0.09186158291171553,0.06940662652474017,0.07886352295129555,0.21303816078047078,0.01311584887982331,0.0487481371117211,0
2016-06-30,TECHM.NS,0.07109458905571242,-0.06403256300219429,0.14437163806824138,0.08432753405902843,0.0648491562376945,-0.011675282277648247,0.0487481371117211,0
2016-06-30,BAJAJFINSV.NS,0.5184136604544274,0.27514878425899636,0.19077371926978315,0.08442448699961368,0.35678800373473374,0.17328569851682007,0.0487481371117211,1
2016-06-30,JSWSTEEL.NS,0.7003435049740152,0.054133918343607146,0.613024185433495,0.07500391631074176,0.14112602973589472,0.14988247162685098,0.0487481371117211,1
2016-06-30,ONGC.NS,-0.2843450730374858,0.02633444525554185,-0.3027078743475994,0.08954736324824474,0.010275672764046062,0.017567961520808195,0.0487481371117211,0
2016-06-30,TATASTEEL.NS,0.08800128022895493,-0.0370869014250339,0.12990599238821154,0.12617162277886138,0.007037896038816882,0.12765967215681795,0.0487481371117211,1
2016-06-30,COALINDIA.NS,-0.18713113729307895,0.07412508770282389,-0.2432270021312305,0.07912306655013114,0.07210142438844369,0.047923213783746865,0.0487481371117211,0
2016-06-30,HINDALCO.NS,0.11291493944027553,0.16722083112463215,-0.04652580748754487,0.14478041887712328,0.3968164135119938,0.08709827931612102,0.0487481371117211,1
2016-06-30,GRASIM.NS,0.36461582845211105,0.07085233288580994,0.2743268016932323,0.050004120655400865,0.213701240877336,0.049050157211179224,0.0487481371117211,1
2016-06-30,ADANIPORTS.NS,-0.32514661291574676,0.07650289821887868,-0.37310583352740834,0.12485112908452402,-0.1649171248902639,0.12351934574794132,0.0487481371117211,1
2016-06-30,DRREDDY.NS,-0.0448185750637774,0.0623919927996226,-0.10091432219935881,0.07796611149282319,0.11416068365480725,-0.12712443974319876,0.0487481371117211,0
2016-06-30,CIPLA.NS,-0.18361267836719353,0.0599809269202396,-0.22980942307631047,0.06760445275190279,-0.02138874670572466,0.05269471164790285,0.0487481371117211,1
2016-06-30,BRITANNIA.NS,0.004101811912432307,0.01949236115055175,-0.015096286960650018,0.078078017510568,0.0269682783287013,0.07085000579875134,0.0487481371117211,1
2016-06-30,EICHERMOT.NS,-0.013223639686409494,0.03984413867118275,-0.05103435830816694,0.08199996369983972,0.0021793689546614203,0.16847264648822224,0.0487481371117211,1
2016-06-30,HEROMOTOCO.NS,0.27751182715559275,0.02560583261454008,0.24561677257516945,0.07567995561360137,0.07894561639416331,0.007834392666280277,0.0487481371117211,0
2016-06-30,BPCL.NS,0.2941087246571228,0.10991565355631439,0.16595231404353106,0.08656482441319328,0.2034423713685396,0.10553513714470375,0.0487481371117211,1
2016-06-30,INDUSINDBK.NS,0.2844231164580939,0.012108852439520978,0.2690563009721776,0.06569283552780983,0.15358038539662933,0.057619693600111876,0.0487481371117211,1
2016-06-30,APOLLOHOSP.NS,0.008334305968054512,-0.039149743789981706,0.04941878242852571,0.07670933797861665,-0.010381429982811885,0.03527176529201137,0.0487481371117211,0
2016-06-30,TATACONSUM.NS,0.008602138976148366,0.11422507559117268,-0.09479497359093636,0.08215662314215827,0.08206174858356752,0.08346037070905976,0.0487481371117211,1
2016-07-31,RELIANCE.NS,0.024431730160144882,0.04720630476977017,-0.021747934963619486,0.05647346642699922,0.0327667513059231,0.04443802529837315,0.033107237764829156,1
2016-07-31,TCS.NS,0.06165153205910423,0.028587686248638944,0.032144897564399644,0.06523475616559712,0.04647253089212988,-0.04123276530290354,0.033107237764829156,0
2016-07-31,HDFCBANK.NS,0.13023749331499435,0.05928863840921039,0.06697783053005435,0.04554048586942889,0.10957628206518466,0.0361095556367923,0.033107237764829156,1
2016-07-31,INFY.NS,0.01791395207392421,-0.08280664598846987,0.10981392050200989,0.07391486636200238,-0.10077508656748269,-0.035386465989651894,0.033107237764829156,0
2016-07-31,ICICIBANK.NS,-0.11272947927775356,0.09291202543503418,-0.18815924788725058,0.11321256357667536,0.13235111283017065,-0.018638312028523063,0.033107237764829156,0
2016-07-31,HINDUNILVR.NS,0.02047411847545444,0.026709729015377937,-0.00607339188838063,0.06352850102307005,0.07469989439695413,-0.0059616933452206755,0.033107237764829156,0
2016-07-31,BHARTIARTL.NS,-0.1306655617690311,-0.012949956508285343,-0.11926001729793134,0.08135942992084572,-0.004262879607718317,-0.08035624274452813,0.033107237764829156,0
2016-07-31,ITC.NS,0.19083675897021224,0.027890751915643275,0.15852463576590448,0.08130230617881842,0.1946846012288126,0.03010491989286601,0.033107237764829156,0
2016-07-31,LT.NS,-0.12082892048272598,0.04166385336177547,-0.1559934841936641,0.09770226600832399,0.24250762143945703,-0.017511010599371324,0.033107237764829156,0
2016-07-31,KOTAKBANK.NS,0.09863790980972609,0.0008420969189071315,0.09771352862942462,0.06488508189242313,0.06531794643252953,0.056843620565297126,0.033107237764829156,1
2016-07-31,AXISBANK.NS,-0.038784663168312083,0.03328390026987904,-0.06974710766263548,0.08630680006929019,0.16692848819730965,0.09283183199879264,0.033107237764829156,1
2016-07-31,SBIN.NS,-0.1393700612906097,0.04844611701226298,-0.17913765453020025,0.11811831983429578,0.2296989187795746,0.10069737926684175,0.033107237764829156,1
2016-07-31,BAJFINANCE.NS,0.8888588789908665,0.29817599993080157,0.45500985928837934,0.09645136293283187,0.5201308122972674,0.06155122967002513,0.033107237764829156,1
2016-07-31,ASIANPAINT.NS,0.27218330271821634,0.11048540319699107,0.14561010802637386,0.06639172346645411,0.29304019478170695,0.039267493486782046,0.033107237764829156,1
2016-07-31,MARUTI.NS,0.10496383833796963,0.13622456841606878,-0.027512809480680134,0.08292508425640266,0.2537653419490771,0.06961402019460361,0.033107237764829156,1
2016-07-31,HCLTECH.NS,-0.22550366858156468,0.030802851188474367,-0.2486474687904946,0.07212156641696647,0.011767761975986613,0.04165068081097334,0.033107237764829156,1
2016-07-31,SUNPHARMA.NS,0.01254639801626678,0.08760346794321805,-0.0690114293850983,0.06955071990796714,0.022987970242722255,-0.06542563609280028,0.033107237764829156,0
2016-07-31,TITAN.NS,0.31045100789973223,0.03729236911491385,0.2633381358217213,0.07801037909636682,0.1840404002448801,-0.00688188480383789,0.033107237764829156,0
2016-07-31,ULTRACEMCO.NS,0.18746598137559545,0.09309435990026005,0.08633437783353526,0.06955479625301257,0.1793783293626443,0.08350808422562084,0.033107237764829156,1
2016-07-31,WIPRO.NS,-0.03302523888119202,-0.02137806108635476,-0.011901611165356263,0.05724394117976853,-0.015022710743903267,-0.09797268871657738,0.033107237764829156,0
2016-07-31,ADANIENT.NS,-0.06488270851791411,-0.07031687724179658,0.005845183795270215,0.11866679658958627,-0.06978082052665191,-0.09733416028002762,0.033107237764829156,0
2016-07-31,NESTLEIND.NS,0.13943759609086448,0.1072034312804937,0.029113136664588923,0.07488511809097771,0.26169591845222495,-0.09060141481522721,0.033107237764829156,0
2016-07-31,POWERGRID.NS,0.25960428246659517,0.07909222118726889,0.16728140351222098,0.0613912004645919,0.22733590962409522,0.04374987120484097,0.033107237764829156,1
2016-07-31,NTPC.NS,0.20573328574947092,0.01311584887982331,0.1901238018165643,0.07065894377358815,0.13675512185912297,0.00568366240334317,0.033107237764829156,0
2016-07-31,TECHM.NS,-0.05813984154674978,-0.011675282277648247,-0.04701345462266859,0.08274064216007343,0.028170779375645605,-0.039245888400897044,0.033107237764829156,0
2016-07-31,BAJAJFINSV.NS,0.47736438331992037,0.17328569851682007,0.2591684916874839,0.08544609722798706,0.4524753028397692,0.089357296247635,0.033107237764829156,1
2016-07-31,JSWSTEEL.NS,1.025173467505721,0.14988247162685098,0.7612003987159752,0.0708372574739779,0.2262090084023507,0.0465019051234592,0.033107237764829156,1
2016-07-31,ONGC.NS,-0.17323337715797593,0.017567961520808195,-0.1875072190693009,0.08819896224459323,0.013118468968144503,0.08823600454530056,0.033107237764829156,1
2016-07-31,TATASTEEL.NS,0.4704333331232631,0.12765967215681795,0.30396906924128886,0.11960360662854896,0.03403592252307219,0.04238841890570311,0.033107237764829156,1
2016-07-31,COALINDIA.NS,-0.18271062908219549,0.047923213783746865,-0.22008658633793454,0.07621303542105272,0.1386910444316387,0.016768316556550422,0.033107237764829156,0
2016-07-31,HINDALCO.NS,0.2869009473527353,0.08709827931612102,0.1837944846737385,0.136274452635835,0.38609255942596254,0.19243724992721778,0.033107237764829156,1
2016-07-31,GRASIM.NS,0.3260788157707799,0.049050157211179224,0.26407570377384104,0.04901773026554442,0.19765091330368856,-0.0459189681074611,0.033107237764829156,0
2016-07-31,ADANIPORTS.NS,-0.2816828228764,0.12351934574794132,-0.3606543760531272,0.11932412891593591,-0.02434925839403579,0.13145440756870808,0.033107237764829156,1
2016-07-31,DRREDDY.NS,-0.27582647878915356,-0.12712443974319876,-0.17035880693257865,0.08464938064069667,-0.044321681476945596,0.05263428497315892,0.033107237764829156,1
2016-07-31,CIPLA.NS,-0.25410208215491836,0.05269471164790285,-0.2914394747196528,0.06505966106631225,-0.017877061886650947,0.08636713472561275,0.033107237764829156,1
2016-07-31,BRITANNIA.NS,-0.06317378415247887,0.07085000579875134,-0.12515645442917223,0.07800716038620593,0.03207642690811019,0.17954534792037768,0.033107237764829156,1
2016-07-31,EICHERMOT.NS,0.18418765978226515,0.16847264648822224,0.013449192277862565,0.07494184608177475,0.12108059981317121,0.012915830595279676,0.033107237764829156,0
2016-07-31,HEROMOTOCO.NS,0.21111445478949697,0.007834392666280277,0.20169986617089775,0.06764291255596257,0.10552582724867321,0.10558349289190705,0.033107237764829156,1
2016-07-31,BPCL.NS,0.3575082717458935,0.10553513714470375,0.2279196075594374,0.08336147716100396,0.23018767694809394,0.01678920395238226,0.033107237764829156,0
2016-07-31,INDUSINDBK.NS,0.21254252470735557,0.057619693600111876,0.14648255137902177,0.060532495526642686,0.12553726278361577,0.00897354867634026,0.033107237764829156,0
2016-07-31,APOLLOHOSP.NS,0.005814258246415571,0.03527176529201137,-0.028453888180063447,0.06646989923064255,0.03791494830010822,-0.00877460222065074,0.033107237764829156,0
2016-07-31,TATACONSUM.NS,0.013908624037933581,0.08346037070905976,-0.06419408457515485,0.07510260555469629,0.18408979714953833,0.002653128125774007,0.033107237764829156,0
2016-08-31,RELIANCE.NS,0.2524065572885694,0.04443802529837315,0.19912003101455844,0.05237965910109011,0.10664528128257644,0.022358391064579486,-0.024704932568299975,1
2016-08-31,TCS.NS,-0.0032825857534943825,-0.04123276530290354,0.039582265826385576,0.06485520755095342,-0.009914124433717753,-0.03205488585908556,-0.024704932568299975,0
2016-08-31,HDFCBANK.NS,0.267018012134707,0.0361095556367923,0.22286104325714695,0.04233062116277598,0.10144484941061505,-0.014211523340167842,-0.024704932568299975,1
2016-08-31,INFY.NS,-0.0336727911127267,-0.035386465989651894,0.0017765403620251252,0.07032612698411526,-0.16076467193185318,0.00019304674615505668,-0.024704932568299975,1
2016-08-31,ICICIBANK.NS,-0.05250190977950042,-0.018638312028523063,-0.03450674523577035,0.10544305491018231,0.0762712549280693,-0.022674546635351733,-0.024704932568299975,1
2016-08-31,HINDUNILVR.NS,0.08597150796608144,-0.0059616933452206755,0.09248456593255794,0.057536878031356015,0.09310464945917984,-0.053650390730649256,-0.024704932568299975,0
2016-08-31,BHARTIARTL.NS,-0.06024007278442922,-0.08035624274452813,0.021873872139503536,0.0792285159587996,-0.05248444829125509,-0.05321876163921857,-0.024704932568299975,0
2016-08-31,ITC.NS,0.2298931692853765,0.03010491989286601,0.19394941770910967,0.08002179887664862,0.11116645414877158,-0.07190929594652384,-0.024704932568299975,0
2016-08-31,LT.NS,-0.03472545706223373,-0.017511010599371324,-0.017521261457967285,0.08796430696176276,0.03936275252926058,-0.052744598396957776,-0.024704932568299975,0
2016-08-31,KOTAKBANK.NS,0.23894577261289074,0.056843620565297126,0.17230756613754128,0.058050801084339104,0.08153646778098445,-0.03705552989275551,-0.024704932568299975,0
2016-08-31,AXISBANK.NS,0.18647214927631883,0.09283183199879264,0.08568593495877375,0.07421950635842749,0.16931521571075092,-0.09298834585381055,-0.024704932568299975,0
2016-08-31,SBIN.NS,0.03422872377507202,0.10069737926684175,-0.0603877657417915,0.1074694319922413,0.24818975964534928,-0.004950463315811837,-0.024704932568299975,1
2016-08-31,BAJFINANCE.NS,1.2008325442612904,0.06155122967002513,1.0732231123178124,0.0936000337645942,0.45215281492871084,-0.041058616079026056,-0.024704932568299975,0
2016-08-31,ASIANPAINT.NS,0.3754230774585894,0.039267493486782046,0.3234543426774492,0.06259250651000813,0.18198670265093964,0.0024181315736553355,-0.024704932568299975,1
2016-08-31,MARUTI.NS,0.22115474634348886,0.06961402019460361,0.14167795418511275,0.0777141818959261,0.2227979254636252,0.0838306393769701,-0.024704932568299975,1
2016-08-31,HCLTECH.NS,-0.1750308283100076,0.04165068081097334,-0.20801744107946474,0.07059917340717509,0.06016618237150961,0.027423062006513454,-0.024704932568299975,1
2016-08-31,SUNPHARMA.NS,-0.13428229635805355,-0.06542563609280028,-0.0736770265957033,0.06161454192135252,0.016912832969847802,-0.041250386993755384,-0.024704932568299975,0
2016-08-31,TITAN.NS,0.24691755619293443,-0.00688188480383789,0.25555816283407684,0.07281025989185515,0.16088753056063587,-0.05591380215512698,-0.024704932568299975,0
2016-08-31,ULTRACEMCO.NS,0.3979890369037158,0.08350808422562084,0.2902432914497848,0.07146514152053575,0.2520247097439112,-0.04397186679978515,-0.024704932568299975,0
2016-08-31,WIPRO.NS,-0.13073698733574224,-0.09797268871657738,-0.03632295631109783,0.05772728960361314,-0.09702662324859546,-0.025831264016848432,-0.024704932568299975,0
2016-08-31,ADANIENT.NS,-0.02111546043546675,-0.09733416028002762,0.08443733715258972,0.1159439476914702,-0.0006863211947875092,-0.09752758606945955,-0.024704932568299975,0
2016-08-31,NESTLEIND.NS,0.10429403378479951,-0.09060141481522721,0.21431246075715826,0.07366323813005692,0.07211774179481689,-0.014205573127448412,-0.024704932568299975,1
2016-08-31,POWERGRID.NS,0.42892461395180503,0.04374987120484097,0.36902973918678605,0.05646556919431062,0.22466644585910722,-0.031002184630481988,-0.024704932568299975,0
2016-08-31,NTPC.NS,0.34837220824144466,0.00568366240334317,0.34075182748734134,0.06429364605484271,0.11246944103529755,-0.06044700638864797,-0.024704932568299975,0
2016-08-31,TECHM.NS,-0.06751795571083397,-0.039245888400897044,-0.0294269542733262,0.08028062895266279,-0.11126425394321271,-0.10441545597579938,-0.024704932568299975,0
2016-08-31,BAJAJFINSV.NS,0.6413021265260461,0.089357296247635,0.5066701551269013,0.08687141691688736,0.6298025189630625,0.03445889176431183,-0.024704932568299975,1
2016-08-31,JSWSTEEL.NS,0.9152561216983681,0.0465019051234592,0.8301506307075659,0.05927326473604893,0.26849647507661745,-0.013547488821318399,-0.024704932568299975,1
2016-08-31,ONGC.NS,0.02529380479924237,0.08823600454530056,-0.05783874038642689,0.06994790360703287,0.13651564853401843,0.08611928986300721,-0.024704932568299975,1
2016-08-31,TATASTEEL.NS,0.6789666351303512,0.04238841890570311,0.6106919500246619,0.10380046285120509,0.13186523646708004,0.011213161842055452,-0.024704932568299975,1
2016-08-31,COALINDIA.NS,-0.004100409087096524,0.016768316556550422,-0.020524563269558094,0.06417016270623897,0.14447504132160427,-0.033583178227287735,-0.024704932568299975,0
2016-08-31,HINDALCO.NS,1.016671126618955,0.19243724992721778,0.6912178202601817,0.12589170755220225,0.513064257790683,-0.034993652305209344,-0.024704932568299975,0
2016-08-31,GRASIM.NS,0.3641901679208561,-0.0459189681074611,0.4298472795490069,0.06046382162409817,0.07179345841811324,0.04215757720351965,-0.024704932568299975,1
2016-08-31,ADANIPORTS.NS,-0.2568813171992216,0.13145440756870808,-0.3432181819879011,0.11210078157908004,0.3684622350364388,-0.02357860111975152,-0.024704932568299975,1
2016-08-31,DRREDDY.NS,-0.2778475854041419,0.05263428497315892,-0.3139569697615613,0.07448477822636079,-0.02385432647084096,0.005679937606188901,-0.024704932568299975,1
2016-08-31,CIPLA.NS,-0.16008211455683818,0.08636713472561275,-0.22685631901474756,0.06407345307342452,0.2122079016709868,0.015891928019349244,-0.024704932568299975,1
2016-08-31,BRITANNIA.NS,0.18939719304249336,0.17954534792037768,0.008352239394174399,0.0791625716279643,0.2877372586882554,-0.02790029791880233,-0.024704932568299975,0
2016-08-31,EICHERMOT.NS,0.20304040818381575,0.012915830595279676,0.18770027266411837,0.0704459012883202,0.23072254696874817,0.09128627839002523,-0.024704932568299975,1
2016-08-31,HEROMOTOCO.NS,0.49845809060296764,0.10558349289190705,0.35535497792519233,0.06715055807661148,0.1427762408059401,-0.027376349574983805,-0.024704932568299975,0
2016-08-31,BPCL.NS,0.4113380768016899,0.01678920395238226,0.38803408938219297,0.0802154977371481,0.2476519596468547,0.01659487053171116,-0.024704932568299975,1
2016-08-31,INDUSINDBK.NS,0.38816291330003283,0.00897354867634026,0.37581695290341965,0.05845039312921976,0.0800317765054015,0.008219643652155773,-0.024704932568299975,1
2016-08-31,APOLLOHOSP.NS,0.011606446445702634,-0.00877460222065074,0.020561467363541253,0.06037770879674826,-0.013987316896331037,-0.027075048500617593,-0.024704932568299975,0
2016-08-31,TATACONSUM.NS,0.19169834741918756,0.002653128125774007,0.18854498528996722,0.06615082034448089,0.2104216193759656,-0.00463448805398059,-0.024704932568299975,1
2016-09-30,RELIANCE.NS,0.27090523410241185,0.022358391064579486,0.24311126627426716,0.05267008813598339,0.11819639829471784,-0.026529551214181657,0.005235074172414089,0
2016-09-30,TCS.NS,-0.044178756414456344,-0.03205488585908556,-0.012525369856462465,0.06586485271034627,-0.04543559302911415,-0.010557515478812007,0.005235074172414089,0
2016-09-30,HDFCBANK.NS,0.2006894487390951,-0.014211523340167842,0.2179990709644084,0.042094541510142226,0.08194137817494584,-0.010841627804087262,0.005235074172414089,0
2016-09-30,INFY.NS,-0.08967448352972429,0.00019304674615505668,-0.08985018499002562,0.06624498337535766,-0.11509208179341612,-0.026882941043459674,0.005235074172414089,0
2016-09-30,ICICIBANK.NS,-0.04812548022396412,-0.022674546635351733,-0.02604141077160349,0.09704012106294453,0.04822258671268975,0.09795774285870751,0.005235074172414089,1
2016-09-30,HINDUNILVR.NS,0.08592121933918961,-0.053650390730649256,0.14748419474447494,0.05496642493871198,-0.03416618746337852,-0.036123846506034285,0.005235074172414089,0
2016-09-30,BHARTIARTL.NS,-0.06693087141963638,-0.05321876163921857,-0.014482870197299658,0.08404624649056346,-0.14057409063332216,0.015445775579698617,0.005235074172414089,1
2016-09-30,ITC.NS,0.12878142229930356,-0.07190929594652384,0.2162404141850598,0.06904355477838432,-0.017304781771339983,0.0072508670113067275,0.005235074172414089,1
2016-09-30,LT.NS,-0.010556356571791325,-0.052744598396957776,0.044537346267723876,0.08163387537960455,-0.03055678260153072,0.03317863320280323,0.005235074172414089,1
2016-09-30,KOTAKBANK.NS,0.19966312101694994,-0.03705552989275551,0.24582793531525415,0.05470190119573461,0.018538706832473162,0.05450427992321538,0.005235074172414089,1
2016-09-30,AXISBANK.NS,0.1024152006338519,-0.09298834585381055,0.21543664361358683,0.07883653624209445,0.02420258262647268,-0.1005817776298299,0.005235074172414089,0
2016-09-30,SBIN.NS,0.07337164065408253,-0.004950463315811837,0.078711763668458,0.09672373234236087,0.14830895024947943,0.026865671245293266,0.005235074172414089,1
2016-09-30,BAJFINANCE.NS,1.0652059640195075,-0.041058616079026056,1.1536310755253631,0.09771267695584024,0.32149825789794373,0.015768459703730198,0.005235074172414089,1
2016-09-30,ASIANPAINT.NS,0.3902169629975729,0.0024181315736553355,0.38686334495479247,0.06101124950418505,0.1568821263427671,-0.07822836091250684,0.005235074172414089,0
2016-09-30,MARUTI.NS,0.17709403711164362,0.0838306393769701,0.08604978891193293,0.07097210959542498,0.3172029260135354,0.07281850691158454,0.005235074172414089,1
2016-09-30,HCLTECH.NS,-0.16198674705138738,0.027423062006513454,-0.1843542510015218,0.06530472720124779,0.10318163411352566,-0.038649629167521904,0.005235074172414089,0
2016-09-30,SUNPHARMA.NS,-0.14079418309663927,-0.041250386993755384,-0.1038266871271587,0.05974966337947896,-0.02548248479057791,0.0009426628219340039,0.005235074172414089,0
2016-09-30,TITAN.NS,0.2510849221488709,-0.05591380215512698,0.3251808203581452,0.06670917213035023,-0.02744597561739681,-0.054543249806932925,0.005235074172414089,0
2016-09-30,ULTRACEMCO.NS,0.44470178014524087,-0.04397186679978515,0.5111498605268412,0.06954026181091309,0.13229732674267014,0.034051053068321124,0.005235074172414089,1
2016-09-30,WIPRO.NS,-0.19008890606177964,-0.025831264016848432,-0.1686131323842568,0.05674855575125268,-0.14005866967426273,-0.035181117246889215,0.005235074172414089,0
2016-09-30,ADANIENT.NS,-0.17886539851519023,-0.09752758606945955,-0.09012775481023283,0.11844289244371146,-0.2426512900399006,0.018264946477321464,0.005235074172414089,1
2016-09-30,NESTLEIND.NS,0.019838627198567327,-0.014205573127448412,0.03453478676484445,0.06996240174071854,-0.0074142047254587284,0.08594956605299298,0.005235074172414089,1
2016-09-30,POWERGRID.NS,0.35235337549586654,-0.031002184630481988,0.39562066502715454,0.059442964355108686,0.09138453295452198,-0.003681869544341687,0.005235074172414089,0
2016-09-30,NTPC.NS,0.22464452815084623,-0.06044700638864797,0.3034331607456118,0.06698110824411095,-0.042713829312946205,0.028716374360082453,0.005235074172414089,1
2016-09-30,TECHM.NS,-0.22833936223158258,-0.10441545597579938,-0.13837209125890682,0.07239711721991508,-0.1496093064484021,0.03763242747090123,0.005235074172414089,1
2016-09-30,BAJAJFINSV.NS,0.7766906090073962,0.03445889176431183,0.7175072138218832,0.09039520850347899,0.3221701878035719,0.10218116659168097,0.005235074172414089,1
2016-09-30,JSWSTEEL.NS,0.9547476969424475,-0.013547488821318399,0.9815933101602428,0.06753879345854104,0.18705176969057158,-0.04076680590534665,0.005235074172414089,0
2016-09-30,ONGC.NS,0.15932746954323385,0.08611928986300721,0.06740344303198986,0.07344130534061967,0.20271864089742997,0.11786475773968874,0.005235074172414089,1
2016-09-30,TATASTEEL.NS,0.800012320093096,0.011213161842055452,0.7800523055041542,0.09954447684575973,0.18863999902050765,0.08336668025843275,0.005235074172414089,1
2016-09-30,COALINDIA.NS,0.07629784855582744,-0.033583178227287735,0.11369941448407195,0.061130657204191134,0.02971240937836117,0.007756526792404461,0.005235074172414089,1
2016-09-30,HINDALCO.NS,1.1705829358496675,-0.034993652305209344,1.2492939461328527,0.12195256452464438,0.25093433419216415,-0.019973726577582562,0.005235074172414089,0
2016-09-30,GRASIM.NS,0.38340587926225433,0.04215757720351965,0.32744405406946764,0.06459050610517533,0.043073484163302034,-0.0020779236874263196,0.005235074172414089,0
2016-09-30,ADANIPORTS.NS,-0.13741308601556712,-0.02357860111975152,-0.11658335737659986,0.11275752757737567,0.2412375406140248,0.19571571661839404,0.005235074172414089,1
2016-09-30,DRREDDY.NS,-0.2492659283568659,0.005679937606188901,-0.25350596788268465,0.06476993749844438,-0.07596242563688793,0.08240019661072107,0.005235074172414089,1
2016-09-30,CIPLA.NS,-0.08489067710552756,0.015891928019349244,-0.09920603003645212,0.06380259581701316,0.16178715212060912,-0.008447487536406562,0.005235074172414089,0
2016-09-30,BRITANNIA.NS,0.09917119101758498,-0.02790029791880233,0.130718576154623,0.07936521335428441,0.22787482597415232,-0.015472530148489039,0.005235074172414089,0
2016-09-30,EICHERMOT.NS,0.40312250217626855,0.09128627839002523,0.28575107188765836,0.07104354285712956,0.2916076343215519,-0.032536223482085846,0.005235074172414089,0
2016-09-30,HEROMOTOCO.NS,0.45907895834641055,-0.027376349574983805,0.500147521303665,0.06415104481055561,0.0837411056040569,-0.01811807611025662,0.005235074172414089,0
2016-09-30,BPCL.NS,0.4895718952283694,0.01659487053171116,0.46525615897439687,0.07936946646795426,0.14275042281082384,0.0921482997970775,0.005235074172414089,1
2016-09-30,INDUSINDBK.NS,0.27423602575672157,0.008219643652155773,0.2638476484557999,0.059519132291349856,0.07588156176743732,0.003219281333521451,0.005235074172414089,0
2016-09-30,APOLLOHOSP.NS,-0.08501126295739825,-0.027075048500617593,-0.059548492787130924,0.058773411627252414,-0.001596413503239913,0.020252868135886004,0.005235074172414089,1
2016-09-30,TATACONSUM.NS,0.11006725544094809,-0.00463448805398059,0.11523580244474974,0.07047571715304068,0.08130032363654416,0.0025072376069168456,0.005235074172414089,0
2016-10-31,RELIANCE.NS,0.12570193864469426,-0.026529551214181657,0.15638018601257975,0.05482982278722115,0.039461990173903505,-0.061519478544372674,-0.04836803334071843,0
2016-10-31,TCS.NS,-0.02121000910131332,-0.010557515478812007,-0.010766157496922446,0.06241719750459026,-0.08176367353433545,-0.051131747217659784,-0.04836803334071843,0
2016-10-31,HDFCBANK.NS,0.15440531353303655,-0.010841627804087262,0.16705812333193792,0.04227328904925934,0.01031138600157644,-0.047218395011699554,-0.04836803334071843,1
2016-10-31,INFY.NS,-0.10173284917891212,-0.026882941043459674,-0.0769176816360746,0.06053182447168273,-0.06113690527055382,-0.022005086636032734,-0.04836803334071843,1
2016-10-31,ICICIBANK.NS,0.020027857781263814,0.09795774285870751,-0.07097712601811135,0.09838239753203167,0.053061983522838974,-0.04081626810950223,-0.04836803334071843,1
2016-10-31,HINDUNILVR.NS,0.056307074687024894,-0.036123846506034285,0.0958950181078817,0.05449351343543052,-0.09327421973979655,0.017480367185612966,-0.04836803334071843,1
2016-10-31,BHARTIARTL.NS,-0.08292071425279468,0.015445775579698617,-0.09687025363450619,0.07542757902941374,-0.11584988537872509,0.018033576312359134,-0.04836803334071843,1
2016-10-31,ITC.NS,0.1170907945727957,0.0072508670113067275,0.10904922612516965,0.0637158338159464,-0.037037147455612596,-0.04360342188164157,-0.04836803334071843,1
2016-10-31,LT.NS,0.06248919295101585,0.03317863320280323,0.028369304983932198,0.08075477442736946,-0.03845370549532279,-0.06615117784157376,-0.04836803334071843,0
2016-10-31,KOTAKBANK.NS,0.1922908256664564,0.05450427992321538,0.13066475723860882,0.052194977490639026,0.07314972954152732,-0.07798843492540508,-0.04836803334071843,0
2016-10-31,AXISBANK.NS,0.03376731793960919,-0.1005817776298299,0.1493733307019276,0.08259977220307639,-0.10848657762669245,-0.03501741121476831,-0.04836803334071843,1
2016-10-31,SBIN.NS,0.10267336279171935,0.026865671245293266,0.07382435080772831,0.089241000031081,0.12467300117924696,0.0013566399102817872,-0.04836803334071843,1
2016-10-31,BAJFINANCE.NS,1.0611771144416022,0.015768459703730198,1.0291800702719072,0.09952922124647123,0.034017151755778574,-0.14241751743189712,-0.04836803334071843,0
2016-10-31,ASIANPAINT.NS,0.2949017697574672,-0.07822836091250684,0.4047967141182105,0.0636875395828402,-0.03971620810145016,-0.09121595837972007,-0.04836803334071843,0
2016-10-31,MARUTI.NS,0.3299655779741346,0.07281850691158454,0.2396929857248844,0.061430463018764,0.2436975186651198,-0.1038350500257319,-0.04836803334071843,0
2016-10-31,HCLTECH.NS,-0.09755669012935964,-0.038649629167521904,-0.061275329733141315,0.06137218693754926,0.02885248311823374,0.053265955404606435,-0.04836803334071843,1
2016-10-31,SUNPHARMA.NS,-0.1632225960089101,0.0009426628219340039,-0.16401065208672072,0.06024520586154571,-0.10313254288808582,-0.04519797355497812,-0.04836803334071843,1
2016-10-31,TITAN.NS,0.074347140856035,-0.054543249806932925,0.13632605683617793,0.06568823939568176,-0.11355005140493857,-0.13398467292872906,-0.04836803334071843,0
2016-10-31,ULTRACEMCO.NS,0.38379851296574263,0.034051053068321124,0.33823035996106987,0.06365296675967981,0.07113647829226544,-0.09522421098259892,-0.04836803334071843,0
2016-10-31,WIPRO.NS,-0.18448033760039229,-0.035181117246889215,-0.154743261167814,0.05067791708237384,-0.15218778512248932,0.006816597436860805,-0.04836803334071843,1
2016-10-31,ADANIENT.NS,-0.2683840324405091,0.018264946477321464,-0.2815072638113394,0.11077785694369302,-0.17048978868818088,0.017189960526353687,-0.04836803334071843,1
2016-10-31,NESTLEIND.NS,0.14224920881841974,0.08594956605299298,0.05184369930737609,0.06879471617549032,-0.02646787103779913,-0.0996386829349245,-0.04836803334071843,0
2016-10-31,POWERGRID.NS,0.38504805036856204,-0.003681869544341687,0.3901664619262937,0.06137284938146442,0.0076675339991783,0.0909608715074024,-0.04836803334071843,1
2016-10-31,NTPC.NS,0.17395872919779465,0.028716374360082453,0.14118794884358743,0.06123197197153573,-0.02797300049833873,0.07159291107049737,-0.04836803334071843,1
2016-10-31,TECHM.NS,-0.17227079444936533,0.03763242747090123,-0.20229053792379958,0.0751802336785469,-0.10718315162436642,0.11373805713020935,-0.04836803334071843,1
2016-10-31,BAJAJFINSV.NS,0.7209182951956981,0.10218116659168097,0.5613751598726395,0.09497850102048588,0.24204282202387328,-0.11622132353427217,-0.04836803334071843,0
2016-10-31,JSWSTEEL.NS,0.831598490876515,-0.04076680590534665,0.9094402718258934,0.07173438369114828,-0.009760137499074117,0.04228832019158513,-0.04836803334071843,1
2016-10-31,ONGC.NS,0.20360814127254878,0.11786475773968874,0.0767028237890175,0.07526792623578817,0.32126485205609545,0.023585051592990958,-0.04836803334071843,1
2016-10-31,TATASTEEL.NS,0.6812065302401826,0.08336668025843275,0.5518351827463785,0.09559558339659868,0.14195177991800678,0.0236773334204059,-0.04836803334071843,1
2016-10-31,COALINDIA.NS,0.11075343986746367,0.007756526792404461,0.10220416374070918,0.058176621227813134,-0.00975626112590433,-0.04987658921921212,-0.04836803334071843,0
2016-10-31,HINDALCO.NS,0.7918830377994348,-0.019973726577582562,0.8284030606055857,0.10934116943018934,0.1277255581765131,0.17440682213522973,-0.04836803334071843,1
2016-10-31,GRASIM.NS,0.3083073132605392,-0.0020779236874263196,0.31103153674570616,0.06623604019411274,-0.007763308639118671,-0.09841487994934428,-0.04836803334071843,0
2016-10-31,ADANIPORTS.NS,0.040983051286091365,0.19571571661839404,-0.129405897389977,0.11732209875186088,0.3209983797661464,-0.09478827293514014,-0.04836803334071843,0
2016-10-31,DRREDDY.NS,-0.2097236945344778,0.08240019661072107,-0.2698852901726325,0.06812820665174536,0.14584311636823966,-0.049517671669737306,-0.04836803334071843,0
2016-10-31,CIPLA.NS,-0.16411279273983403,-0.008447487536406562,-0.15699148884879965,0.06374137458719276,0.09430868882185073,-0.014865686573964587,-0.04836803334071843,1
2016-10-31,BRITANNIA.NS,0.031972074271812145,-0.015472530148489039,0.04819022919437366,0.08002020497116206,0.128894326156342,-0.08425545206733731,-0.04836803334071843,0
2016-10-31,EICHERMOT.NS,0.3612307169788409,-0.032536223482085846,0.4070094922604428,0.07086759615035126,0.0694162190579728,-0.09992499502184171,-0.04836803334071843,0
2016-10-31,HEROMOTOCO.NS,0.3289161528350708,-0.01811807611025662,0.35343784267923484,0.06259370422858726,0.05583398374980986,-0.0554318926021814,-0.04836803334071843,0
2016-10-31,BPCL.NS,0.5887349640813146,0.0921482997970775,0.4546879433649291,0.07797806243292736,0.1289129485188627,-0.037516073376232195,-0.04836803334071843,1
2016-10-31,INDUSINDBK.NS,0.32116439951612286,0.003219281333521451,0.31692484793551357,0.05720517941015733,0.020541820209729833,-0.09430730260516573,-0.04836803334071843,0
2016-10-31,APOLLOHOSP.NS,0.02514751014088601,0.020252868135886004,0.004797479289563755,0.06202869976263766,-0.016080456523259734,-0.10798509182561655,-0.04836803334071843,0
2016-10-31,TATACONSUM.NS,0.06573469449184022,0.0025072376069168456,0.06306932709618485,0.08384022420541182,0.0005085832192615047,-0.11504118797225937,-0.04836803334071843,0
2016-11-30,RELIANCE.NS,0.035257042721692056,-0.061519478544372674,0.10312043676299187,0.05379990438439472,-0.06599069840163474,0.09327806942340544,-0.022623863607856676,1
2016-11-30,TCS.NS,-0.023657062111950622,-0.051131747217659784,0.028955215884972407,0.06842791359131244,-0.0912441860719041,0.03932278118448873,-0.022623863607856676,1
2016-11-30,HDFCBANK.NS,0.12219494527565167,-0.047218395011699554,0.17780920559379543,0.04288033657570284,-0.07094177574598359,0.005502008318648555,-0.022623863607856676,1
2016-11-30,INFY.NS,-0.08310205859992159,-0.022005086636032734,-0.062471666395212844,0.06449542807500176,-0.0481127429623015,0.035928409631805325,-0.022623863607856676,1
2016-11-30,ICICIBANK.NS,-0.009266588576674173,-0.04081626810950223,0.03289221708404644,0.09820920861368737,0.029263660532063085,-0.038599198058808626,-0.022623863607856676,0
2016-11-30,HINDUNILVR.NS,0.05974883585880919,0.017480367185612966,0.041542294118275924,0.05428142266308011,-0.07189122022818017,-0.020912212266037566,-0.022623863607856676,1
2016-11-30,BHARTIARTL.NS,-0.0253352856804534,0.018033576312359134,-0.04260062045292101,0.08000545913766988,-0.021257420513498326,-0.058379392111882034,-0.022623863607856676,0
2016-11-30,ITC.NS,0.03288722155875168,-0.04360342188164157,0.07997795599696,0.06488080681287997,-0.10594119177265016,0.039354865491136204,-0.022623863607856676,1
2016-11-30,LT.NS,0.018297624191511153,-0.06615117784157376,0.09043091347258603,0.06426547176542442,-0.08605706093278143,-0.024335514949675785,-0.022623863607856676,0
2016-11-30,KOTAKBANK.NS,0.09184312011774542,-0.07798843492540508,0.18419677309515126,0.053414383643262286,-0.06376265850504026,-0.04732269999575378,-0.022623863607856676,0
2016-11-30,AXISBANK.NS,0.011935603516170623,-0.03501741121476831,0.04865685171589029,0.08327360778220462,-0.21278379246595158,-0.04235399801226891,-0.022623863607856676,0
2016-11-30,SBIN.NS,0.0526577512347699,0.0013566399102817872,0.05123160847975661,0.0910011095044063,0.023168400935784428,-0.031546423474036134,-0.022623863607856676,0
2016-11-30,BAJFINANCE.NS,0.665977127715113,-0.14241751743189712,0.9426436075585456,0.11940684669896716,-0.16466113811920302,-0.0843661913624163,-0.022623863607856676,0
2016-11-30,ASIANPAINT.NS,0.16576904179930363,-0.09121595837972007,0.2827789534253293,0.07579366342158166,-0.16028299646311295,-0.08129709139642072,-0.022623863607856676,0
2016-11-30,MARUTI.NS,0.16413215876719622,-0.1038350500257319,0.29901549798463156,0.07214231695664244,0.04201899335132864,0.010169068619857224,-0.022623863607856676,1
2016-11-30,HCLTECH.NS,-0.04866864761702305,0.053265955404606435,-0.09677954793713217,0.06634096236991964,0.04032504712448537,0.030044770623750994,-0.022623863607856676,1
2016-11-30,SUNPHARMA.NS,-0.025754689164969813,-0.04519797355497812,0.02036368152924939,0.0655837354439802,-0.08372099794930776,-0.11242602444178518,-0.022623863607856676,0
2016-11-30,TITAN.NS,-0.14654279554116534,-0.13398467292872906,-0.014501039669708837,0.0749045779944666,-0.22700106823322785,0.010200706020478734,-0.022623863607856676,1
2016-11-30,ULTRACEMCO.NS,0.29004341583947135,-0.09522421098259892,0.4258155793939582,0.07374149076112975,-0.10555503332045335,-0.09803105708111304,-0.022623863607856676,0
2016-11-30,WIPRO.NS,-0.1747434951892538,0.006816597436860805,-0.18033084981746206,0.053956296633020345,-0.053696713202755375,0.019774296004624325,-0.022623863607856676,1
2016-11-30,ADANIENT.NS,-0.1654930324267656,0.017189960526353687,-0.17959574911512932,0.10973140436305479,-0.06524715794913294,0.1249078565987698,-0.022623863607856676,1
2016-11-30,NESTLEIND.NS,0.08351732075928964,-0.0996386829349245,0.20342500307682165,0.06520512373026227,-0.036142474688940274,-0.039123694316272495,-0.022623863607856676,0
2016-11-30,POWERGRID.NS,0.42838148787549946,0.0909608715074024,0.30928755116750994,0.06707600529360806,0.05324645435641018,-0.043772673945844165,-0.022623863607856676,0
2016-11-30,NTPC.NS,0.2762659119471669,0.07159291107049737,0.19099883804961504,0.06541486831868037,0.035730499534903704,0.009806690177428967,-0.022623863607856676,1
2016-11-30,TECHM.NS,-0.06827598446670469,0.11373805713020935,-0.16342625667826516,0.07239822209643076,0.03498292651378887,0.007625918731448911,-0.022623863607856676,1
2016-11-30,BAJAJFINSV.NS,0.5571901061153117,-0.11622132353427217,0.7619684063238408,0.10197455287671901,0.007650075088391217,-0.03182300110983427,-0.022623863607856676,0
2016-11-30,JSWSTEEL.NS,0.9192790922355372,0.04228832019158513,0.8414089988869402,0.07770896483275487,-0.013747191648853962,-0.05870444849330436,-0.022623863607856676,0
2016-11-30,ONGC.NS,0.27588890054699333,0.023585051592990958,0.24649036107096856,0.07345008099332645,0.242769901116193,-0.006490363274676336,-0.022623863607856676,1
2016-11-30,TATASTEEL.NS,0.8532833906203852,0.0236773334204059,0.8104175311062349,0.10653316654038551,0.12145351172296626,-0.057342456592658464,-0.022623863607856676,0
2016-11-30,COALINDIA.NS,0.02135021809790283,-0.04987658921921212,0.0749658481297526,0.0630932923372992,-0.07466259189730828,-0.02786786747053649,-0.022623863607856676,0
2016-11-30,HINDALCO.NS,1.2955845713198526,0.17440682213522973,0.954675780191885,0.11146200280270557,0.11067361330719439,-0.1177808845876519,-0.022623863607856676,0
2016-11-30,GRASIM.NS,0.17020365370877122,-0.09841487994934428,0.29794029169760816,0.08045838357553355,-0.06235863978477507,-0.008675233967590623,-0.022623863607856676,1
2016-11-30,ADANIPORTS.NS,0.04163911858395619,-0.09478827293514014,0.15071323916832235,0.11086359445411886,0.056854979572281694,-0.03400522250094995,-0.022623863607856676,0
2016-11-30,DRREDDY.NS,0.03370429115970608,-0.049517671669737306,0.08755761190809475,0.07123936834169442,0.03464579170025761,-0.04269752443881014,-0.022623863607856676,0
2016-11-30,CIPLA.NS,-0.11666460792016653,-0.014865686573964587,-0.10333506808038428,0.07008336882194115,-0.00766416400203096,0.003882711708598219,-0.022623863607856676,1
2016-11-30,BRITANNIA.NS,0.04596527537659356,-0.08425545206733731,0.1422020231929424,0.07713206050020689,-0.12357856678218182,-0.04833658205592539,-0.022623863607856676,0
2016-11-30,EICHERMOT.NS,0.29944110779348376,-0.09992499502184171,0.44370313652362414,0.0857789979899269,-0.04971886151029459,0.00847585458228628,-0.022623863607856676,1
2016-11-30,HEROMOTOCO.NS,0.2004916264536496,-0.0554318926021814,0.27094236725911935,0.07142278871721179,-0.09793596397846738,-0.03866050324847292,-0.022623863607856676,0
2016-11-30,BPCL.NS,0.4771577138432488,-0.037516073376232195,0.5347349425614516,0.06978428520280573,0.06861930012952366,-0.013121837428888283,-0.022623863607856676,1
2016-11-30,INDUSINDBK.NS,0.16669475471268402,-0.09430730260516573,0.2881794874449195,0.0656369573097426,-0.08392318593231896,0.019555434412136696,-0.022623863607856676,1
2016-11-30,APOLLOHOSP.NS,-0.09404184586823061,-0.10798509182561655,0.01563118040921818,0.0683298983225455,-0.11455971246132368,-0.012883806331251524,-0.022623863607856676,1
2016-11-30,TATACONSUM.NS,-0.08498100691087296,-0.11504118797225937,0.03396788715229393,0.09606357444811113,-0.11693400001220677,-0.014937441565124332,-0.022623863607856676,1
2016-12-31,RELIANCE.NS,0.07883576867095443,0.09327806942340544,-0.013210089140512693,0.054269413113404136,-0.0011996820296434896,-0.034368072593892296,0.05736748761909671,0
2016-12-31,TCS.NS,-0.011623628100269512,0.03932278118448873,-0.04901885170523823,0.06630114760656892,-0.024231223288325165,-0.054697922977419156,0.05736748761909671,0
2016-12-31,HDFCBANK.NS,0.12378156079698965,0.005502008318648555,0.11763233837406495,0.04229489018761123,-0.05236272034986822,0.0666971000819454,0.05736748761909671,1
2016-12-31,INFY.NS,-0.06519667997987644,0.035928409631805325,-0.09761783601206975,0.06285999319148708,-0.014103271823574959,-0.08113990424733752,0.05736748761909671,0
2016-12-31,ICICIBANK.NS,-0.0030449574644716426,-0.038599198058808626,0.03698170474015461,0.09453094514633714,0.012492722089422426,0.0534665116094899,0.05736748761909671,0
2016-12-31,HINDUNILVR.NS,-0.023447369204543156,-0.020912212266037566,-0.002589305035019418,0.0522040705237646,-0.03978406810476798,0.0351547197705433,0.05736748761909671,0
2016-12-31,BHARTIARTL.NS,-0.09854705079698445,-0.058379392111882034,-0.042658007215019444,0.0766698004704823,-0.02659226300502915,0.13921151558277622,0.05736748761909671,1
2016-12-31,ITC.NS,0.1336322630598208,0.039354865491136204,0.09070761171078434,0.06633297933136621,0.0012430555631988138,0.06807367729199543,0.05736748761909671,1
2016-12-31,LT.NS,0.0707502280126795,-0.024335514949675785,0.09745741945034592,0.05903505715138546,-0.0586470496749143,0.07201108169063186,0.05736748761909671,1
2016-12-31,KOTAKBANK.NS,0.00015922293236814156,-0.04732269999575378,0.0498405104518711,0.05192453573084648,-0.0737450700981378,0.07565649277165121,0.05736748761909671,1
2016-12-31,AXISBANK.NS,0.011261379833443552,-0.04235399801226891,0.05598663570299056,0.08351447491833558,-0.16883708120092333,0.035670730405654494,0.05736748761909671,0
2016-12-31,SBIN.NS,0.12936643990383168,-0.031546423474036134,0.16615444175971184,0.08490106011235034,-0.004179128029578871,0.04056753100948751,0.05736748761909671,0
2016-12-31,BAJFINANCE.NS,0.40639774010247254,-0.0843661913624163,0.5359827551530896,0.12550415429146936,-0.20238659376710044,0.23118032799115218,0.05736748761909671,1
2016-12-31,ASIANPAINT.NS,0.016388103154665545,-0.08129709139642072,0.10632947129727377,0.07914874267386897,-0.23041051507902033,0.08938898783189053,0.05736748761909671,1
2016-12-31,MARUTI.NS,0.1589362924194977,0.010169068619857224,0.14726962883836237,0.07304414401636426,-0.028800886637603385,0.10803553840804003,0.05736748761909671,1
2016-12-31,HCLTECH.NS,-0.001922617404356286,0.030044770623750994,-0.031034950071878287,0.06496972259132654,0.042979678153934664,-0.0202911621090629,0.05736748761909671,0
2016-12-31,SUNPHARMA.NS,-0.23086087973537306,-0.11242602444178518,-0.13343660196785467,0.0724659650640753,-0.15174370290426442,0.0023807593198492683,0.05736748761909671,0
2016-12-31,TITAN.NS,-0.05252718873040374,0.010200706020478734,-0.0620944871420539,0.08186936035511932,-0.1728678287994847,0.10786440424087096,0.05736748761909671,1
2016-12-31,ULTRACEMCO.NS,0.17215762460050144,-0.09803105708111304,0.2995543070554618,0.07396665753317849,-0.1561319661226801,0.13668383585043875,0.05736748761909671,1
2016-12-31,WIPRO.NS,-0.14331858872239434,0.019774296004624325,-0.15993037416808853,0.053079022220792214,-0.009395669912760862,-0.034671668582251014,0.05736748761909671,0
2016-12-31,ADANIENT.NS,-0.07251234412305618,0.1249078565987698,-0.17549899715229877,0.09799859036479673,0.16514455153415875,0.13847174489198033,0.05736748761909671,1
2016-12-31,NESTLEIND.NS,0.04394901016411645,-0.039123694316272495,0.08645514931422649,0.06128906140622434,-0.06050609246740257,-0.029278060051339483,0.05736748761909671,0
2016-12-31,POWERGRID.NS,0.31795797259390635,-0.043772673945844165,0.3782893844211934,0.06787680821469462,0.03936564639331652,0.12915524438567805,0.05736748761909671,1
2016-12-31,NTPC.NS,0.15351488050935092,0.009806690177428967,0.1423125750005394,0.06021842155441626,0.11317572799282649,0.04613057078833949,0.05736748761909671,0
2016-12-31,TECHM.NS,-0.039934085988619805,0.007625918731448911,-0.04720006089159001,0.07325607674931152,0.16446362228828226,-0.07506654199058171,0.05736748761909671,0
2016-12-31,BAJAJFINSV.NS,0.4577704022604381,-0.03182300110983427,0.505685844563029,0.10205792831530656,-0.05691407034393503,0.12125004881250412,0.05736748761909671,1
2016-12-31,JSWSTEEL.NS,0.5848522339100442,-0.05870444849330436,0.6836924719055899,0.0796586863836389,-0.05889500949958926,0.21751153605455253,0.05736748761909671,1
2016-12-31,ONGC.NS,0.2277578670021272,-0.006490363274676336,0.2357785185143264,0.07352084436865332,0.13680318958965265,0.05853140705229998,0.05736748761909671,1
2016-12-31,TATASTEEL.NS,0.5398987826972315,-0.057342456592658464,0.6335718028957731,0.10436733152779426,0.04542410274860198,0.18351428162307082,0.05736748761909671,1
2016-12-31,COALINDIA.NS,-0.004854559817125015,-0.02786786747053649,0.023673024358871197,0.06381581713425147,-0.06919022146355203,0.0306664939751895,0.05736748761909671,0
2016-12-31,HINDALCO.NS,0.8412073612936419,-0.1177808845876519,1.0870182125140917,0.11223927770716369,0.015389686279676074,0.22508859628491162,0.05736748761909671,1
2016-12-31,GRASIM.NS,0.1559891108596363,-0.008675233967590623,0.16610534758075812,0.08317998142822079,-0.10809351448380111,0.05540415085087114,0.05736748761909671,0
2016-12-31,ADANIPORTS.NS,0.03360092770383605,-0.03400522250094995,0.06998604110450546,0.11189888468824406,0.04556945598638795,0.09275480736208053,0.05736748761909671,1
2016-12-31,DRREDDY.NS,-0.009986711192972009,-0.04269752443881014,0.034169778184959254,0.06773458387191177,-0.015125050539211982,-0.013593174906076033,0.05736748761909671,0
2016-12-31,CIPLA.NS,-0.12156001076010603,0.003882711708598219,-0.12495754833271511,0.07242327422322058,-0.019394915451787953,0.011515622693230254,0.05736748761909671,0
2016-12-31,BRITANNIA.NS,-0.02012999009214389,-0.04833658205592539,0.029639252105242875,0.07604431564639597,-0.14200342319840964,0.08458905390403149,0.05736748761909671,1
2016-12-31,EICHERMOT.NS,0.3006085222173618,0.00847585458228628,0.2896774040822998,0.09438522142845875,-0.12182934743240215,0.05620356818589345,0.05736748761909671,0
2016-12-31,HEROMOTOCO.NS,0.15624334683397012,-0.03866050324847292,0.20274195613625023,0.0697445518397568,-0.10840150139506921,0.04228505856512488,0.05736748761909671,0
2016-12-31,BPCL.NS,0.47321330449806087,-0.013121837428888283,0.49280160446543997,0.07483017519681383,0.03738183416985397,0.07261982952554469,0.05736748761909671,1
2016-12-31,INDUSINDBK.NS,0.1481388199804734,0.019555434412136696,0.1261171106821437,0.06916184259241019,-0.07362339148800046,0.13011109539481436,0.05736748761909671,1
2016-12-31,APOLLOHOSP.NS,-0.19194407741901454,-0.012883806331251524,-0.18139735953703862,0.066958342987292,-0.101644535882072,0.04250362578293765,0.05736748761909671,0
2016-12-31,TATACONSUM.NS,-0.15197793727240394,-0.014937441565124332,-0.139118571235737,0.09455057921156305,-0.12607454972580712,0.05614758640054629,0.05736748761909671,0
2017-01-31,RELIANCE.NS,0.020830493834717467,-0.034368072593892296,0.05716315384981607,0.056082619558536405,-0.009242163089276612,0.18451026301407425,0.04292205903718482,1
2017-01-31,TCS.NS,-0.05018514372975447,-0.054697922977419156,0.004773901758344357,0.06837211602691183,-0.06776162763447946,0.10604149713971789,0.04292205903718482,1
2017-01-31,HDFCBANK.NS,0.23561507102325363,0.0666971000819454,0.15835607964841336,0.041774905044531664,0.021921227728467052,0.08040273049696922,0.04292205903718482,1
2017-01-31,INFY.NS,-0.1849194285437764,-0.08113990424733752,-0.11294377106607334,0.056298381356873796,-0.06907277627440678,0.09024345118247612,0.04292205903718482,1
2017-01-31,ICICIBANK.NS,0.19263569054702634,0.0534665116094899,0.1321059354083436,0.08927018632846413,-0.028535312121933498,0.027514244608009886,0.04292205903718482,0
2017-01-31,HINDUNILVR.NS,0.0676206985170702,0.0351547197705433,0.03136340696366946,0.05070020764731006,0.031223825070429756,0.01227478491936651,0.04292205903718482,0
2017-01-31,BHARTIARTL.NS,0.2058374234256053,0.13921151558277622,0.05848422960221389,0.07946909727832698,0.09204974801237564,0.048678862817488566,0.04292205903718482,1
2017-01-31,ITC.NS,0.2395413773032795,0.06807367729199543,0.16053920591510584,0.06609777103240742,0.06170308434835525,0.015885378407058948,0.04292205903718482,0
2017-01-31,LT.NS,0.328945894395799,0.07201108169063186,0.23967551930523334,0.05860025259537662,-0.0232659076558952,0.015868566554792407,0.04292205903718482,0
2017-01-31,KOTAKBANK.NS,0.13319159935219949,0.07565649277165121,0.05348836451709338,0.05726638673252258,-0.0551654001980556,0.036104165710479696,0.04292205903718482,0
2017-01-31,AXISBANK.NS,0.15170828004494497,0.035670730405654494,0.1120409665278852,0.08832151066217138,-0.04292454189964723,0.08723173123415195,0.04292205903718482,1
2017-01-31,SBIN.NS,0.4662013870805837,0.04056753100948751,0.4090401087742719,0.08466098213457789,0.009108489153542232,0.033992812591110866,0.04292205903718482,0
2017-01-31,BAJFINANCE.NS,0.755347772575226,0.23118032799115218,0.4257438432591987,0.12527408826954486,-0.03323840613993512,0.06876259087947867,0.04292205903718482,1
2017-01-31,ASIANPAINT.NS,0.12461616659973429,0.08938898783189053,0.03233663931003483,0.07394089111607884,-0.09046636447386491,0.05511491536354152,0.04292205903718482,1
2017-01-31,MARUTI.NS,0.4490867988758733,0.10803553840804003,0.30779812437950826,0.06825735370242039,0.003080321175520151,0.004792764800232607,0.04292205903718482,0
2017-01-31,HCLTECH.NS,-0.04111286957827376,-0.0202911621090629,-0.021252954616633568,0.06914978299558382,0.0628969826507857,0.043407940870719086,0.04292205903718482,1
2017-01-31,SUNPHARMA.NS,-0.27566155060178665,0.0023807593198492683,-0.2773819303059023,0.07255861548262309,-0.15052497734135473,0.07521816442473783,0.04292205903718482,1
2017-01-31,TITAN.NS,0.0019065138743987742,0.10786440424087096,-0.09564156945639612,0.08708945114736995,-0.030785607180451646,0.20756798572683044,0.04292205903718482,1
2017-01-31,ULTRACEMCO.NS,0.30443614835237276,0.13668383585043875,0.1475804504393481,0.07905743370999553,-0.0723754394398709,0.021681164809479014,0.04292205903718482,0
2017-01-31,WIPRO.NS,-0.1847603603523167,-0.034671668582251014,-0.1554794227883427,0.05301096691613783,-0.008872605882641937,0.07195049959893418,0.04292205903718482,1
2017-01-31,ADANIENT.NS,0.2088345363792521,0.13847174489198033,0.061804600599857595,0.11531695254952563,0.3026905769715804,0.13023525400278202,0.04292205903718482,1
2017-01-31,NESTLEIND.NS,0.07616696862873895,-0.029278060051339483,0.10862536874942297,0.05691481666997702,-0.16019364342608267,0.06876444486534306,0.04292205903718482,1
2017-01-31,POWERGRID.NS,0.42074035845792546,0.12915524438567805,0.25823297152632496,0.06562478641077114,0.17794219997038918,-0.06800862468633095,0.04292205903718482,0
2017-01-31,NTPC.NS,0.23891759492157005,0.04613057078833949,0.1842858143299939,0.0669684735682402,0.13201965939082094,-0.03987284540273528,0.04292205903718482,0
2017-01-31,TECHM.NS,-0.07613954077917273,-0.07506654199058171,-0.001160082143530916,0.07665189161122353,0.03798930755706187,0.1043784376630259,0.04292205903718482,1
2017-01-31,BAJAJFINSV.NS,0.7453722209460001,0.12125004881250412,0.5566306755522485,0.09821426599907801,-0.04059770143669039,0.2058938010032123,0.04292205903718482,1
2017-01-31,JSWSTEEL.NS,0.8842136617575147,0.21751153605455253,0.5475940933286481,0.08372972118237915,0.19450222284498686,-0.056522795160790396,0.04292205903718482,0
2017-01-31,ONGC.NS,0.38865512970956506,0.05853140705229998,0.31186955857697507,0.06815080763278435,0.07646463625083122,-0.033505744974181795,0.04292205903718482,0
2017-01-31,TATASTEEL.NS,0.8962090914878598,0.18351428162307082,0.6021852215314207,0.10066344924532074,0.14206425073070195,0.04243617720365056,0.04292205903718482,0
2017-01-31,COALINDIA.NS,0.05723910348872341,0.0306664939751895,0.025781966978518644,0.06440764032341324,-0.04802953342756333,0.041073893946487194,0.04292205903718482,0
2017-01-31,HINDALCO.NS,1.7115697173350224,0.22508859628491162,1.2133662214780823,0.11790933532299097,0.2692948742103496,-0.029481321059338095,0.04292205903718482,0
2017-01-31,GRASIM.NS,0.3498892719731743,0.05540415085087114,0.27902592659398584,0.09077278670191513,-0.056718125263957364,0.08747471541007745,0.04292205903718482,1
2017-01-31,ADANIPORTS.NS,0.38835931923617517,0.09275480736208053,0.27051311957866053,0.11348922746702304,-0.04446263139257589,0.028634688460584368,0.04292205903718482,0
2017-01-31,DRREDDY.NS,-0.022437891976807012,-0.013593174906076033,-0.00896660165534513,0.053425028567179594,-0.10246933153362647,-0.05593284008127064,0.04292205903718482,0
2017-01-31,CIPLA.NS,-0.013264117747433413,0.011515622693230254,-0.024497634920047973,0.07178966994761816,0.00034778818570302406,0.014512738111162049,0.04292205903718482,0
2017-01-31,BRITANNIA.NS,0.17215590265612146,0.08458905390403149,0.08073735249022551,0.07572033591622297,-0.05480169524727829,0.03160902600887949,0.04292205903718482,0
2017-01-31,EICHERMOT.NS,0.39935642318172193,0.05620356818589345,0.3248927245959021,0.09116655380183769,-0.04127989157756695,0.047838376963070806,0.04292205903718482,1
2017-01-31,HEROMOTOCO.NS,0.26547066123640817,0.04228505856512488,0.21413105832921997,0.07232420508887522,-0.05355239695871028,-0.010796440869592083,0.04292205903718482,0
2017-01-31,BPCL.NS,0.5786942016780838,0.07261982952554469,0.47181150135588346,0.07826426216385694,0.018832631362343033,0.010834963817802246,0.04292205903718482,0
2017-01-31,INDUSINDBK.NS,0.35361368396225834,0.13011109539481436,0.19777045768173918,0.07324557607675834,0.04354900595813316,0.048360483882063265,0.04292205903718482,1
2017-01-31,APOLLOHOSP.NS,-0.16134455439852802,0.04250362578293765,-0.1955371426438659,0.0704656151413702,-0.08205224622792495,0.058208797333774154,0.04292205903718482,1
2017-01-31,TATACONSUM.NS,0.03511502597212779,0.05614758640054629,-0.019914414139883263,0.09145991258762581,-0.07931412325323728,0.07140073724349705,0.04292205903718482,1
2017-02-28,RELIANCE.NS,0.2951837720208219,0.18451026301407425,0.09343398066060726,0.06722610348113411,0.25049247070373415,0.06691985678832979,0.044185943736247624,1
2017-02-28,TCS.NS,0.15405308783957028,0.10604149713971789,0.04340848948616571,0.07123997852877662,0.08665699588831721,-0.013969091444847481,0.044185943736247624,0
2017-02-28,HDFCBANK.NS,0.44210501082054554,0.08040273049696922,0.33478467807758916,0.043414955981054805,0.15880331758106125,0.037730889780898114,0.044185943736247624,0
2017-02-28,INFY.NS,-0.045088276660094184,0.09024345118247612,-0.12412982411936502,0.0577647846069563,0.037773607332246106,0.009729409488337115,0.044185943736247624,0
2017-02-28,ICICIBANK.NS,0.48401655557706613,0.027514244608009886,0.4442783283682932,0.08845526781668776,0.04067007366878839,0.001809463315334714,0.044185943736247624,0
2017-02-28,HINDUNILVR.NS,0.06315577102696746,0.01227478491936651,0.050264006241797166,0.04951950679334558,0.02594792921096878,0.052950828105651215,0.044185943736247624,1
2017-02-28,BHARTIARTL.NS,0.16193019131952124,0.048678862817488566,0.10799428930774857,0.08143599359002965,0.12492310129303918,-0.0413528544498688,0.044185943736247624,0
2017-02-28,ITC.NS,0.3637950552363163,0.015885378407058948,0.3424694204918972,0.06658901002678257,0.12774205206921252,0.0690312287909256,0.044185943736247624,1
2017-02-28,LT.NS,0.38221668469678316,0.015868566554792407,0.3606255082627672,0.0539526220367789,0.06252044094399567,0.07194377565418586,0.044185943736247624,1
2017-02-28,KOTAKBANK.NS,0.27318831134818544,0.036104165710479696,0.2288226932039521,0.05552815155902394,0.06175139428211773,0.08739542574676684,0.044185943736247624,1
2017-02-28,AXISBANK.NS,0.36097861340046467,0.08723173123415195,0.25178338186981875,0.09375981353999246,0.07832288305023005,-0.03128393948695163,0.044185943736247624,0
2017-02-28,SBIN.NS,0.7180211021467733,0.033992812591110866,0.6615406618171138,0.07753440541236749,0.04199730977259408,0.08989571521318673,0.044185943736247624,1
2017-02-28,BAJFINANCE.NS,0.8748953785314022,0.06876259087947867,0.7542674065608539,0.11704819665937444,0.20482711204937099,0.05675861240031432,0.044185943736247624,1
2017-02-28,ASIANPAINT.NS,0.21997728907480552,0.05511491536354152,0.15625063328240474,0.07415522810471811,0.055985207615948385,0.04813532920106489,0.044185943736247624,1
2017-02-28,MARUTI.NS,0.8426351085686072,0.004792764800232607,0.8338459164113803,0.07017717564168884,0.12466778494248865,0.015736709848773955,0.044185943736247624,0
2017-02-28,HCLTECH.NS,0.06509946516854792,0.043407940870719086,0.02078911176363807,0.06290879122212836,0.05294882677502577,0.041245092244161174,0.044185943736247624,0
2017-02-28,SUNPHARMA.NS,-0.2038031168673965,0.07521816442473783,-0.25950201598520795,0.08027313064034229,-0.04339229569043679,0.013475698406991032,0.044185943736247624,0
2017-02-28,TITAN.NS,0.38898313092588777,0.20756798572683044,0.1502318273946821,0.09808563685028276,0.35146831180533433,0.058439949765999755,0.044185943736247624,1
2017-02-28,ULTRACEMCO.NS,0.36713563168884744,0.021681164809479014,0.3381235543710821,0.07262299392593637,0.04748220834711847,0.055688745044987,0.044185943736247624,1
2017-02-28,WIPRO.NS,-0.0546296246789133,0.07195049959893418,-0.11808392675334078,0.04873793831401241,0.055246315957677705,0.055032769111970525,0.044185943736247624,1
2017-02-28,ADANIENT.NS,0.6941716949812569,0.13023525400278202,0.49895492020910437,0.11810244352033027,0.4474649498001595,0.10203051195085022,0.044185943736247624,1
2017-02-28,NESTLEIND.NS,0.26040874120362156,0.06876444486534306,0.17931387712137492,0.05829986276665925,-0.0031166849727769508,0.06817762600192356,0.044185943736247624,1
2017-02-28,POWERGRID.NS,0.49711570814864214,-0.06800862468633095,0.6063621915436461,0.0644736322501349,0.006298208911485359,0.026801953758233354,0.044185943736247624,0
2017-02-28,NTPC.NS,0.3999455323850296,-0.03987284540273528,0.4580834691340976,0.06567824875976107,0.014268388014345934,0.018717558960409386,0.044185943736247624,0
2017-02-28,TECHM.NS,0.23107745583711958,0.1043784376630259,0.1147242773430106,0.07833535228997558,0.029266264587000546,-0.0805968130976723,0.044185943736247624,0
2017-02-28,BAJAJFINSV.NS,1.430843788024608,0.2058938010032123,1.0158025408226914,0.10118897579781035,0.3090803334748631,0.04707268613943638,0.044185943736247624,1
2017-02-28,JSWSTEEL.NS,0.6681887920146343,-0.056522795160790396,0.7681283484733821,0.0886585795717222,0.08126091077837017,0.006686337578123203,0.044185943736247624,0
2017-02-28,ONGC.NS,0.5644320738417841,-0.033505744974181795,0.6186667077498489,0.06620923886853879,0.01642446326832392,-0.044174660859604975,0.044185943736247624,0
2017-02-28,TATASTEEL.NS,0.9814382498606,0.04243617720365056,0.9007765589792132,0.09921825327785354,0.16299252976009337,0.0,0.044185943736247624,0
2017-02-28,COALINDIA.NS,0.13233881143169302,0.041073893946487194,0.08766420713830403,0.06707074426001292,0.043097758997626245,-0.03357792526763703,0.044185943736247624,0
2017-02-28,HINDALCO.NS,1.6986160572740339,-0.029481321059338095,1.7805915700866475,0.11513139066782309,0.04893326680874388,0.058041777170950715,0.044185943736247624,1
2017-02-28,GRASIM.NS,0.4970858468589885,0.08747471541007745,0.37666267145756116,0.0840549019610453,0.13776854283312479,0.05938182210120768,0.044185943736247624,1
2017-02-28,ADANIPORTS.NS,0.5410135842881596,0.028634688460584368,0.4981155132872117,0.1043369282389734,0.08582208347762399,0.12543500351871173,0.044185943736247624,1
2017-02-28,DRREDDY.NS,-0.05609723954361667,-0.05593284008127064,-0.00017413958384082662,0.05631724332408195,-0.10852710896000195,-0.07635226948681106,0.044185943736247624,0
2017-02-28,CIPLA.NS,0.1391965860153177,0.014512738111162049,0.12290022906592002,0.06869380866613987,0.030179905241844107,0.015847365051503193,0.044185943736247624,0
2017-02-28,BRITANNIA.NS,0.17990019823277592,0.03160902600887949,0.143747455174573,0.06654553999393982,0.06478941616685385,0.044775977043248316,0.044185943736247624,1
2017-02-28,EICHERMOT.NS,0.28367726147468564,0.047838376963070806,0.22507181421923272,0.09272284057564108,0.11611112053444872,0.06039757965916759,0.044185943736247624,1
2017-02-28,HEROMOTOCO.NS,0.28473187748715123,-0.010796440869592083,0.29875379605036745,0.07063295774118974,-0.008828129886688352,0.04359591042924693,0.044185943736247624,0
2017-02-28,BPCL.NS,0.826513902937619,0.010834963817802246,0.8069358187206892,0.0756286310160587,0.07001438421124329,-0.012048422419276617,0.044185943736247624,0
2017-02-28,INDUSINDBK.NS,0.5879961525651471,0.048360483882063265,0.514742473585823,0.07381621699045542,0.2079323858829587,0.08574590613492128,0.044185943736247624,1
2017-02-28,APOLLOHOSP.NS,-0.1069800679751618,0.058208797333774154,-0.15610233606556667,0.07300322530894143,0.08897326673882011,-0.10486666196800598,0.044185943736247624,0
2017-02-28,TATACONSUM.NS,0.35481790978298045,0.07140073724349705,0.26452956647076786,0.09329276139828524,0.11465473162070272,0.09054687909860837,0.044185943736247624,1
2017-03-31,RELIANCE.NS,0.2637775201792829,0.06691985678832979,0.18451026301407425,0.0692032399670573,0.220343922623232,0.05624941548648965,0.016572806260767958,1
2017-03-31,TCS.NS,-0.017160531493935705,-0.013969091444847481,-0.0032366531529570697,0.06720837184353112,0.030938034209579746,-0.06523952855314519,0.016572806260767958,0
2017-03-31,HDFCBANK.NS,0.3577834254113519,0.037730889780898114,0.30841573550733203,0.04363047128824479,0.19594589357932435,0.07205988660136331,0.016572806260767958,1
2017-03-31,INFY.NS,-0.14204742871011722,0.009729409488337115,-0.15031436815865806,0.05872234601798026,0.011527941478706394,-0.10105165321261989,0.016572806260767958,0
2017-03-31,ICICIBANK.NS,0.1939476662524504,0.001809463315334714,0.1917911638619021,0.08804526257153221,0.08441050380383541,0.005959941184950024,0.016572806260767958,0
2017-03-31,HINDUNILVR.NS,0.06911096551234719,0.052950828105651215,0.01534747585105145,0.04907178228903559,0.1033461301322034,0.025445690913536767,0.016572806260767958,1
2017-03-31,BHARTIARTL.NS,0.0017945576904438987,-0.0413528544498688,0.045008648219102776,0.07719141992238195,0.14526414458646553,0.015569222387251003,0.016572806260767958,0
2017-03-31,ITC.NS,0.31314492338359723,0.0690312287909256,0.22835038679717923,0.06900950799621444,0.15994210611893434,-0.008205464671100282,0.016572806260767958,0
2017-03-31,LT.NS,0.3103183750267988,0.07194377565418586,0.22237602828295522,0.05308716891865289,0.16737074130202645,0.1110547892726994,0.016572806260767958,1
2017-03-31,KOTAKBANK.NS,0.2822492891518187,0.08739542574676684,0.1791931976090817,0.05605112052599156,0.21189369098799848,0.0341092441130082,0.016572806260767958,1
2017-03-31,AXISBANK.NS,0.1153652191106238,-0.03128393948695163,0.1513850802885499,0.08574202825855422,0.09078792482952824,0.03840672891895647,0.016572806260767958,1
2017-03-31,SBIN.NS,0.5302634686826009,0.08989571521318673,0.40404576999669817,0.07316278316001927,0.17266168530110337,-0.012440156012380021,0.016572806260767958,0
2017-03-31,BAJFINANCE.NS,0.6927080300248571,0.05675861240031432,0.6017925098145656,0.11053700446694392,0.39052470005017037,0.08974487426796807,0.016572806260767958,1
2017-03-31,ASIANPAINT.NS,0.24586483200589382,0.04813532920106489,0.18864882930293647,0.07416180127531667,0.20475878856021823,0.04373486930975301,0.016572806260767958,1
2017-03-31,MARUTI.NS,0.6299912786432817,0.015736709848773955,0.6047379826273682,0.06632740802251323,0.1308664965471067,0.08463684211269773,0.016572806260767958,1
2017-03-31,HCLTECH.NS,0.10787139507415722,0.041245092244161174,0.06398714704757791,0.065304289936607,0.06439819853638351,-0.06933420852790606,0.016572806260767958,0
2017-03-31,SUNPHARMA.NS,-0.15971420056138197,0.013475698406991032,-0.1708870762669471,0.07913046648928135,0.09230181136947357,-0.0671365245491986,0.016572806260767958,0
2017-03-31,TITAN.NS,0.3646414903576283,0.058439949765999755,0.28929514674812085,0.09374554778806805,0.4160038134328732,0.016207508454261443,0.016572806260767958,0
2017-03-31,ULTRACEMCO.NS,0.23758002076640317,0.055688745044987,0.17229631041833748,0.07013498050978932,0.22600139025669952,0.06630280201162098,0.016572806260767958,1
2017-03-31,WIPRO.NS,-0.08037969273608647,0.055032769111970525,-0.12834905778522376,0.05042588675322487,0.0917312263918697,-0.04159398339436349,0.016572806260767958,0
2017-03-31,ADANIENT.NS,0.4708673085292212,0.10203051195085022,0.3346883707652013,0.1133314029257297,0.41802773471795307,0.003684892782320315,0.016572806260767958,0
2017-03-31,NESTLEIND.NS,0.17110686011255027,0.06817762600192356,0.09635966116972505,0.05661812583003145,0.10820554794406778,0.0025597506139889425,0.016572806260767958,0
2017-03-31,POWERGRID.NS,0.4372268418005947,0.026801953758233354,0.3997118300565663,0.05912056386629819,0.08056833225785165,0.05423208886505293,0.016572806260767958,1
2017-03-31,NTPC.NS,0.32266059418958704,0.018717558960409386,0.29835849255346925,0.06293898878304874,0.02321862829719934,-0.009036264048181808,0.016572806260767958,0
2017-03-31,TECHM.NS,-0.009699658599153449,-0.0805968130976723,0.07711214786777831,0.07717925256093598,-0.060851188679524104,-0.09190894933896432,0.016572806260767958,0
2017-03-31,BAJAJFINSV.NS,1.395184592701872,0.04707268613943638,1.287505561369319,0.09486390536158858,0.4157558614954584,0.1164478359967458,0.016572806260767958,1
2017-03-31,JSWSTEEL.NS,0.4741443741911624,0.006686337578123203,0.46435321426696374,0.08718484975248786,0.1563749393010072,0.057385789325758774,0.016572806260767958,1
2017-03-31,ONGC.NS,0.35073696653539055,-0.044174660859604975,0.41316296108047545,0.06064488247625902,-0.02212900469063306,0.00837828961788789,0.016572806260767958,0
2017-03-31,TATASTEEL.NS,0.543873245514702,0.0,0.543873245514702,0.0956940608615852,0.2337381034010786,-0.06929779993390295,0.016572806260767958,0
2017-03-31,COALINDIA.NS,0.06556344206886577,-0.03357792526763703,0.10258599211318598,0.06635375622162502,0.036970867094151316,-0.05467304592786504,0.016572806260767958,0
2017-03-31,HINDALCO.NS,1.2319311942405977,0.058041777170950715,1.1094925005782441,0.10720669116900883,0.25798137714271596,0.022045516354377348,0.016572806260767958,1
2017-03-31,GRASIM.NS,0.3728924157857021,0.05938182210120768,0.2959372977182757,0.08394676924262197,0.21587934987249735,0.10109639675988702,0.016572806260767958,1
2017-03-31,ADANIPORTS.NS,0.3710133317141824,0.12543500351871173,0.21820747304612143,0.1023863192991223,0.2650401521870922,-0.0350411742248512,0.016572806260767958,0
2017-03-31,DRREDDY.NS,-0.12786467339035046,-0.07635226948681106,-0.05577061708896147,0.061780126364066545,-0.13986756156623548,-0.012612129203567912,0.016572806260767958,0
2017-03-31,CIPLA.NS,0.1622230202300936,0.015847365051503193,0.14409217389776785,0.06232608687877909,0.0424579784702066,-0.059870248160907025,0.016572806260767958,0
2017-03-31,BRITANNIA.NS,0.26473695368018935,0.044775977043248316,0.21053410632529856,0.06181723789302501,0.16897043812438506,0.07425910364640975,0.016572806260767958,1
2017-03-31,EICHERMOT.NS,0.3340301323346806,0.06039757965916759,0.258047130552169,0.08880076642903063,0.1735744841760527,0.018778767912589034,0.016572806260767958,1
2017-03-31,HEROMOTOCO.NS,0.12175749633854926,0.04359591042924693,0.07489640878062986,0.06755303166399604,0.07598087218725058,0.02999762393848382,0.016572806260767958,1
2017-03-31,BPCL.NS,0.5281889797091985,-0.012048422419276617,0.5468257902390299,0.0728420252573372,0.07117822544724794,0.10679379144336254,0.016572806260767958,1
2017-03-31,INDUSINDBK.NS,0.47897178915243255,0.08574590613492128,0.3621711864586543,0.06916659061843067,0.2863524616652253,0.01389332395204712,0.016572806260767958,0
2017-03-31,APOLLOHOSP.NS,-0.12348600201531901,-0.10486666196800598,-0.020800632996474944,0.07282561104674086,-0.012500978572097421,0.0584473108421939,0.016572806260767958,1
2017-03-31,TATACONSUM.NS,0.26180910167259697,0.09054687909860837,0.15704251312474105,0.09197032739994741,0.2340162849888876,0.016938104067274473,0.016572806260767958,1
2017-04-30,RELIANCE.NS,0.41976179362755905,0.05624941548648965,0.3441539212342588,0.07191797462353329,0.3348642669943329,-0.039062679366899555,0.009260752488006396,0
2017-04-30,TCS.NS,-0.08678808941961025,-0.06523952855314519,-0.023052494756342745,0.06649377838766739,0.019441452964479744,0.12029526541664493,0.009260752488006396,1
2017-04-30,HDFCBANK.NS,0.3769535708026357,0.07205988660136331,0.2843998623694841,0.04353381924183302,0.20195847439120418,0.05800180511208897,0.009260752488006396,1
2017-04-30,INFY.NS,-0.2222329148769523,-0.10105165321261989,-0.13480336450631947,0.05961768309332064,-0.010391924815622677,0.06322432411733181,0.009260752488006396,1
2017-04-30,ICICIBANK.NS,0.1995427568052266,0.005959941184950024,0.19243590892123352,0.07769056386561722,0.03550849942083856,0.172172340361622,0.009260752488006396,1
2017-04-30,HINDUNILVR.NS,0.09833616093328823,0.025445690913536767,0.07108174588438287,0.048002529847936626,0.09299751343546969,0.14123729652996375,0.009260752488006396,1
2017-04-30,BHARTIARTL.NS,-0.018423941892383056,0.015569222387251003,-0.033472030788534446,0.07639236342609414,0.020964940080229866,0.04514773528126126,0.009260752488006396,1
2017-04-30,ITC.NS,0.315596446372147,-0.008205464671100282,0.32648083802545647,0.0730888765589975,0.07710195149032306,0.12158256052508887,0.009260752488006396,1
2017-04-30,LT.NS,0.41185667590149166,0.1110547892726994,0.27073542145090634,0.05538875125571332,0.20988754233301732,0.006229261928602181,0.009260752488006396,0
2017-04-30,KOTAKBANK.NS,0.25849847725019726,0.0341092441130082,0.21698793857089593,0.05590227476631184,0.1650842784425679,0.07106826680506928,0.009260752488006396,1
2017-04-30,AXISBANK.NS,0.08894117890062492,0.03840672891895647,0.04866537222296108,0.08036566705253877,0.09366953000870759,0.00863316954165394,0.009260752488006396,0
2017-04-30,SBIN.NS,0.5532051005682226,-0.012440156012380021,0.5727706123576379,0.07278949188642762,0.1129249726471222,0.003993899731647543,0.009260752488006396,0
2017-04-30,BAJFINANCE.NS,0.8702943794633948,0.08974487426796807,0.7162681134148556,0.11156254998683945,0.23078409390697052,0.039766470764567075,0.009260752488006396,1
2017-04-30,ASIANPAINT.NS,0.30358004393883786,0.04373486930975301,0.24895706972109366,0.07137025784598727,0.15426975191869596,0.027444584898689506,0.009260752488006396,1
2017-04-30,MARUTI.NS,0.7314451512658484,0.08463684211269773,0.5963362888294228,0.06941993494232918,0.10698567252471047,0.10515945013053574,0.009260752488006396,1
2017-04-30,HCLTECH.NS,0.11873178548088514,-0.06933420852790606,0.20207683115902997,0.062116414237041034,0.011115704554468309,0.06901812644959149,0.009260752488006396,1
2017-04-30,SUNPHARMA.NS,-0.20772230798543279,-0.0671365245491986,-0.15070349213564915,0.08125633519379852,0.016548307139034657,-0.21863081974775989,0.009260752488006396,0
2017-04-30,TITAN.NS,0.32129809466450054,0.016207508454261443,0.3002246919768463,0.09627566191777986,0.2988536338039949,0.009888335434358853,0.009260752488006396,1
2017-04-30,ULTRACEMCO.NS,0.34772728571011347,0.06630280201162098,0.26392548455051834,0.07160136955092723,0.15009000433509323,-0.012650131548210597,0.009260752488006396,0
2017-04-30,WIPRO.NS,-0.10289024788791945,-0.04159398339436349,-0.06395646879455896,0.04782958133828363,0.08390248357625274,0.08345981589479834,0.009260752488006396,1
2017-04-30,ADANIENT.NS,0.25663211288893617,0.003684892782320315,0.25201855873850953,0.15364801340019077,0.25014346756386585,0.07205133415836107,0.009260752488006396,1
2017-04-30,NESTLEIND.NS,0.18064650057017295,0.0025597506139889425,0.17763205619128408,0.054213885688658536,0.14455255624963437,-0.002053385777344041,0.009260752488006396,0
2017-04-30,POWERGRID.NS,0.46973656524030827,0.05423208886505293,0.39412998405557165,0.06138920670806212,0.008869077783358215,-0.00024041012072639756,0.009260752488006396,0
2017-04-30,NTPC.NS,0.21238212203370432,-0.009036264048181808,0.22343742565838132,0.06495818912078426,-0.03073996410526314,-0.026139739026319053,0.009260752488006396,0
2017-04-30,TECHM.NS,-0.121435130831827,-0.09190894933896432,-0.032514560595404474,0.07154502117976481,-0.07795244791502642,-0.06463586520543418,0.009260752488006396,0
2017-04-30,BAJAJFINSV.NS,1.4398909165875202,0.1164478359967458,1.1854052092001477,0.0937264715157144,0.4096923068501239,-0.0838459676147254,0.009260752488006396,0
2017-04-30,JSWSTEEL.NS,0.45663561854972623,0.057385789325758774,0.37758198876357985,0.09059101394575302,0.004289808958767294,-0.025879424902801484,0.009260752488006396,0
2017-04-30,ONGC.NS,0.34230492901722176,0.00837828961788789,0.331152150772575,0.05529600973470289,-0.06846043948483282,-0.05119260058341513,0.009260752488006396,0
2017-04-30,TATASTEEL.NS,0.308380747633606,-0.06929779993390295,0.40579956460905175,0.09064079878869198,-0.02980235644807061,0.12342791101934036,0.009260752488006396,1
2017-04-30,COALINDIA.NS,0.02094400699242427,-0.05467304592786504,0.07999037009846988,0.0654156274771373,-0.048890677069732935,-0.05096671513473461,0.009260752488006396,0
2017-04-30,HINDALCO.NS,1.082260849782319,0.022045516354377348,1.0373464943222053,0.10938630603623056,0.04948673105353674,0.006771959995743204,0.009260752488006396,0
2017-04-30,GRASIM.NS,0.42194909177967244,0.10109639675988702,0.29139382888177123,0.09137342874979602,0.2685191449740032,0.0,0.009260752488006396,0
2017-04-30,ADANIPORTS.NS,0.375734748435558,-0.0350411742248512,0.42569269453588743,0.09438619446956216,0.11709566646490477,0.03448272825103804,0.009260752488006396,1
2017-04-30,DRREDDY.NS,-0.15378009496401202,-0.012612129203567912,-0.14297113620261248,0.061962072549000415,-0.13901210394890495,-0.02897116157613988,0.009260752488006396,0
2017-04-30,CIPLA.NS,0.04167077009726805,-0.059870248160907025,0.1080074511625011,0.057344781882903866,-0.031111592728110038,-0.07372854382387639,0.009260752488006396,0
2017-04-30,BRITANNIA.NS,0.27507413809160375,0.07425910364640975,0.1869335188908876,0.059800037120003334,0.15783681434772134,-0.025354888276657217,0.009260752488006396,0
2017-04-30,EICHERMOT.NS,0.30112299909200435,0.018778767912589034,0.2771398855886251,0.0849803914906644,0.13199084253813242,0.09080098019286531,0.009260752488006396,1
2017-04-30,HEROMOTOCO.NS,0.17466861871153427,0.02999762393848382,0.1404576004941258,0.06322664814604187,0.06329619968055855,0.12862332376984198,0.009260752488006396,1
2017-04-30,BPCL.NS,0.5639299675652678,0.10679379144336254,0.413027412744841,0.07613711897772076,0.10530625746379396,0.03253378643106286,0.009260752488006396,1
2017-04-30,INDUSINDBK.NS,0.3833581689327421,0.01389332395204712,0.36440208871339697,0.06731194893810737,0.15406722263532102,0.024741279297361585,0.009260752488006396,1
2017-04-30,APOLLOHOSP.NS,-0.06013027377210545,0.0584473108421939,-0.11202974715855119,0.07223432257948889,0.0026014853470530674,-0.01796059202575062,0.009260752488006396,0
2017-04-30,TATACONSUM.NS,0.2960081701970947,0.016938104067274473,0.2744218797719069,0.0769169450971033,0.18820342668359813,-0.02416745572373058,0.009260752488006396,0
2017-05-31,RELIANCE.NS,0.39969708885861177,-0.039062679366899555,0.4565956163888405,0.07325600402348881,0.08291243409780469,0.029313204555443395,0.0036674443150913616,1
2017-05-31,TCS.NS,0.009568789189169147,0.12029526541664493,-0.09883686885554754,0.060001609027223256,0.03257918991198783,-0.0619798722317656,0.0036674443150913616,0
2017-05-31,HDFCBANK.NS,0.39574351227347004,0.05800180511208897,0.3192260216660021,0.040743575611361195,0.1770372285071098,0.016396346185214572,0.0036674443150913616,1
2017-05-31,INFY.NS,-0.1999142426874313,0.06322432411733181,-0.24749110873024427,0.05590655344911888,-0.034917040099827656,-0.027797866989886844,0.0036674443150913616,0
2017-05-31,ICICIBANK.NS,0.3618169414062449,0.172172340361622,0.1617890087613878,0.07871439178699206,0.18129206247017082,-0.014632082078890551,0.0036674443150913616,0
2017-05-31,HINDUNILVR.NS,0.2825746535432032,0.14123729652996375,0.1238457220448268,0.05019056726611228,0.23224399731188416,0.020896002963161964,0.0036674443150913616,1
2017-05-31,BHARTIARTL.NS,0.061508956246055346,0.04514773528126126,0.015654457654630916,0.07586434156322373,0.01752713128931571,0.02193531247771796,0.0036674443150913616,1
2017-05-31,ITC.NS,0.3322886678131063,0.12158256052508887,0.1878649996032138,0.07233709265924944,0.18916837507137063,0.05429864060647693,0.0036674443150913616,1
2017-05-31,LT.NS,0.2095614868584652,0.006229261928602181,0.20207345644087482,0.05793256228073457,0.19840724363302642,-0.04151754325489754,0.0036674443150913616,0
2017-05-31,KOTAKBANK.NS,0.2948547107592223,0.07106826680506928,0.20893761013169976,0.05368688051566569,0.20440090880014328,-0.010662095483581546,0.0036674443150913616,0
2017-05-31,AXISBANK.NS,0.007097897358387284,0.00863316954165394,-0.0015221313651269108,0.07891723739864237,0.01460556456684392,0.006419622653609958,0.0036674443150913616,1
2017-05-31,SBIN.NS,0.4380492956840294,0.003993899731647543,0.43232871839998044,0.06333993148893646,0.0806360255026084,-0.050815213681626226,0.0036674443150913616,0
2017-05-31,BAJFINANCE.NS,0.7499924647981784,0.039766470764567075,0.6830629896262799,0.0936805392956873,0.19739224081723838,0.03477894219486166,0.0036674443150913616,1
2017-05-31,ASIANPAINT.NS,0.17806521547845366,0.027444584898689506,0.14659732777180978,0.06026934890748483,0.12399909133366549,-0.03549447929717897,0.0036674443150913616,0
2017-05-31,MARUTI.NS,0.7447974832717903,0.10515945013053574,0.5787744321108632,0.05899445328929092,0.2175601974930812,0.0009152659765727655,0.0036674443150913616,0
2017-05-31,HCLTECH.NS,0.20304550320669046,0.06901812644959149,0.12537427892100284,0.0545412549785407,0.03593328531175377,-0.01544723864055808,0.0036674443150913616,0
2017-05-31,SUNPHARMA.NS,-0.34153447387842173,-0.21863081974775989,-0.15729268217487957,0.0814094762192097,-0.26126664920974874,0.10785507587958776,0.0036674443150913616,1
2017-05-31,TITAN.NS,0.3173369883608861,0.009888335434358853,0.304438265240772,0.09299757888716531,0.08623046463564488,0.1043378765255385,0.0036674443150913616,1
2017-05-31,ULTRACEMCO.NS,0.30376913145552864,-0.012650131548210597,0.320473292309138,0.0627898967398382,0.1114438178956989,-0.056278701870101866,0.0036674443150913616,0
2017-05-31,WIPRO.NS,-0.012158134715179347,0.08345981589479834,-0.08825241989340371,0.046795438792067746,0.09554012591330019,-0.03510744905448915,0.0036674443150913616,0
2017-05-31,ADANIENT.NS,0.6032943809757572,0.07205133415836107,0.4955388141319381,0.15374950662679035,0.18578673558868064,0.1352738328348777,0.0036674443150913616,1
2017-05-31,NESTLEIND.NS,0.10093252886065329,-0.002053385777344041,0.10319781957296126,0.05061384953410019,0.06871289908331324,0.013799804479767364,0.0036674443150913616,1
2017-05-31,POWERGRID.NS,0.4047305277419899,-0.00024041012072639756,0.40506832038652285,0.057880013561772366,0.08222732759421714,0.012502906545361903,0.0036674443150913616,1
2017-05-31,NTPC.NS,0.14893628010277649,-0.026139739026319053,0.17977529851567375,0.05795714481706716,-0.01687622624969254,-0.00780282328258497,0.0036674443150913616,0
2017-05-31,TECHM.NS,-0.2606506653144397,-0.06463586520543418,-0.2095598845598846,0.0767310886228068,-0.21906279461554978,-0.020512831911140506,0.0036674443150913616,0
2017-05-31,BAJAJFINSV.NS,1.302474288663253,-0.0838459676147254,1.5131956060582858,0.09204657903635442,0.07098592783942892,-0.01748574041917461,0.0036674443150913616,0
2017-05-31,JSWSTEEL.NS,0.4026469798559207,-0.025879424902801484,0.4399110497342318,0.09000386495231809,0.03690832300913405,0.061083860775361876,0.0036674443150913616,1
2017-05-31,ONGC.NS,0.3128688517016105,-0.05119260058341513,0.3837042718141581,0.05492862639796783,-0.08550762379601151,-0.1112993540680397,0.0036674443150913616,0
2017-05-31,TATASTEEL.NS,0.5435079540076257,0.12342791101934036,0.37392701291098107,0.08367973304857018,0.04557682840135957,0.08133544950828275,0.0036674443150913616,1
2017-05-31,COALINDIA.NS,-0.04222877552111215,-0.05096671513473461,0.009207200372179702,0.05922882955511732,-0.13297758184599462,-0.06970116274789451,0.0036674443150913616,0
2017-05-31,HINDALCO.NS,0.9190922466364269,0.006771959995743204,0.9061836472328264,0.09742753728153351,0.0886898275524024,-0.04857995169280471,0.0036674443150913616,0
2017-05-31,GRASIM.NS,0.33376598831927673,0.0,0.33376598831927673,0.08258844728321353,0.16648150710856324,0.07536453060589632,0.0036674443150913616,1
2017-05-31,ADANIPORTS.NS,0.7642467668320663,0.03448272825103804,0.7054385913381207,0.09424925899815224,0.12344662855136423,0.07094395016539612,0.0036674443150913616,1
2017-05-31,DRREDDY.NS,-0.2026651363061891,-0.02897116157613988,-0.17887622679876658,0.05853094182180585,-0.11442309181534349,0.06587172633648675,0.0036674443150913616,1
2017-05-31,CIPLA.NS,0.09623432491149253,-0.07372854382387639,0.18349142424944986,0.05471989135647274,-0.115384516958561,0.07601411594685037,0.0036674443150913616,1
2017-05-31,BRITANNIA.NS,0.31456694254986295,-0.025354888276657217,0.3487647213717402,0.05763625900246403,0.09390278955122366,0.044555868613638694,0.0036674443150913616,1
2017-05-31,EICHERMOT.NS,0.5382036385308318,0.09080098019286531,0.41015975091887147,0.07365382745942932,0.1784037956203428,-0.04908045764185609,0.0036674443150913616,0
2017-05-31,HEROMOTOCO.NS,0.23955314464582722,0.12862332376984198,0.09828772677269848,0.05854651150770206,0.2131586870656499,-0.0037321102032584763,0.0036674443150913616,0
2017-05-31,BPCL.NS,0.6106928376482028,0.03253378643106286,0.5599420172152794,0.07668144452547543,0.1290330232292456,-0.13782714897554316,0.0036674443150913616,0
2017-05-31,INDUSINDBK.NS,0.34817337180817187,0.024741279297361585,0.3156231714726856,0.05793403085973065,0.12806648123481934,-0.0011818013702019625,0.0036674443150913616,0
2017-05-31,APOLLOHOSP.NS,-0.11540416546714716,-0.01796059202575062,-0.09922572622864811,0.0636346833477125,-0.06956531491226314,0.052390352160100795,0.0036674443150913616,1
2017-05-31,TATACONSUM.NS,0.28939017676532286,-0.02416745572373058,0.32132319661628506,0.06979901571781483,0.08221651588701562,0.008366961757965141,0.0036674443150913616,1
2017-06-30,RELIANCE.NS,0.4239281972583653,0.029313204555443395,0.38337698472774817,0.07554038359652725,0.04474207758164139,0.17973910693333783,0.06921852156005637,1
2017-06-30,TCS.NS,-0.056743703136865165,-0.0619798722317656,0.005582150041234746,0.06321320035802826,-0.017698070873519267,0.05776936520948639,0.06921852156005637,0
2017-06-30,HDFCBANK.NS,0.41359809039338846,0.016396346185214572,0.39079414806927426,0.03952758180126895,0.152838708146374,0.0801126031992121,0.06921852156005637,1
2017-06-30,INFY.NS,-0.17998159187731122,-0.027797866989886844,-0.1565350658265232,0.05618172740126972,-0.0707850010805311,0.08086150651430812,0.06921852156005637,1
2017-06-30,ICICIBANK.NS,0.33724109155515536,-0.014632082078890551,0.3570982647541583,0.07718869717440885,0.16190487580428892,0.042908976870166704,0.06921852156005637,0
2017-06-30,HINDUNILVR.NS,0.22251223202426917,0.020896002963161964,0.19748948813190959,0.051360269439939876,0.19473097693867514,0.07053557879117722,0.06921852156005637,1
2017-06-30,BHARTIARTL.NS,0.03924877504428359,0.02193531247771796,0.016941838054884917,0.07194144585495352,0.08470244937930116,0.10615644890085507,0.06921852156005637,1
2017-06-30,ITC.NS,0.338478128102758,0.05429864060647693,0.26954363455577335,0.0701953714019261,0.1727801466641321,-0.11864706150122029,0.06921852156005637,0
2017-06-30,LT.NS,0.14156397626982087,-0.04151754325489754,0.1910118628007471,0.0590086441363506,0.07156023025322411,0.0741936801647276,0.06921852156005637,1
2017-06-30,KOTAKBANK.NS,0.2528550163817074,-0.010662095483581546,0.26635703601601546,0.05337507371377714,0.09579224180725454,0.06962057078383221,0.06921852156005637,1
2017-06-30,AXISBANK.NS,-0.02120400559055946,0.006419622653609958,-0.027447426125630003,0.0768898183637265,0.05409519988015288,0.014607256230503962,0.06921852156005637,0
2017-06-30,SBIN.NS,0.2619959906977354,-0.050815213681626226,0.3295577519659476,0.06088452973977194,-0.058879431639938584,0.1419696602535785,0.06921852156005637,1
2017-06-30,BAJFINANCE.NS,0.7184859011469751,0.03477894219486166,0.6607275535602881,0.08653591286662836,0.1724875121016125,0.24353291993165116,0.06921852156005637,1
2017-06-30,ASIANPAINT.NS,0.10943447643605864,-0.03549447929717897,0.150262442901965,0.05408618747311006,0.034316179078350606,0.053266355203216875,0.06921852156005637,0
2017-06-30,MARUTI.NS,0.735716966488732,0.0009152659765727655,0.7341297765053352,0.05536712580138006,0.1997937822860767,0.07377103041442323,0.06921852156005637,1
2017-06-30,HCLTECH.NS,0.19962308648752125,-0.01544723864055808,0.21844469242168052,0.05434495739191297,-0.020469835358722155,0.049359574813559126,0.06921852156005637,0
2017-06-30,SUNPHARMA.NS,-0.270850279117965,0.10785507587958776,-0.34183654815759856,0.07753797707094445,-0.19247250458899567,-0.043278974502972245,0.06921852156005637,0
2017-06-30,TITAN.NS,0.29095408015792246,0.1043378765255385,0.16898469897592827,0.10956155506040532,0.13333349237080228,0.042744775168828575,0.06921852156005637,0
2017-06-30,ULTRACEMCO.NS,0.16391525420948216,-0.056278701870101866,0.2333251951777775,0.060539379983999386,-0.0064370700681462,0.027209865789127985,0.06921852156005637,0
2017-06-30,WIPRO.NS,-0.06819278152811492,-0.03510744905448915,-0.03428913658956645,0.0487109452967712,0.0019390275862254391,0.11650871758299974,0.06921852156005637,1
2017-06-30,ADANIENT.NS,0.5285301888062395,0.1352738328348777,0.3463977981324262,0.15921813084195327,0.22155660631704754,0.045333644929224315,0.06921852156005637,0
2017-06-30,NESTLEIND.NS,0.04821922645105947,0.013799804479767364,0.03395090610513041,0.04944556306335419,0.014307828362730923,0.004505268647051031,0.06921852156005637,0
2017-06-30,POWERGRID.NS,0.3080564211721897,0.012502906545361903,0.29190386784690814,0.05595760604437234,0.06715643724804132,0.060555883318923476,0.06921852156005637,0
2017-06-30,NTPC.NS,0.0440621331379496,-0.00780282328258497,0.052272832091827315,0.05787054646807114,-0.04246999170774579,0.03302937142416096,0.06921852156005637,0
2017-06-30,TECHM.NS,-0.22627309729661083,-0.020512831911140506,-0.2100693833355085,0.07744425332252589,-0.1680277133534629,0.033979200324520065,0.06921852156005637,0
2017-06-30,BAJAJFINSV.NS,0.7740783262750488,-0.01748574041917461,0.8056514793301137,0.08319771986224746,0.004953103869345554,0.21250795595082805,0.06921852156005637,1
2017-06-30,JSWSTEEL.NS,0.411894681302992,0.061083860775361876,0.33061554651418756,0.09136196743718167,0.09293892802359993,0.08775810566986375,0.06921852156005637,1
2017-06-30,ONGC.NS,0.13681013233524442,-0.1112993540680397,0.27918229556713925,0.05320701607753455,-0.1497296293031587,0.07692297335708087,0.06921852156005637,1
2017-06-30,TATASTEEL.NS,0.7333338488556291,0.08133544950828275,0.6029566492468461,0.08055974926549601,0.13061928973482884,0.05763664574278771,0.06921852156005637,0
2017-06-30,COALINDIA.NS,-0.1704751460634819,-0.06970116274789451,-0.108324313951903,0.05455199303503407,-0.1653854267520184,0.01985697675539355,0.06921852156005637,0
2017-06-30,HINDALCO.NS,0.5642822586035849,-0.04857995169280471,0.6441552407759523,0.09158932057735493,-0.021020388163650372,0.1503010261543707,0.06921852156005637,1
2017-06-30,GRASIM.NS,0.33938601235695587,0.07536453060589632,0.24551812360995462,0.0826981892372506,0.18408000985353978,0.11239930249596242,0.06921852156005637,1
2017-06-30,ADANIPORTS.NS,0.7551363815775807,0.07094395016539612,0.6388685713258087,0.08954585296666105,0.06905184788024998,0.09407735430108555,0.06921852156005637,1
2017-06-30,DRREDDY.NS,-0.2000535646037378,0.06587172633648675,-0.24949089498249255,0.06035608187570429,0.021938729179858063,-0.10748107528731676,0.06921852156005637,0
2017-06-30,CIPLA.NS,0.11281588001534937,0.07601411594685037,0.03420193427120122,0.052951282194543044,-0.06299038646473121,0.011684478404813792,0.06921852156005637,0
2017-06-30,BRITANNIA.NS,0.34688465245221356,0.044555868613638694,0.28943285172466005,0.05615291617498102,0.0936723313186032,0.06881647233628052,0.06921852156005637,0
2017-06-30,EICHERMOT.NS,0.40666071539775683,-0.04908045764185609,0.47926365243208724,0.06731190064004054,0.05674250822466842,0.11629372240989255,0.06921852156005637,1
2017-06-30,HEROMOTOCO.NS,0.2040951371727855,-0.0037321102032584763,0.2086057871627729,0.05760387594236887,0.15814084079186586,-0.012319723160031715,0.06921852156005637,0
2017-06-30,BPCL.NS,0.25117222332189115,-0.13782714897554316,0.45118490084118834,0.07221366279025966,-0.01470715505914122,0.10529397094318416,0.06921852156005637,1
2017-06-30,INDUSINDBK.NS,0.33046963814652,-0.0011818013702019625,0.33204384939290166,0.05264403171407484,0.037750475829657404,0.11702176854451674,0.06921852156005637,1
2017-06-30,APOLLOHOSP.NS,-0.03112881970246706,0.052390352160100795,-0.07936140016025361,0.06489523014696846,0.09389343944472528,-0.012200399505175152,0.06921852156005637,0
2017-06-30,TATACONSUM.NS,0.16689032005098303,0.008366961757965141,0.15720800492774156,0.07117217458536791,0.0006643464894153794,0.14275325891888246,0.06921852156005637,1
2017-07-31,RELIANCE.NS,0.6041383365621562,0.17973910693333783,0.35973990108034926,0.07780253085071877,0.1668864072357068,-0.012815789187783033,0.004707786017037474,0
2017-07-31,TCS.NS,-0.029982929309942175,0.05776936520948639,-0.08295976174546293,0.06290347488932162,0.11156699470602915,0.0018262654382683596,0.004707786017037474,0
2017-07-31,HDFCBANK.NS,0.44138722717273926,0.0801126031992121,0.3344786672273419,0.03850393959541364,0.16149819024784828,-0.004455296874533832,0.004707786017037474,0
2017-07-31,INFY.NS,-0.0336537785665072,0.08086150651430812,-0.1059481574564699,0.05622634426962234,0.11725298477615254,-0.09518412238392737,0.004707786017037474,0
2017-07-31,ICICIBANK.NS,0.27605946880070475,0.042908976870166704,0.22355785317932253,0.07534517002277012,0.20458178863279586,-0.015036466676018212,0.004707786017037474,0
2017-07-31,HINDUNILVR.NS,0.2746960537176255,0.07053557879117722,0.19070872465255317,0.04999368193136041,0.24726451067083954,0.055375010741766095,0.004707786017037474,1
2017-07-31,BHARTIARTL.NS,0.16465395256040827,0.10615644890085507,0.052883571503542504,0.07007386055533733,0.18145625435461188,0.02088541107208508,0.004707786017037474,1
2017-07-31,ITC.NS,0.14766246230078428,-0.11864706150122029,0.30215990912291435,0.08651125597052395,0.04218483935555106,-0.01051677822967001,0.004707786017037474,0
2017-07-31,LT.NS,0.1772135558464769,0.0741936801647276,0.09590437700764665,0.057630380987746505,0.036009419488091776,-0.03663496412685108,0.004707786017037474,0
2017-07-31,KOTAKBANK.NS,0.3389519704027488,0.06962057078383221,0.2518008787186532,0.045956864362299,0.13342176352722457,-0.04468258145841286,0.004707786017037474,0
2017-07-31,AXISBANK.NS,-0.03889577875181405,0.014607256230503962,-0.05273275413098655,0.0717765335258546,0.029936159667948603,-0.03741804912619384,0.004707786017037474,0
2017-07-31,SBIN.NS,0.3745686205079579,0.1419696602535785,0.20368225912650773,0.059582538821023094,0.08826937653538991,-0.11119997773219081,0.004707786017037474,0
2017-07-31,BAJFINANCE.NS,0.6461510539623163,0.24353291993165116,0.3237695822743434,0.07855714001673922,0.33795244550843995,0.04626874719826368,0.004707786017037474,1
2017-07-31,ASIANPAINT.NS,0.05226957866217785,0.053266355203216875,-0.0009463670192394469,0.05363007855796059,0.04376165259863862,0.0058964900325839675,0.004707786017037474,1
2017-07-31,MARUTI.NS,0.640311825163703,0.07377103041442323,0.5276178800713434,0.05304797911930483,0.18777433687457123,0.0035190820014909807,0.004707786017037474,0
2017-07-31,HCLTECH.NS,0.22121894649562468,0.049359574813559126,0.16377548345389625,0.04978807150714481,0.1044559352065193,-0.02870797641191636,0.004707786017037474,0
2017-07-31,SUNPHARMA.NS,-0.35859631817618276,-0.043278974502972245,-0.3295812836447275,0.08192788525621274,-0.17182036401058798,-0.09498708395981426,0.004707786017037474,0
2017-07-31,TITAN.NS,0.29773982933680143,0.042744775168828575,0.244542154744134,0.10410373793263432,0.16292938977697613,0.13385389168951844,0.004707786017037474,1
2017-07-31,ULTRACEMCO.NS,0.09376214526944637,0.027209865789127985,0.06478936943347158,0.05766045428002722,-0.042863207352587085,-0.013926866362758195,0.004707786017037474,0
2017-07-31,WIPRO.NS,0.06309785338097762,0.11650871758299974,-0.047837391111146155,0.05487876772527189,0.16722311776446674,0.03692143264687098,0.004707786017037474,1
2017-07-31,ADANIENT.NS,0.7186759601580415,0.045333644929224315,0.6441410534283596,0.14228465952912991,0.2722461291899856,-0.038796159682690345,0.004707786017037474,0
2017-07-31,NESTLEIND.NS,-0.049007882454368934,0.004505268647051031,-0.05327314128824401,0.0494937640745094,0.016276144136376347,0.05468620031464266,0.004707786017037474,1
2017-07-31,POWERGRID.NS,0.28558700169381646,0.060555883318923476,0.21218223566935124,0.053721304848678486,0.07355775820057153,-0.01813706167099871,0.004707786017037474,0
2017-07-31,NTPC.NS,0.0645839272140365,0.03302937142416096,0.030545652101230836,0.05068954880817162,-0.0018235918231290782,0.02771007406452508,0.004707786017037474,1
2017-07-31,TECHM.NS,-0.19053170503465477,0.033979200324520065,-0.2171329029527006,0.0719558093598937,-0.05269186497020928,0.10962831856927324,0.004707786017037474,1
2017-07-31,BAJAJFINSV.NS,0.8333847312787201,0.21250795595082805,0.5120599599208495,0.08363765118520239,0.09142012238412578,0.10236686884192792,0.004707786017037474,1
2017-07-31,JSWSTEEL.NS,0.33561465787599376,0.08775810566986375,0.22785999103495058,0.08365236762319922,0.12433247161177952,0.14983046601012928,0.004707786017037474,1
2017-07-31,ONGC.NS,0.20312057194412114,0.07692297335708087,0.1171834956716038,0.05310341511597149,-0.09193235792962828,-0.07349482498705506,0.004707786017037474,0
2017-07-31,TATASTEEL.NS,0.6257009478309734,0.05763664574278771,0.5371072422412415,0.0751858671213676,0.28481956217822924,0.12511027555024845,0.004707786017037474,1
2017-07-31,COALINDIA.NS,-0.19269208034383734,0.01985697675539355,-0.20841065163415518,0.0530248414507458,-0.09958402036241099,-0.04696916385073113,0.004707786017037474,0
2017-07-31,HINDALCO.NS,0.6552279784664512,0.1503010261543707,0.4389520141524408,0.08343422263046583,0.10183082265887711,0.08354208728251855,0.004707786017037474,1
2017-07-31,GRASIM.NS,0.4202677113929405,0.11239930249596242,0.27676069933358827,0.07904370610644672,0.19623475377489719,0.11674844118485805,0.004707786017037474,1
2017-07-31,ADANIPORTS.NS,0.7091427718279666,0.09407735430108555,0.562177267547773,0.07814038251512793,0.21209878193502574,-0.007451358481267878,0.004707786017037474,0
2017-07-31,DRREDDY.NS,-0.18205141161522986,-0.10748107528731676,-0.0835504259497003,0.06711914290045883,-0.07624988855276427,-0.1520225223057503,0.004707786017037474,0
2017-07-31,CIPLA.NS,0.06946348326529606,0.011684478404813792,0.05711168461493643,0.05406781394823155,0.00832686155854323,0.021067721298654085,0.004707786017037474,1
2017-07-31,BRITANNIA.NS,0.3443269319535269,0.06881647233628052,0.25777153210880055,0.05217869461659832,0.0881313447416665,0.07888383524713549,0.004707786017037474,1
2017-07-31,EICHERMOT.NS,0.3438453445002849,0.11629372240989255,0.20384565237825236,0.06691787168730183,0.15789125695255368,0.04553172545221651,0.004707786017037474,1
2017-07-31,HEROMOTOCO.NS,0.18001630732031493,-0.012319723160031715,0.19473511316406533,0.054745421137406935,0.11055874272706179,0.09282635344676748,0.004707786017037474,1
2017-07-31,BPCL.NS,0.25089928721845367,0.10529397094318416,0.1317344707408652,0.06459326222879139,-0.016042329161983226,0.1227848843075352,0.004707786017037474,1
2017-07-31,INDUSINDBK.NS,0.4051965533455075,0.11702176854451674,0.25798493182141247,0.046713589764484836,0.14330555733492756,0.006683857478793076,0.004707786017037474,1
2017-07-31,APOLLOHOSP.NS,-0.07555619991345519,-0.012200399505175152,-0.06413831345603171,0.06321128476451403,0.02087982216859774,-0.1401111683855495,0.004707786017037474,0
2017-07-31,TATACONSUM.NS,0.2307489522357744,0.14275325891888246,0.0770032311263249,0.077556068384123,0.12446611889278336,0.18429249614628396,0.004707786017037474,1
2017-08-31,RELIANCE.NS,0.5162029717946552,-0.012815789187783033,0.5358865702959148,0.06638106443042056,0.19875855823306976,-0.020507875799356423,-0.012000892517055606,0
2017-08-31,TCS.NS,0.013581340884898818,0.0018262654382683596,0.011733646693209643,0.05450125489849589,-0.005979007974628137,-0.024195618896440063,-0.012000892517055606,0
2017-08-31,HDFCBANK.NS,0.3849552987498457,-0.004455296874533832,0.3911532996979876,0.0356824752272148,0.0929313781922656,0.016465399739884035,-0.012000892517055606,1
2017-08-31,INFY.NS,-0.09355884652356383,-0.09518412238392737,0.0017962503759834103,0.0679917521979082,-0.0492051235014328,-0.016448775645680258,-0.012000892517055606,0
2017-08-31,ICICIBANK.NS,0.28074292946923807,-0.015036466676018212,0.3002947684236408,0.07054513771490335,0.012196836468132188,-0.07196778629371825,-0.012000892517055606,0
2017-08-31,HINDUNILVR.NS,0.35335062278634144,0.055375010741766095,0.28234097738882835,0.05287808500090246,0.1534251468555119,-0.037589626337211746,-0.012000892517055606,0
2017-08-31,BHARTIARTL.NS,0.29286826527771415,0.02088541107208508,0.26641859238639287,0.06541561554101895,0.15402962966370493,-0.08943176729767832,-0.012000892517055606,0
2017-08-31,ITC.NS,0.10240493834390674,-0.01051677822967001,0.11412191140699024,0.0824234484621514,-0.08056308218367969,-0.08485394421691184,-0.012000892517055606,0
2017-08-31,LT.NS,0.15429932721205586,-0.03663496412685108,0.1981951640645263,0.055649516516639935,-0.00812340752530849,0.005060095406486775,-0.012000892517055606,1
2017-08-31,KOTAKBANK.NS,0.21032489104881225,-0.04468258145841286,0.26693480884764575,0.045829964537902196,0.010932343725895466,0.026895468797184297,-0.012000892517055606,1
2017-08-31,AXISBANK.NS,-0.1534456178952599,-0.03741804912619384,-0.1205378603491779,0.06499643338568568,-0.017087690761584007,0.0175876132064392,-0.012000892517055606,1
2017-08-31,SBIN.NS,0.10994778722001852,-0.11119997773219081,0.2488161109491671,0.0637814042010322,-0.03659390126119133,-0.08604851599757135,-0.012000892517055606,0
2017-08-31,BAJFINANCE.NS,0.6224524571118648,0.04626874719826368,0.5507033555733427,0.08430436852325712,0.346319455698179,0.03151109315507039,-0.012000892517055606,1
2017-08-31,ASIANPAINT.NS,0.018481076698674936,0.0058964900325839675,0.012510816759767396,0.05026829402388592,0.021871347818827935,-0.03153479028624595,-0.012000892517055606,0
2017-08-31,MARUTI.NS,0.5389516086232526,0.0035190820014909807,0.5335549031652258,0.04988053229582883,0.07853596331688806,0.03608955438733985,-0.012000892517055606,1
2017-08-31,HCLTECH.NS,0.1387312883646965,-0.02870797641191636,0.17238818059894045,0.04929376810806151,0.003490225028653038,0.01097907798784492,-0.012000892517055606,1
2017-08-31,SUNPHARMA.NS,-0.3788845073606961,-0.09498708395981426,-0.3136943333837192,0.08462781983373463,-0.0407693490931893,0.05296055157936941,-0.012000892517055606,1
2017-08-31,TITAN.NS,0.4816438582467921,0.13385389168951844,0.30673261264645246,0.09996241175486288,0.3056810026344219,-0.0527466866225188,-0.012000892517055606,0
2017-08-31,ULTRACEMCO.NS,-0.004594906358768913,-0.013926866362758195,0.009463760532210541,0.05771303626266369,-0.04410087386220396,-0.03654632044007666,-0.012000892517055606,0
2017-08-31,WIPRO.NS,0.22207934879839963,0.03692143264687098,0.178565039087764,0.055681524676613046,0.11708680814462036,-0.06302233125439405,-0.012000892517055606,0
2017-08-31,ADANIENT.NS,0.8301323263517277,-0.038796159682690345,0.9040002230406925,0.1558877603213733,0.1406989817015647,-0.12259528038187784,-0.012000892517055606,0
2017-08-31,NESTLEIND.NS,0.10292481132416431,0.05468620031464266,0.0457374060598601,0.05258910692849907,0.07405788010466186,0.013375563843615934,-0.012000892517055606,1
2017-08-31,POWERGRID.NS,0.20936084955255962,-0.01813706167099871,0.23170027337087307,0.0527953743419123,0.05434004895116362,-0.022258067538797555,-0.012000892517055606,0
2017-08-31,NTPC.NS,0.08790036826335879,0.02771007406452508,0.05856738755200208,0.05697654817749601,0.05337078786977778,0.005130283801377145,-0.012000892517055606,1
2017-08-31,TECHM.NS,-0.06510007895513314,0.10962831856927324,-0.1574656978380804,0.0728158150411848,0.12379756069112835,0.06936827210621921,-0.012000892517055606,1
2017-08-31,BAJAJFINSV.NS,0.855279798982399,0.10236686884192792,0.6829966968541341,0.08106817187422138,0.3132566581311491,-0.0633127673053131,-0.012000892517055606,0
2017-08-31,JSWSTEEL.NS,0.46748937288780024,0.14983046601012928,0.2762658637668003,0.08748050822781589,0.32713727934008285,-0.023388298359919957,-0.012000892517055606,0
2017-08-31,ONGC.NS,0.024315894176390795,-0.07349482498705506,0.10556953355611776,0.055759694020254734,-0.11327697258966396,0.09442127468704942,-0.012000892517055606,1
2017-08-31,TATASTEEL.NS,0.7547133181857335,0.12511027555024845,0.5595922962552007,0.07689758981223867,0.2867436151938467,0.022725449665257802,-0.012000892517055606,1
2017-08-31,COALINDIA.NS,-0.2432992559155459,-0.04696916385073113,-0.20600602269921153,0.05558837566936125,-0.09579125659643994,0.14090138178086864,-0.012000892517055606,1
2017-08-31,HINDALCO.NS,0.50407007062672,0.08354208728251855,0.3881048906912967,0.08853989175467325,0.18584954374480422,0.015532010603239499,-0.012000892517055606,1
2017-08-31,GRASIM.NS,0.6624182849721485,0.11674844118485805,0.4886237792356716,0.078040562902482,0.3358932965692687,-0.046922260908730196,-0.012000892517055606,0
2017-08-31,ADANIPORTS.NS,0.49931568164967643,-0.007451358481267878,0.5105714913432586,0.08187229301150774,0.16296480022445703,-0.04122665321407448,-0.012000892517055606,0
2017-08-31,DRREDDY.NS,-0.3410798120832863,-0.1520225223057503,-0.22295083861378595,0.0770663946399446,-0.1933099630735321,0.1523331886133914,-0.012000892517055606,1
2017-08-31,CIPLA.NS,0.005180115418003561,0.021067721298654085,-0.015559796426082073,0.05881344906543926,0.11152082253092765,0.02482959042180366,-0.012000892517055606,1
2017-08-31,BRITANNIA.NS,0.22960308285658204,0.07888383524713549,0.13969923608589596,0.05506533482761459,0.2045074708185144,0.02677865470875407,-0.012000892517055606,1
2017-08-31,EICHERMOT.NS,0.3871171713750279,0.04553172545221651,0.3267097856596055,0.06868731818277236,0.10983769335593196,-0.0075530093884309535,-0.012000892517055606,1
2017-08-31,HEROMOTOCO.NS,0.1664003003187562,0.09282635344676748,0.06732446251862156,0.05431621713286061,0.07533473351321462,-0.05520496883484072,-0.012000892517055606,0
2017-08-31,BPCL.NS,0.3812998859749144,0.1227848843075352,0.23024446203407467,0.06890238376623137,0.06996285655116874,-0.10907393114922792,-0.012000892517055606,0
2017-08-31,INDUSINDBK.NS,0.4020077024749966,0.006683857478793076,0.3926991001785598,0.04230415986458467,0.12315886164363454,0.01536143123111211,-0.012000892517055606,1
2017-08-31,APOLLOHOSP.NS,-0.19804425821765137,-0.1401111683855495,-0.06737276692305894,0.06638747680489955,-0.10610190347234827,-0.0665798259760918,-0.012000892517055606,0
2017-08-31,TATACONSUM.NS,0.4537098702293081,0.18429249614628396,0.22749225800189965,0.09000946346187773,0.36467757156338476,0.039393960847821985,-0.012000892517055606,1
2017-09-30,RELIANCE.NS,0.4526303912036511,-0.020507875799356423,0.48304448327150395,0.06447110906295168,0.14073594063580686,0.20482783313010278,0.055866120288050714,1
2017-09-30,TCS.NS,0.02181115291658675,-0.024195618896440063,0.04714753561671525,0.05394803980572401,0.034061008088436706,0.08013032064860548,0.055866120288050714,1
2017-09-30,HDFCBANK.NS,0.42805396360035797,0.016465399739884035,0.4049213716136335,0.03556006466847018,0.0930056315059038,0.0015506409550156697,0.055866120288050714,0
2017-09-30,INFY.NS,-0.1086407676925617,-0.016448775645680258,-0.0937337982649592,0.06643817676640106,-0.038105931742229315,0.038694093494543,0.055866120288050714,0
2017-09-30,ICICIBANK.NS,0.21614626113757796,-0.07196778629371825,0.3104569466189706,0.06410566006658423,-0.046699964784907566,0.08496015891636577,0.055866120288050714,1
2017-09-30,HINDUNILVR.NS,0.37631871542502804,-0.037589626337211746,0.43007468860395504,0.05440022903536992,0.08734711797801542,0.054135990738074735,0.055866120288050714,0
2017-09-30,BHARTIARTL.NS,0.2434179340827225,-0.08943176729767832,0.3655406475060001,0.06283983034774836,0.028267354634451403,0.27667217555078727,0.055866120288050714,1
2017-09-30,ITC.NS,0.08702902291228476,-0.08485394421691184,0.18782025671532487,0.0799689398941078,-0.20191581732767372,0.028648699228061236,0.055866120288050714,0
2017-09-30,LT.NS,0.22473853405542465,0.005060095406486775,0.21857244124301944,0.05983663663566202,0.0400770255612386,0.0702684122505084,0.055866120288050714,1
2017-09-30,KOTAKBANK.NS,0.2907049004103528,0.026895468797184297,0.25689998605424935,0.048485058739081786,0.04930968306532879,0.022748754239259483,0.055866120288050714,0
2017-09-30,AXISBANK.NS,-0.05024014939881949,0.0175876132064392,-0.06665545229224257,0.06505246255675043,-0.006180555073101557,0.027496878812972136,0.055866120288050714,0
2017-09-30,SBIN.NS,0.019485352131683342,-0.08604851599757135,0.11546987994055735,0.061692973859278105,-0.07235509214747704,0.20464831251254423,0.055866120288050714,1
2017-09-30,BAJFINANCE.NS,0.7452346261088139,0.03151109315507039,0.6919203658495676,0.08909509608141743,0.3420677565563084,-0.02037471514497502,0.055866120288050714,0
2017-09-30,ASIANPAINT.NS,-0.016015913453181208,-0.03153479028624595,0.01602419650949738,0.052070381047235825,0.026066546974968574,0.045773759081072285,0.055866120288050714,0
2017-09-30,MARUTI.NS,0.47116313976759705,0.03608955438733985,0.41991889942131966,0.05045786583324718,0.11643800790013104,0.029210965100701314,0.055866120288050714,0
2017-09-30,HCLTECH.NS,0.12050580774247144,0.01097907798784492,0.10833728624000605,0.047881833694633204,0.030424840887633087,-0.02171906272869395,0.055866120288050714,0
2017-09-30,SUNPHARMA.NS,-0.3178509770937311,0.05296055157936941,-0.35216089350822155,0.09143997046710002,-0.08829949217973987,0.09865864667010227,0.055866120288050714,1
2017-09-30,TITAN.NS,0.4866143125209452,-0.0527466866225188,0.569394681999416,0.10110782636098083,0.11995674716032956,0.08673326593073694,0.055866120288050714,1
2017-09-30,ULTRACEMCO.NS,0.0031364839767653585,-0.03654632044007666,0.04118807708012273,0.06081512537217631,-0.024113864770688775,0.14188417999812897,0.055866120288050714,1
2017-09-30,WIPRO.NS,0.1754237402246881,-0.06302233125439405,0.25448426300095894,0.05601920862816668,0.08476886079818491,0.04924162630704698,0.055866120288050714,0
2017-09-30,ADANIENT.NS,0.7792973124498057,-0.12259528038187784,1.0279094386729755,0.15787191096557454,-0.11840241423576414,0.13757512480502365,0.055866120288050714,1
2017-09-30,NESTLEIND.NS,0.1337830911649469,0.013375563843615934,0.11881826601841405,0.055405868549937724,0.07360842351934238,0.0031180352597341976,0.055866120288050714,0
2017-09-30,POWERGRID.NS,0.2202739730982035,-0.022258067538797555,0.24805322609667746,0.05496460271164788,0.018142733486133045,0.004028563428607246,0.055866120288050714,0
2017-09-30,NTPC.NS,0.1638317512002878,0.005130283801377145,0.15789143950444484,0.05400711637015027,0.06710128168523988,0.082412601385774,0.055866120288050714,1
2017-09-30,TECHM.NS,0.11631260256873599,0.06936827210621921,0.043899124078233154,0.07379653184694593,0.2269210815883118,0.05285570979023757,0.055866120288050714,0
2017-09-30,BAJAJFINSV.NS,0.6799284288805914,-0.0633127673053131,0.7934785168873588,0.08367219322856628,0.25200294339498575,-0.0279563426430246,0.055866120288050714,0
2017-09-30,JSWSTEEL.NS,0.4528497594701657,-0.023388298359919957,0.48764320254438065,0.0869085351964058,0.22148478984423714,0.0402496048620522,0.055866120288050714,0
2017-09-30,ONGC.NS,0.0321454715421976,0.09442127468704942,-0.05690295372105192,0.05963331453194126,0.09198586767661454,0.11787079771725417,0.055866120288050714,1
2017-09-30,TATASTEEL.NS,0.7746900802853904,0.022725449665257802,0.7352556161247907,0.07565016272416956,0.2170001853277317,0.07853816820593584,0.055866120288050714,1
2017-09-30,COALINDIA.NS,-0.10667850034215764,0.14090138178086864,-0.21700375341519096,0.0595508088820621,0.10890497059484505,0.05759624983802669,0.055866120288050714,1
2017-09-30,HINDALCO.NS,0.5828199540453187,0.015532010603239499,0.5586115824208266,0.08567163974625558,0.26575866629547873,0.11138806769767973,0.055866120288050714,1
2017-09-30,GRASIM.NS,0.5203208181979435,-0.046922260908730196,0.595169791340969,0.07663545597144755,0.18398006120217913,0.082146498311638,0.055866120288050714,1
2017-09-30,ADANIPORTS.NS,0.4722167249021769,-0.04122665321407448,0.5355211216889333,0.07973372228246443,0.04115593867748624,0.14226938639769693,0.055866120288050714,1
2017-09-30,DRREDDY.NS,-0.2449927926461909,0.1523331886133914,-0.344801299819965,0.0894356893129629,-0.12787282042917048,0.04268383193654901,0.055866120288050714,0
2017-09-30,CIPLA.NS,0.014023536925232394,0.02482959042180366,-0.010544244231007971,0.06478939108616681,0.058647291348307595,0.07080687445254386,0.055866120288050714,1
2017-09-30,BRITANNIA.NS,0.29876616209039963,0.02677865470875407,0.2648940023580788,0.0518723949129414,0.18400805321704916,0.06796347500869837,0.055866120288050714,1
2017-09-30,EICHERMOT.NS,0.2614840758263137,-0.0075530093884309535,0.2710845896655476,0.06886225794427901,0.158305229595902,0.03268150689370963,0.055866120288050714,0
2017-09-30,HEROMOTOCO.NS,0.13302736120919478,-0.05520496883484072,0.1992308636635185,0.054562152247329944,0.019776832584531112,0.019962451021994676,0.055866120288050714,0
2017-09-30,BPCL.NS,0.2105472032059228,-0.10907393114922792,0.3587515794295235,0.07531152957295335,0.10564581159194342,0.14916204767098162,0.055866120288050714,1
2017-09-30,INDUSINDBK.NS,0.41193891266136706,0.01536143123111211,0.3905776497236162,0.04921846539934507,0.14176152459259495,-0.0327249995984098,0.055866120288050714,0
2017-09-30,APOLLOHOSP.NS,-0.23060697857492718,-0.0665798259760918,-0.17572702750972913,0.0640002611392085,-0.20715491632182337,0.033383113585401025,0.055866120288050714,0
2017-09-30,TATACONSUM.NS,0.5180124706020124,0.039393960847821985,0.46047844011310857,0.09300820882232284,0.4066680882866094,0.1027695122929666,0.055866120288050714,1
2017-10-31,RELIANCE.NS,0.797866107549299,0.20482783313010278,0.4922182722808641,0.06366155323399027,0.16499521246058824,-0.020513465940995235,-0.0070524644089995925,0
2017-10-31,TCS.NS,0.11546575521892244,0.08013032064860548,0.03271404745780915,0.053189691982017756,0.0559207753342168,0.004954365149214768,-0.0070524644089995925,1
2017-10-31,HDFCBANK.NS,0.4459447574478097,0.0015506409550156697,0.4437060876612766,0.03734847794446484,0.013505895181446181,0.024993082207959594,-0.0070524644089995925,1
2017-10-31,INFY.NS,-0.04857328184921372,0.038694093494543,-0.08401643553219573,0.06273358264915943,-0.07563209417194916,0.05884895652572286,-0.0070524644089995925,1
2017-10-31,ICICIBANK.NS,0.20174956580197723,0.08496015891636577,0.10764395902081625,0.0798240703858052,-0.00826190910167579,0.02482493743398395,-0.0070524644089995925,1
2017-10-31,HINDUNILVR.NS,0.5052007328916652,0.054135990738074735,0.42789995419639193,0.05587377178037079,0.07068999311561419,0.03497464579412357,-0.0070524644089995925,1
2017-10-31,BHARTIARTL.NS,0.5632908395507554,0.27667217555078727,0.2245045121910907,0.07550572127472822,0.18677635699132544,-0.0015084641440444857,-0.0070524644089995925,1
2017-10-31,ITC.NS,0.1101216460202068,0.028648699228061236,0.07920385925076867,0.07437240436614038,-0.06853631443186525,-0.03631900127524457,-0.0070524644089995925,0
2017-10-31,LT.NS,0.26870506623051416,0.0702684122505084,0.1854083066534149,0.057914740727141624,0.03627642511819196,-0.004704240931342696,-0.0070524644089995925,1
2017-10-31,KOTAKBANK.NS,0.2518363880716705,0.022748754239259483,0.2239920927626169,0.05229967785931044,0.0033279094284961452,-0.02414517917927861,-0.0070524644089995925,0
2017-10-31,AXISBANK.NS,0.08500723894934659,0.027496878812972136,0.055971323438776865,0.07790545946925317,0.00644497808917599,0.02341578003587763,-0.0070524644089995925,1
2017-10-31,SBIN.NS,0.19599022877776284,0.20464831251254423,-0.007187229372133674,0.10099788071455958,-0.021439963118411898,0.047580050224750314,-0.0070524644089995925,1
2017-10-31,BAJFINANCE.NS,0.6831355132245021,-0.02037471514497502,0.7181421705275706,0.09004092953111485,0.057248656017469646,-0.040847444472249306,-0.0070524644089995925,0
2017-10-31,ASIANPAINT.NS,0.11635538937030421,0.045773759081072285,0.06749225602223219,0.05249845585704304,0.018767441489496717,-0.02887769418628705,-0.0070524644089995925,0
2017-10-31,MARUTI.NS,0.4113638282207346,0.029210965100701314,0.37130663787928286,0.04566936615857342,0.0701073199400073,0.04723383765557232,-0.0070524644089995925,1
2017-10-31,HCLTECH.NS,0.14023929783999822,-0.02171906272869395,0.16555403912953537,0.05123989853902868,-0.03937124763902733,-0.0067932460095899705,-0.0070524644089995925,1
2017-10-31,SUNPHARMA.NS,-0.25125688995948037,0.09865864667010227,-0.31849340802089277,0.0940737851306017,0.04695895605501543,-0.023421652437612295,-0.0070524644089995925,0
2017-10-31,TITAN.NS,0.7087542361883394,0.08673326593073694,0.5723768561781077,0.10023218481349998,0.16720244735405387,0.2890989312375394,-0.0070524644089995925,1
2017-10-31,ULTRACEMCO.NS,0.10774577138439656,0.14188417999812897,-0.029896559748982865,0.0641089444286282,0.08483083779748846,-0.04481900168918729,-0.0070524644089995925,0
2017-10-31,WIPRO.NS,0.278274647023939,0.04924162630704698,0.21828434459182255,0.05550071040513149,0.019414023148027093,-0.0073116828084092145,-0.0070524644089995925,0
2017-10-31,ADANIENT.NS,0.9877777088150119,0.13757512480502365,0.7473814831839873,0.1213149202958913,-0.04060919829911358,0.10808780527967143,-0.0070524644089995925,1
2017-10-31,NESTLEIND.NS,0.047303026192829556,0.0031180352597341976,0.04404764881099443,0.051324809112063885,0.07212575787636721,0.05864048113203735,-0.0070524644089995925,1
2017-10-31,POWERGRID.NS,0.22971758391948294,0.004028563428607246,0.22478346604023036,0.05567708201246798,-0.0361239778630742,-0.027377896369199406,-0.0070524644089995925,0
2017-10-31,NTPC.NS,0.2245806373750927,0.082412601385774,0.1313436630424536,0.053389028146424565,0.11811329493820755,-0.0005517425524561581,-0.0070524644089995925,1
2017-10-31,TECHM.NS,0.13269021515642043,0.05285570979023757,0.07582663476469009,0.07551629669714303,0.24931997259407002,0.014935996830625076,-0.0070524644089995925,1
2017-10-31,BAJAJFINSV.NS,0.481574738894085,-0.0279563426430246,0.5241853878482623,0.08142153197240727,0.003706007986568949,0.040665805268998545,-0.0070524644089995925,1
2017-10-31,JSWSTEEL.NS,0.5755568067462391,0.0402496048620522,0.5145949581544655,0.0817188370010732,0.1681356942846981,-0.013929215040261345,-0.0070524644089995925,0
2017-10-31,ONGC.NS,0.03215104836662941,0.11787079771725417,-0.07668126721412583,0.0610750513320397,0.13350642821775094,-0.03935393923799424,-0.0070524644089995925,0
2017-10-31,TATASTEEL.NS,0.7667803738136532,0.07853816820593584,0.6381250343254465,0.07636031645842369,0.24105112646491067,-0.01371147471428169,-0.0070524644089995925,0
2017-10-31,COALINDIA.NS,-0.0624982891999295,0.05759624983802669,-0.11355424062476493,0.059371754239949226,0.14993941803384647,-0.03717925218454832,-0.0070524644089995925,0
2017-10-31,HINDALCO.NS,0.7949796428381324,0.11138806769767973,0.6150791024385946,0.08610347039587672,0.22293994903985936,-0.10078530708938205,-0.0070524644089995925,0
2017-10-31,GRASIM.NS,0.6486355886648094,0.082146498311638,0.5234865068981014,0.07077466507323653,0.15178054717036948,-0.046614039672796426,-0.0070524644089995925,0
2017-10-31,ADANIPORTS.NS,0.406411299630957,0.14226938639769693,0.23124309937629328,0.07186458508323151,0.08701688280275377,-0.07517131416817047,-0.0070524644089995925,0
2017-10-31,DRREDDY.NS,-0.27269617044747607,0.04268383193654901,-0.30246944732832204,0.08776682693510947,0.018861207703425587,-0.059345596773856535,-0.0070524644089995925,0
2017-10-31,CIPLA.NS,0.09507399814701167,0.07080687445254386,0.022662465355271832,0.07282064275194226,0.12051417353339411,-0.0425428624665225,-0.0070524644089995925,0
2017-10-31,BRITANNIA.NS,0.40883303530268167,0.06796347500869837,0.31917717063423634,0.053196789617853735,0.183063124193807,0.03795641865486821,-0.0070524644089995925,1
2017-10-31,EICHERMOT.NS,0.34652201763609347,0.03268150689370963,0.3039083286059914,0.06826232851818431,0.07154628385766504,-0.07102408265193028,-0.0070524644089995925,0
2017-10-31,HEROMOTOCO.NS,0.17696979269747914,0.019962451021994676,0.15393443309424204,0.05476587126694423,0.05310807763238912,-0.05617016112518802,-0.0070524644089995925,0
2017-10-31,BPCL.NS,0.27374176482897883,0.14916204767098162,0.10840918163846802,0.07378682430476484,0.14952785254372247,-0.06970094004808369,-0.0070524644089995925,0
2017-10-31,INDUSINDBK.NS,0.36135064160265595,-0.0327249995984098,0.4074080701325422,0.053098663183157986,-0.011301829329739665,0.021387081284241827,-0.0070524644089995925,1
2017-10-31,APOLLOHOSP.NS,-0.22070519879663242,0.033383113585401025,-0.24588007007435497,0.0665114078758353,-0.17056787555713881,0.06523517710182292,-0.0070524644089995925,1
2017-10-31,TATACONSUM.NS,0.6698312082578746,0.1027695122929666,0.5142159713735903,0.0991549657827473,0.3574502365851635,0.26503633035282337,-0.0070524644089995925,1
2017-11-30,RELIANCE.NS,0.8764221548831352,-0.020513465940995235,0.9157202162925282,0.06505956744043814,0.15591103499265335,-0.0005426150341248936,0.029185122575066003,0
2017-11-30,TCS.NS,0.18139918433846547,0.004954365149214768,0.1755749567424909,0.05114512755498171,0.059217779601379084,0.024345613605085248,0.029185122575066003,0
2017-11-30,HDFCBANK.NS,0.5555331524867864,0.024993082207959594,0.5176035619050023,0.035291300224951146,0.043485569333641116,0.010087962824782082,0.029185122575066003,0
2017-11-30,INFY.NS,0.030084281583309336,0.05884895652572286,-0.027165985068159038,0.0648913725351253,0.08172946203227993,0.06756503110022338,0.029185122575066003,1
2017-11-30,ICICIBANK.NS,0.2839906293624761,0.02482493743398395,0.2528877688880271,0.07423694892993148,0.03187366087132637,0.020972385644377978,0.029185122575066003,0
2017-11-30,HINDUNILVR.NS,0.5310807418158447,0.03497464579412357,0.4793413037099714,0.0524950587514621,0.049993590052218595,0.07497340267951125,0.029185122575066003,1
2017-11-30,BHARTIARTL.NS,0.5332821114081261,-0.0015084641440444857,0.5355985066951239,0.07778656025420476,0.16074354139843017,0.06687484814585543,0.029185122575066003,1
2017-11-30,ITC.NS,0.11857691779646795,-0.03631900127524457,0.1607336030041966,0.06754728199553507,-0.09282559316352668,0.02811958659272662,0.029185122575066003,0
2017-11-30,LT.NS,0.35218543083832166,-0.004704240931342696,0.3585765020275198,0.05591483621246929,0.07062379548387021,0.03427743706025432,0.029185122575066003,1
2017-11-30,KOTAKBANK.NS,0.32494061945926367,-0.02414517917927861,0.3577230866625749,0.05052659956716791,0.024897440658517178,0.009897037413401977,0.029185122575066003,0
2017-11-30,AXISBANK.NS,0.15070835753810186,0.02341578003587763,0.12438011997212084,0.07732301513076827,0.07005088904826096,0.05332456739980507,0.029185122575066003,1
2017-11-30,SBIN.NS,0.2511980786821115,0.047580050224750314,0.1943698989052689,0.10593029136948968,0.15337527779163707,-0.03262039119278348,0.029185122575066003,0
2017-11-30,BAJFINANCE.NS,0.8824821654173549,-0.040847444472249306,0.9626514620310471,0.08551470335484657,-0.030781763325216427,0.01716799596493268,0.029185122575066003,0
2017-11-30,ASIANPAINT.NS,0.19293206106477312,-0.02887769418628705,0.22840558179250525,0.051848878393677994,-0.016451695904447394,0.010246187130560136,0.029185122575066003,0
2017-11-30,MARUTI.NS,0.6492811487419801,0.04723383765557232,0.5748929125840725,0.04245140080254197,0.11672275641135088,0.13146140617858748,0.029185122575066003,1
2017-11-30,HCLTECH.NS,0.07522071321950952,-0.0067932460095899705,0.08257491091315261,0.05416884233006577,-0.01769710679007308,0.05011776046820282,0.029185122575066003,1
2017-11-30,SUNPHARMA.NS,-0.23418018720114542,-0.023421652437612295,-0.21581323740138425,0.08750290416476471,0.1297490114764832,0.057782673808356666,0.029185122575066003,1
2017-11-30,TITAN.NS,1.5435499704922946,0.2890989312375394,0.9731223949200534,0.11855088575075191,0.32701350539965723,0.04793009766376355,0.029185122575066003,1
2017-11-30,ULTRACEMCO.NS,0.16945847206481712,-0.04481900168918729,0.2243318011276847,0.06157771759107686,0.05084477742901661,0.027784485865784303,0.029185122575066003,0
2017-11-30,WIPRO.NS,0.26033709763355906,-0.0073116828084092145,0.2696201575124526,0.05359387044947972,-0.02407225919019762,0.07656741644133414,0.029185122575066003,1
2017-11-30,ADANIENT.NS,1.1654089444658982,0.10808780527967143,0.9541853399599216,0.1264523000080784,0.10599771169380245,0.13472052823545866,0.029185122575066003,1
2017-11-30,NESTLEIND.NS,0.23141383189797904,0.05864048113203735,0.1632030456469884,0.05015268346729445,0.07614542393148449,0.03136014059644121,0.029185122575066003,1
2017-11-30,POWERGRID.NS,0.09632759027456816,-0.027377896369199406,0.12718761601445672,0.05353100867999277,-0.04519552811965588,-0.027663215846818745,0.029185122575066003,0
2017-11-30,NTPC.NS,0.14213613349297471,-0.0005517425524561581,0.1427666464793651,0.05517452961493652,0.0873654082569213,-0.02290936061559601,0.029185122575066003,0
2017-11-30,TECHM.NS,0.03220686880566381,0.014935996830625076,0.017016710441811966,0.06880072842601903,0.14270678796308367,0.030250658557405385,0.029185122575066003,1
2017-11-30,BAJAJFINSV.NS,0.7445817711774243,0.040665805268998545,0.6764092394930501,0.07354028622821193,-0.052472864907506245,0.003125949586618937,0.029185122575066003,0
2017-11-30,JSWSTEEL.NS,0.4905765584050208,-0.013929215040261345,0.5116324113241841,0.07735423869511558,0.0017689694722824445,0.05866181413838922,0.029185122575066003,1
2017-11-30,ONGC.NS,-0.03131465511178588,-0.03935393923799424,0.008368622382973756,0.06453459432957709,0.1752751247186286,0.08054246526234987,0.029185122575066003,1
2017-11-30,TATASTEEL.NS,0.7022504577394819,-0.01371147471428169,0.725915301758536,0.06579462041455535,0.08792401236103498,0.055103447968883,0.029185122575066003,1
2017-11-30,COALINDIA.NS,-0.049969627072953604,-0.03717925218454832,-0.013284274271639251,0.06090930167220352,0.1617520529423877,-0.04659154137360866,0.029185122575066003,0
2017-11-30,HINDALCO.NS,0.37437218338096967,-0.10078530708938205,0.5284138417849258,0.08164692456212465,0.014898806083271321,0.13765846483061583,0.029185122575066003,1
2017-11-30,GRASIM.NS,0.7433584350199713,-0.046614039672796426,0.8285967148306315,0.07139511610869981,-0.016706571906962564,-0.003547307585312298,0.029185122575066003,0
2017-11-30,ADANIPORTS.NS,0.43688981824639694,-0.07517131416817047,0.5536821470389384,0.0643770569647531,0.01285151492548775,0.01922111680710148,0.029185122575066003,0
2017-11-30,DRREDDY.NS,-0.2802164444722842,-0.059345596773856535,-0.234805521497493,0.0883632252540762,0.13021431171559605,0.05698210878062793,0.029185122575066003,1
2017-11-30,CIPLA.NS,0.06430808607896443,-0.0425428624665225,0.11159867565533799,0.07420235428076417,0.05070826427895225,0.01264765314943661,0.029185122575066003,0
2017-11-30,BRITANNIA.NS,0.5968506666042053,0.03795641865486821,0.5384563724492708,0.04814277452823663,0.13818367030177825,-0.022084200584231883,0.029185122575066003,0
2017-11-30,EICHERMOT.NS,0.3897580975412358,-0.07102408265193028,0.4960108993014076,0.06154204702021259,-0.04790962550941391,0.013251237805672167,0.029185122575066003,0
2017-11-30,HEROMOTOCO.NS,0.17604988047127446,-0.05617016112518802,0.24604015684999325,0.04940058938871426,-0.09047322651525247,0.04169349480087092,0.029185122575066003,1
2017-11-30,BPCL.NS,0.23114862873454678,-0.06970094004808369,0.32339016745666727,0.07155878020952323,-0.04754268109913751,0.027488469995060605,0.029185122575066003,0
2017-11-30,INDUSINDBK.NS,0.535251374368537,0.021387081284241827,0.5031043592583799,0.05408840192405447,0.0031387026917135685,-0.007852335014158385,0.029185122575066003,0
2017-11-30,APOLLOHOSP.NS,-0.06937403403563591,0.06523517710182292,-0.12636572095158283,0.06986957975176725,0.027505234968543624,0.08903554629494081,0.029185122575066003,1
2017-11-30,TATACONSUM.NS,1.3870005194512327,0.26503633035282337,0.8869027411928081,0.10779467805788638,0.44999978596010237,0.10205514667810034,0.029185122575066003,1
2017-12-31,RELIANCE.NS,0.7153952251147033,-0.0005426150341248936,0.7163265296931822,0.061180699632950246,0.17947229155086286,0.0437001743716503,0.010611178546771183,1
2017-12-31,TCS.NS,0.16437462384356083,0.024345613605085248,0.13670094192687277,0.04878346673107425,0.11190839823872589,0.15494204476394025,0.010611178546771183,1
2017-12-31,HDFCBANK.NS,0.5626277223743348,0.010087962824782082,0.5470214277223306,0.037293110423096444,0.036938604339114445,0.07119212954392684,0.010611178546771183,1
2017-12-31,INFY.NS,0.06154242694742895,0.06756503110022338,-0.00564144007844436,0.06453151490129912,0.17412954016160276,0.10383356876748673,0.010611178546771183,1
2017-12-31,ICICIBANK.NS,0.36355094915494157,0.020972385644377978,0.3355414586402825,0.0746101750552807,0.1352133015038084,0.12404457092265853,0.010611178546771183,1
2017-12-31,HINDUNILVR.NS,0.6810250269959088,0.07497340267951125,0.5637829017962073,0.0513462187033012,0.17280030762177878,0.0010967872997602601,0.010611178546771183,0
2017-12-31,BHARTIARTL.NS,0.7372390812921408,0.06687484814585543,0.6283438346225199,0.08649326483574123,0.3599948306900509,-0.1641582427197833,0.010611178546771183,0
2017-12-31,ITC.NS,0.10648525973237821,0.02811958659272662,0.07622233265622524,0.06594390838105511,0.019163848470200362,0.030959252002694893,0.010611178546771183,1
2017-12-31,LT.NS,0.4334178431897513,0.03427743706025432,0.38591232084108995,0.0554217066938807,0.10174708986026682,0.12576943496853588,0.010611178546771183,1
2017-12-31,KOTAKBANK.NS,0.4045192494191101,0.009897037413401977,0.3907548961787568,0.04812431608941161,0.007932083083364905,0.0977528889166921,0.010611178546771183,1
2017-12-31,AXISBANK.NS,0.2656758138094224,0.05332456739980507,0.20160096230720148,0.07506458220003792,0.10763031622504404,0.0525756252173577,0.010611178546771183,1
2017-12-31,SBIN.NS,0.24981056111923206,-0.03262039119278348,0.29195462643693104,0.10779502344246485,0.2207997301474085,0.010809918371450289,0.010611178546771183,1
2017-12-31,BAJFINANCE.NS,1.0912296963853083,0.01716799596493268,1.0559334393936286,0.08477617499629471,-0.044258682244779024,-0.044885182387078726,0.010611178546771183,0
2017-12-31,ASIANPAINT.NS,0.3118006429611866,0.010246187130560136,0.2984960098559173,0.05395692384233195,0.025979987825214046,-0.026067962038006987,0.010611178546771183,0
2017-12-31,MARUTI.NS,0.8473125199616258,0.13146140617858748,0.6326783307623043,0.04674695870070142,0.21951687953071275,-0.02259618975537503,0.010611178546771183,0
2017-12-31,HCLTECH.NS,0.09617406891096136,0.05011776046820282,0.04385823207315709,0.05418755747326565,0.02033141612792777,0.11005965852465582,0.010611178546771183,1
2017-12-31,SUNPHARMA.NS,-0.08732009776614258,0.057782673808356666,-0.13717635499935232,0.09095633994005632,0.134922792975938,0.015320309032255564,0.010611178546771183,1
2017-12-31,TITAN.NS,1.6385475214037508,0.04793009766376355,1.5178659600350075,0.0989333849407477,0.4680522862002743,0.013284392694926428,0.010611178546771183,1
2017-12-31,ULTRACEMCO.NS,0.3325860983226936,0.027784485865784303,0.296561795443089,0.060934960794153586,0.12101077841952623,0.014211035523196358,0.010611178546771183,1
2017-12-31,WIPRO.NS,0.33052760631493405,0.07656741644133414,0.23589808310665994,0.052995970571131666,0.12132022096493955,-0.027224289648915545,0.010611178546771183,0
2017-12-31,ADANIENT.NS,1.1842979999619092,0.13472052823545866,0.9249656154177368,0.12282350411314467,0.4303528116267943,0.28163493563380837,0.010611178546771183,1
2017-12-31,NESTLEIND.NS,0.3217425960930427,0.03136014059644121,0.2815529164513493,0.05016593350141684,0.0952439898180446,-0.051042359153235295,0.010611178546771183,0
2017-12-31,POWERGRID.NS,0.1147973023368789,-0.027663215846818745,0.1465135542596674,0.051286513188302824,-0.05047387366701728,-0.03269253420492613,0.010611178546771183,0
2017-12-31,NTPC.NS,0.1051328296731715,-0.02290936061559601,0.1310443321506365,0.05597477386377417,0.05703168944434012,-0.03813511605584985,0.010611178546771183,0
2017-12-31,TECHM.NS,0.05538353726879164,0.030250658557405385,0.024394916424104185,0.07101332374639792,0.10090644312668284,0.21545490960032043,0.010611178546771183,1
2017-12-31,BAJAJFINSV.NS,0.8075571386739697,0.003125949586618937,0.8019244137975408,0.07199938974154545,0.014734720376569976,-0.07992677208669696,0.010611178546771183,0
2017-12-31,JSWSTEEL.NS,0.6764304058457999,0.05866181413838922,0.5835372386697377,0.07946289177992018,0.08593267189821163,0.07468524213697059,0.010611178546771183,1
2017-12-31,ONGC.NS,0.05354353087005248,0.08054246526234987,-0.024986463059313735,0.06456247555769991,0.16037097413710377,0.04226441241633183,0.010611178546771183,1
2017-12-31,TATASTEEL.NS,0.9053052084806015,0.055103447968883,0.805799433362095,0.06585482765786661,0.12236610220853805,0.010412438722092077,0.010611178546771183,0
2017-12-31,COALINDIA.NS,-0.06826761178663232,-0.04659154137360866,-0.0227353451890423,0.06418164586164783,-0.029167418157630465,0.13918979555990751,0.010611178546771183,1
2017-12-31,HINDALCO.NS,0.7723104395899274,0.13765846483061583,0.5578580869204925,0.08466660059091909,0.13694911202382154,-0.06360803123760816,0.010611178546771183,0
2017-12-31,GRASIM.NS,0.7523764824036618,-0.003547307585312298,0.7586148301302256,0.07061016827245224,0.02804350964192004,-0.004889418978835325,0.010611178546771183,0
2017-12-31,ADANIPORTS.NS,0.5160624874944377,0.01922111680710148,0.4874716217063708,0.06491461386234319,0.07670875047031966,0.05719222249817513,0.010611178546771183,1
2017-12-31,DRREDDY.NS,-0.205268596071155,0.05698210878062793,-0.24811271891283448,0.09026416876129534,0.03669348273192119,-0.0782246637435221,0.010611178546771183,0
2017-12-31,CIPLA.NS,0.07360060396047641,0.01264765314943661,0.06019166747828808,0.07482151589164389,0.03821871256554421,-0.026869239014731483,0.010611178546771183,0
2017-12-31,BRITANNIA.NS,0.6409010441458638,-0.022084200584231883,0.6779573917572248,0.05050606142965563,0.08401921750199648,-0.005329980319008998,0.010611178546771183,0
2017-12-31,EICHERMOT.NS,0.396338946724097,0.013251237805672167,0.3780777112575271,0.06513304766638851,-0.027951357018093703,-0.11262870607637487,0.010611178546771183,0
2017-12-31,HEROMOTOCO.NS,0.27435054336991427,0.04169349480087092,0.223345014373463,0.053300236326055406,0.002808113965052872,-0.024754513919122423,0.010611178546771183,0
2017-12-31,BPCL.NS,0.2818107329270494,0.027488469995060605,0.24751836186853882,0.0730103669997222,0.09845131661195605,-0.049063279689613104,0.010611178546771183,0
2017-12-31,INDUSINDBK.NS,0.4939806260993591,-0.007852335014158385,0.505804709141435,0.05351496465791516,-0.01979562063356244,0.06319368512848444,0.010611178546771183,1
2017-12-31,APOLLOHOSP.NS,0.026712725148908323,0.08903554629494081,-0.057227536197568485,0.07131198589287158,0.19880602115228996,-0.034860729318095474,0.010611178546771183,0
2017-12-31,TATACONSUM.NS,1.6704965944134442,0.10205514667810034,1.4231968812659344,0.11107260965537359,0.5374148657704538,-0.08138441286753217,0.010611178546771183,0
2018-01-31,RELIANCE.NS,0.8540794320852614,0.0437001743716503,0.7764483302893879,0.06060407022181787,0.021735556324282923,-0.007021896767351765,-0.025352268741363038,1
2018-01-31,TCS.NS,0.4225983858713158,0.15494204476394025,0.23174872048413664,0.051709758144334504,0.18892112785139736,-0.024836651999748605,-0.025352268741363038,1
2018-01-31,HDFCBANK.NS,0.5692125885464112,0.07119212954392684,0.4649216935663285,0.03810961764198808,0.10904074778402828,-0.060577386591763704,-0.025352268741363038,0
2018-01-31,INFY.NS,0.2752389302265379,0.10383356876748673,0.15528188878187343,0.06556717973273148,0.24776255938026015,0.01943052407895074,-0.025352268741363038,1
2018-01-31,ICICIBANK.NS,0.4549034304207713,0.12404457092265853,0.29434674394319726,0.077320316781935,0.17610802379048995,-0.11248049229670198,-0.025352268741363038,0
2018-01-31,HINDUNILVR.NS,0.6257171239765289,0.0010967872997602601,0.6239360115834007,0.05183130154970828,0.1137904695600731,-0.03768187228254272,-0.025352268741363038,0
2018-01-31,BHARTIARTL.NS,0.2746157729807328,-0.1641582427197833,0.5249486662741794,0.08814134699335006,-0.10960660775303133,-0.02569072145428375,-0.025352268741363038,0
2018-01-31,ITC.NS,0.06803607277163404,0.030959252002694893,0.035963420180686434,0.049114721379201115,0.02145309635400805,-0.023397465496072023,-0.025352268741363038,1
2018-01-31,LT.NS,0.505299733335439,0.12576943496853588,0.3371296879964685,0.05616760126177228,0.1588805057061815,-0.06943148462335436,-0.025352268741363038,0
2018-01-31,KOTAKBANK.NS,0.43337122394541283,0.0977528889166921,0.3057321355445697,0.04936250867152978,0.08184962479821345,-0.016592323787042784,-0.025352268741363038,1
2018-01-31,AXISBANK.NS,0.2863350019760944,0.0525756252173577,0.2220832129857322,0.07509690859614958,0.1346649285758943,-0.10924864753661967,-0.025352268741363038,0
2018-01-31,SBIN.NS,0.2140691244124442,0.010809918371450289,0.2010854883265012,0.11394839052557498,0.02436243238861535,-0.14445331921347604,-0.025352268741363038,0
2018-01-31,BAJFINANCE.NS,0.6223167513639258,-0.044885182387078726,0.6985567823337875,0.0862668172718699,-0.06817156671491709,-0.02240990075101812,-0.025352268741363038,1
2018-01-31,ASIANPAINT.NS,0.17277179030581058,-0.026067962038006987,0.2041618353164567,0.054980714615562754,-0.04450195678187119,-0.00935007503994345,-0.025352268741363038,1
2018-01-31,MARUTI.NS,0.6295238132138159,-0.02259618975537503,0.6671960924788887,0.049863860051184566,0.158130339773759,-0.06927125380707289,-0.025352268741363038,0
2018-01-31,HCLTECH.NS,0.2420206550737909,0.11005965852465582,0.11887739144085319,0.05726728504328058,0.1577745208121486,-0.04688025429880982,-0.025352268741363038,0
2018-01-31,SUNPHARMA.NS,-0.07553847999598262,0.015320309032255564,-0.0894878081527194,0.08720026832847579,0.04883365218540714,-0.07682375106352968,-0.025352268741363038,0
2018-01-31,TITAN.NS,1.4132908437060063,0.013284392694926428,1.3816520427079992,0.10351149704204797,0.3688312632933175,-0.061410931158597304,-0.025352268741363038,0
2018-01-31,ULTRACEMCO.NS,0.1890056707743175,0.014211035523196358,0.17234542824802768,0.06132947421046609,-0.004328527946332317,-0.051665943514188406,-0.025352268741363038,0
2018-01-31,WIPRO.NS,0.3407924487970131,-0.027224289648915545,0.3783161262456971,0.05280552894813254,0.039601410324715314,-0.039054836562687156,-0.025352268741363038,0
2018-01-31,ADANIENT.NS,1.4589741810868175,0.28163493563380837,0.9186229344402026,0.13106510959290243,0.6114892930496749,-0.04526277525620548,-0.025352268741363038,0
2018-01-31,NESTLEIND.NS,0.29210815597870177,-0.051042359153235295,0.36160783196364843,0.0500531177499692,0.03610952669215717,0.03916110266057271,-0.025352268741363038,1
2018-01-31,POWERGRID.NS,-0.04499247666749906,-0.03269253420492613,-0.012715649260975237,0.04798632836747289,-0.08520161235962631,0.033070081146386654,-0.025352268741363038,1
2018-01-31,NTPC.NS,0.01611451824356136,-0.03813511605584985,0.05640047287822725,0.05379258743473109,-0.06068936929319091,-0.025013816028442326,-0.025352268741363038,1
2018-01-31,TECHM.NS,0.3868793379422151,0.21545490960032043,0.14103725855059834,0.0742945139097116,0.2709264231235875,0.0,-0.025352268741363038,1
2018-01-31,BAJAJFINSV.NS,0.48324179158684255,-0.07992677208669696,0.6120910233968964,0.06851705321281575,-0.039518191815426484,0.04973664656870591,-0.025352268741363038,1
2018-01-31,JSWSTEEL.NS,0.479768333424192,0.07468524213697059,0.37693184516215106,0.08306382317652664,0.12188056692233795,0.07673726525510993,-0.025352268741363038,1
2018-01-31,ONGC.NS,0.03735318748369365,0.04226441241633183,-0.004712071979174781,0.06731169387486667,0.08189012005113239,-0.0744653699578125,-0.025352268741363038,0
2018-01-31,TATASTEEL.NS,0.6266335878690432,0.010412438722092077,0.6098709057128295,0.07222783249130225,0.05147198671507924,-0.04744336299336205,-0.025352268741363038,0
2018-01-31,COALINDIA.NS,0.02983849290717444,0.13918979555990751,-0.09599041624050642,0.06868566592304144,0.045732310984732294,0.032048232116751674,-0.025352268741363038,1
2018-01-31,HINDALCO.NS,0.35465897472103647,-0.06360803123760816,0.44667940340353285,0.08616017183364875,-0.04207175843079092,-0.04196761675909133,-0.025352268741363038,0
2018-01-31,GRASIM.NS,0.6522659856574067,-0.004889418978835325,0.6603843001668024,0.07235689906493945,-0.0546409605437741,-0.006335892148396471,-0.025352268741363038,1
2018-01-31,ADANIPORTS.NS,0.4667237881748203,0.05719222249817513,0.38737663497836783,0.07475574216291293,-0.0034854033139257723,-0.04780243662921635,-0.025352268741363038,0
2018-01-31,DRREDDY.NS,-0.25734110059473647,-0.0782246637435221,-0.19431680346172375,0.0915299091296861,-0.08352037849737415,0.00534746546047038,-0.025352268741363038,1
2018-01-31,CIPLA.NS,0.032859749555397944,-0.026869239014731483,0.06137817338099083,0.07561909771567818,-0.05648479671501272,-0.004222006828084046,-0.025352268741363038,1
2018-01-31,BRITANNIA.NS,0.5048603597833694,-0.005329980319008998,0.5129242160792238,0.05355121253737405,0.0096238697662403,0.0662019707283028,-0.025352268741363038,1
2018-01-31,EICHERMOT.NS,0.17313663315747818,-0.11262870607637487,0.32203581656366786,0.06954930552527405,-0.16472982587424279,0.019096531558701946,-0.025352268741363038,1
2018-01-31,HEROMOTOCO.NS,0.19238456398592674,-0.024754513919122423,0.22265068744654704,0.0528738390735918,-0.04115677437952403,-0.010534052367158542,-0.025352268741363038,1
2018-01-31,BPCL.NS,0.13639600991478096,-0.049063279689613104,0.19502800306613444,0.0787986787935863,-0.09102663583729054,-0.09928735101609076,-0.025352268741363038,0
2018-01-31,INDUSINDBK.NS,0.4055173635988589,0.06319368512848444,0.3219767792629482,0.05591776764178932,0.07740519071102447,-0.041269735982303324,-0.025352268741363038,0
2018-01-31,APOLLOHOSP.NS,-0.049479784776911506,-0.034860729318095474,-0.015147094210027467,0.0756201958439731,0.1196377739613399,0.03461474709335488,-0.025352268741363038,1
2018-01-31,TATACONSUM.NS,1.3227433633333092,-0.08138441286753217,1.5285259643633293,0.10665414061349221,0.2806785496357771,-0.052124440759544144,-0.025352268741363038,0
2018-02-28,RELIANCE.NS,0.5542797181258472,-0.007021896767351765,0.5652708887193756,0.061800159388228575,0.03580906877799239,-0.07527093166795595,-0.035412459958652,0
2018-02-28,TCS.NS,0.25426198602273864,-0.024836651999748605,0.2862070632523561,0.05674595134935006,0.1536765725393492,-0.06125096015002729,-0.035412459958652,0
2018-02-28,HDFCBANK.NS,0.36444841290551366,-0.060577386591763704,0.452433008776826,0.04050028890195872,0.016453648072636717,0.001008300902257453,-0.035412459958652,1
2018-02-28,INFY.NS,0.19241027273011668,0.01943052407895074,0.16968272438914078,0.05344885154474351,0.2013113220688243,-0.03479418932782308,-0.035412459958652,1
2018-02-28,ICICIBANK.NS,0.25667861355585186,-0.11248049229670198,0.4159447794086861,0.0821069601184839,0.0185337769922036,-0.11141253442485377,-0.035412459958652,0
2018-02-28,HINDUNILVR.NS,0.5454865440196857,-0.03768187228254272,0.606003773082253,0.049942881091077286,0.03560098181361915,0.01183815052246251,-0.035412459958652,1
2018-02-28,BHARTIARTL.NS,0.1842233292080595,-0.02569072145428375,0.2154490933060469,0.09439185943536725,-0.13117085877113832,-0.06965351850072254,-0.035412459958652,0
2018-02-28,ITC.NS,0.026736635629041494,-0.023397465496072023,0.05133521504793093,0.04938660032675151,0.03514927044974181,-0.03603073058948092,-0.035412459958652,0
2018-02-28,LT.NS,0.37890331895732143,-0.06943148462335436,0.4817859149245054,0.06440714406613705,0.08351482649043063,-0.005500076932182574,-0.035412459958652,1
2018-02-28,KOTAKBANK.NS,0.3604696430537897,-0.016592323787042784,0.38342385966812365,0.054358856898809316,0.09022285163268617,-0.039200234042164106,-0.035412459958652,0
2018-02-28,AXISBANK.NS,0.053873438214087965,-0.10924864753661967,0.18312864224072434,0.08100389043145037,-0.012420621766931594,-0.03451538116397279,-0.035412459958652,1
2018-02-28,SBIN.NS,0.0045454832839499915,-0.14445331921347604,0.17415625101887833,0.11494024519428149,-0.16341488293475326,-0.0675373790514412,-0.035412459958652,0
2018-02-28,BAJFINANCE.NS,0.48392244218996106,-0.02240990075101812,0.5179393115068993,0.08353618702940559,-0.05025926759173249,0.07761018991274904,-0.035412459958652,1
2018-02-28,ASIANPAINT.NS,0.10111824706924954,-0.00935007503994345,0.11151095793364862,0.057342621084723315,-0.025288515002870993,0.0023704729168605443,-0.035412459958652,1
2018-02-28,MARUTI.NS,0.5094104064986409,-0.06927125380707289,0.6217511414284405,0.05392149218268161,0.029287977820417366,0.0011467438878052238,-0.035412459958652,1
2018-02-28,HCLTECH.NS,0.13454610085839125,-0.04688025429880982,0.19035001213171765,0.0633690700671488,0.11104536132307374,0.030096680547682775,-0.035412459958652,1
2018-02-28,SUNPHARMA.NS,-0.2062625553019526,-0.07682375106352968,-0.14021028420904524,0.09100769546186177,-0.008519573263417679,-0.0751845176579754,-0.035412459958652,0
2018-02-28,TITAN.NS,0.8757440016713887,-0.061410931158597304,0.9984720299233967,0.09792255288124725,-0.0033580591195648823,0.15456704629010054,-0.035412459958652,1
2018-02-28,ULTRACEMCO.NS,0.10364623503684678,-0.051665943514188406,0.16377370135431701,0.0638784789172684,-0.011465714152947504,-0.049475371642832444,-0.035412459958652,0
2018-02-28,WIPRO.NS,0.2019473094390276,-0.039054836562687156,0.250796981109356,0.053043856500033015,0.006358118508345001,-0.039788213716746346,-0.035412459958652,0
2018-02-28,ADANIENT.NS,1.0771553329743284,-0.04526277525620548,1.1756304029433196,0.12014841823780238,0.3884719315742944,-0.2316384141321728,-0.035412459958652,0
2018-02-28,NESTLEIND.NS,0.2563184924183355,0.03916110266057271,0.20897374738312768,0.049293349889959405,0.017044726159737733,0.05693355204834072,-0.035412459958652,1
2018-02-28,POWERGRID.NS,0.058582435156625756,0.033070081146386654,0.024695666321038257,0.04902119555276669,-0.028347349886099105,-0.02250880428895019,-0.035412459958652,1
2018-02-28,NTPC.NS,0.03184001397809233,-0.025013816028442326,0.05831244682354719,0.04675440070583236,-0.08367953961356978,0.039509633483266526,-0.035412459958652,1
2018-02-28,TECHM.NS,0.25580081124817067,0.0,0.25580081124817067,0.07716348494115531,0.2522232210625619,0.04251995287620303,-0.035412459958652,1
2018-02-28,BAJAJFINSV.NS,0.2911694736763837,0.04973664656870591,0.22999371118161305,0.06605370118613162,-0.03114626491133632,0.023724702236443962,-0.035412459958652,1
2018-02-28,JSWSTEEL.NS,0.6887760513660903,0.07673726525510993,0.5684198047756532,0.08573394991845407,0.2250343808939963,-0.07703387244953741,-0.035412459958652,0
2018-02-28,ONGC.NS,-0.006609409618107964,-0.0744653699578125,0.07331542023080373,0.07227685002606032,0.04234724203578999,-0.04406329251793417,-0.035412459958652,0
2018-02-28,TATASTEEL.NS,0.4863841585573392,-0.04744336299336205,0.5604155184181254,0.07798384892449083,0.015510769814395031,-0.14971708854472832,-0.035412459958652,0
2018-02-28,COALINDIA.NS,0.020910237160611356,0.032048232116751674,-0.010792126384729261,0.06432141884524266,0.12092119459189532,-0.02942169913060433,-0.035412459958652,1
2018-02-28,HINDALCO.NS,0.33723048735884165,-0.04196761675909133,0.3958092761281735,0.07778967136277935,0.020586388856464577,-0.12571305574401126,-0.035412459958652,0
2018-02-28,GRASIM.NS,0.5097338662744995,-0.006335892148396471,0.5193603697115394,0.07866470805369315,-0.01470193014136012,-0.08831447937216752,-0.035412459958652,0
2018-02-28,ADANIPORTS.NS,0.3577325681366472,-0.04780243662921635,0.42589376445185145,0.07125154895405428,0.026004908113806957,-0.1328516118851758,-0.035412459958652,0
2018-02-28,DRREDDY.NS,-0.2091343985707349,0.00534746546047038,-0.21334103024069195,0.0852708549151198,-0.020489925456367408,-0.07004136377260417,-0.035412459958652,0
2018-02-28,CIPLA.NS,0.013786195090265352,-0.004222006828084046,0.018084555033182292,0.07575376525718076,-0.018721947099729852,-0.07495961979555765,-0.035412459958652,0
2018-02-28,BRITANNIA.NS,0.5553228411343123,0.0662019707283028,0.45875067185619645,0.05168770705236957,0.03709841790287771,-0.004735547668071272,-0.035412459958652,1
2018-02-28,EICHERMOT.NS,0.14095789978626994,0.019096531558701946,0.11957784611550193,0.06660144734190374,-0.08369967243504361,0.03407367109495474,-0.035412459958652,1
2018-02-28,HEROMOTOCO.NS,0.1927008467137652,-0.010534052367158542,0.20539857846258847,0.05159263142329659,0.005205262424145873,-0.01498586329227758,-0.035412459958652,1
2018-02-28,BPCL.NS,0.01259483201807754,-0.09928735101609076,0.1242151791255317,0.07295965831682694,-0.1199348231813474,-0.004888788575401315,-0.035412459958652,1
2018-02-28,INDUSINDBK.NS,0.2853517981665752,-0.041269735982303324,0.3406813640993498,0.06198362199604072,0.011311952022780902,0.06901676598123307,-0.035412459958652,1
2018-02-28,APOLLOHOSP.NS,-0.07067278730062232,0.03461474709335488,-0.10176496583851324,0.08230061789827571,0.08745352880179147,-0.11504104395395187,-0.035412459958652,0
2018-02-28,TATACONSUM.NS,1.0549469381140106,-0.052124440759544144,1.1679501260277925,0.09701346704456633,-0.040403925708046406,-0.06079862121846802,-0.035412459958652,0
2018-03-31,RELIANCE.NS,0.34713739417735456,-0.07527093166795595,0.45679144336537236,0.06261797127027689,-0.04163722280799487,0.09131065785264769,0.058083959878280855,1
2018-03-31,TCS.NS,0.19411797833445643,-0.06125096015002729,0.2720311048470374,0.06184511167728227,0.05727281923643224,0.2397031096586919,0.058083959878280855,1
2018-03-31,HDFCBANK.NS,0.316164143248838,0.001008300902257453,0.3148383905133607,0.042152249907150524,0.007316765123743352,0.0308574643166164,0.058083959878280855,0
2018-03-31,INFY.NS,0.13983143714464386,-0.03479418932782308,0.18092061251771407,0.05463511440287084,0.08612837130129702,0.059816082882164556,0.058083959878280855,1
2018-03-31,ICICIBANK.NS,0.11465194246283006,-0.11141253442485377,0.2544088068374468,0.08903192535609787,-0.11353493960665273,0.021016785098124657,0.058083959878280855,0
2018-03-31,HINDUNILVR.NS,0.4851427100082246,0.01183815052246251,0.46776706258937906,0.04670863964232989,-0.025221852461084326,0.13166074928056926,0.058083959878280855,1
2018-03-31,BHARTIARTL.NS,0.14926332671217968,-0.06965351850072254,0.23530679114313635,0.10384799159865322,-0.24235524347481519,0.02721366674682857,0.058083959878280855,0
2018-03-31,ITC.NS,-0.07416870726616631,-0.03603073058948092,-0.039563477682237,0.05020390965495083,-0.029439669296415394,0.10156556479095213,0.058083959878280855,1
2018-03-31,LT.NS,0.2792828091978292,-0.005500076932182574,0.2863578764807926,0.06098570824646332,0.04184368040583797,0.0686549718405538,0.058083959878280855,1
2018-03-31,KOTAKBANK.NS,0.20208241058320264,-0.039200234042164106,0.25112687697714886,0.052083968198586746,0.037220451080281824,0.15585021672132093,0.058083959878280855,1
2018-03-31,AXISBANK.NS,0.05035792867587818,-0.03451538116397279,0.08790746966240959,0.08294422313045811,-0.09477787846776531,0.013320414993648555,0.058083959878280855,0
2018-03-31,SBIN.NS,-0.14055895336576574,-0.0675373790514412,-0.07831045735650244,0.12559695960235034,-0.19361092191403084,-0.014005600016569919,0.058083959878280855,0
2018-03-31,BAJFINANCE.NS,0.5132026614024485,0.07761018991274904,0.4042208171073143,0.07940598816664406,0.006176261028989716,0.07929064185421186,0.058083959878280855,1
2018-03-31,ASIANPAINT.NS,0.0530399914040669,0.0023704729168605443,0.05054969181181068,0.05487865760101662,-0.03288720648464927,0.07256373019805884,0.058083959878280855,1
2018-03-31,MARUTI.NS,0.4877293485646159,0.0011467438878052238,0.48602525818267095,0.055178192815882564,-0.089258986748747,-0.00520808236369541,0.058083959878280855,0
2018-03-31,HCLTECH.NS,0.1223987331394778,0.030096680547682775,0.08960523253285291,0.06866718937519188,0.08986266276129107,0.08687806325781677,0.058083959878280855,1
2018-03-31,SUNPHARMA.NS,-0.2756997736352558,-0.0751845176579754,-0.21681649994601182,0.08606015825815662,-0.13315232723201664,0.0672593312933325,0.058083959878280855,1
2018-03-31,TITAN.NS,1.0460983280958889,0.15456704629010054,0.7721780079125684,0.09600132843473169,0.09805982713587902,0.041918649881413916,0.058083959878280855,0
2018-03-31,ULTRACEMCO.NS,-0.0062952434417757885,-0.049475371642832444,0.045427679528605935,0.06396605928137818,-0.08577508456788385,0.04021523562424023,0.058083959878280855,0
2018-03-31,WIPRO.NS,0.09392239445437767,-0.039788213716746346,0.13925116321336284,0.05635982345733381,-0.10240927613453343,-0.008536453022437218,0.058083959878280855,0
2018-03-31,ADANIENT.NS,0.44824153998482963,-0.2316384141321728,0.8848437592687703,0.13211460408975617,-0.05981387598901777,0.0547810766298622,0.058083959878280855,0
2018-03-31,NESTLEIND.NS,0.24309397086485762,0.05693355204834072,0.1761325661918265,0.048496168782633055,0.04226317529625989,0.14542507640461233,0.058083959878280855,1
2018-03-31,POWERGRID.NS,0.007745463000554453,-0.02250880428895019,0.03095093584704567,0.04787281508011406,-0.02319656496095357,0.07554962247824837,0.058083959878280855,1
2018-03-31,NTPC.NS,0.052899918440907356,0.039509633483266526,0.012881347633856732,0.051222747563475224,-0.0251426965571645,0.01443726410898405,0.058083959878280855,0
2018-03-31,TECHM.NS,0.4239643947453733,0.04251995287620303,0.36588694616041173,0.08299732986049273,0.26713599507967567,0.04994530653279794,0.058083959878280855,0
2018-03-31,BAJAJFINSV.NS,0.26237853634558506,0.023724702236443962,0.23312305895107777,0.06318636438743264,-0.011251277197007137,0.060146270211454134,0.058083959878280855,1
2018-03-31,JSWSTEEL.NS,0.54833043247531,-0.07703387244953741,0.6775593234223602,0.08578055886826852,0.06801362205561579,0.12788450806001905,0.058083959878280855,1
2018-03-31,ONGC.NS,-0.006493664347343664,-0.04406329251793417,0.039301376206745786,0.07061412045255126,-0.07785392741341257,0.015467269813372653,0.058083959878280855,0
2018-03-31,TATASTEEL.NS,0.26384704987912855,-0.14971708854472832,0.4863841585573392,0.08301941681600038,-0.1816238913500039,0.041852710957222206,0.058083959878280855,0
2018-03-31,COALINDIA.NS,0.02530079685723896,-0.02942169913060433,0.056381330531318996,0.06306550075971482,0.1411077577630584,0.0060007115043816395,0.058083959878280855,0
2018-03-31,HINDALCO.NS,0.10498770633138221,-0.12571305574401126,0.26387304945027856,0.08241025559251065,-0.21568257711208294,0.09834533032631976,0.058083959878280855,1
2018-03-31,GRASIM.NS,0.2992506357660001,-0.08831447937216752,0.4251083365580608,0.07656192097631724,-0.09852019003944834,0.04072695643038071,0.058083959878280855,0
2018-03-31,ADANIPORTS.NS,0.04613380983322091,-0.1328516118851758,0.20640691278629952,0.07513812771234646,-0.12707999510848944,0.15023997712337245,0.058083959878280855,1
2018-03-31,DRREDDY.NS,-0.20373073862728808,-0.07004136377260417,-0.14375840994071254,0.06985733773044622,-0.13820314882676443,0.014082807051011503,0.058083959878280855,0
2018-03-31,CIPLA.NS,-0.07683654098490655,-0.07495961979555765,-0.00202901541328826,0.0722808875880499,-0.1036153391379182,0.11357565257874946,0.058083959878280855,1
2018-03-31,BRITANNIA.NS,0.48161670032043946,-0.004735547668071272,0.48866635078644216,0.05384784084990193,0.05549699629055205,0.10916194313330263,0.058083959878280855,1
2018-03-31,EICHERMOT.NS,0.11263411632455789,0.03407367109495474,0.07597180686983096,0.06677124147062825,-0.06486959186688324,0.09924891958527304,0.058083959878280855,1
2018-03-31,HEROMOTOCO.NS,0.12574913636170204,-0.01498586329227758,0.14287612168122532,0.05318963686260508,-0.049488742396290086,0.053474391739204874,0.058083959878280855,0
2018-03-31,BPCL.NS,0.019933054248769455,-0.004888788575401315,0.024943787728645805,0.07305670706210295,-0.1476666164041499,-0.0938122601809217,0.058083959878280855,0
2018-03-31,INDUSINDBK.NS,0.26554713645261097,0.06901676598123307,0.1838421779016588,0.05478777906540732,0.08966585368619406,0.056351836874397154,0.058083959878280855,0
2018-03-31,APOLLOHOSP.NS,-0.08123582819096165,-0.11504104395395187,0.03819975551638044,0.08503914817270268,-0.11632660396523631,0.024750192792386105,0.058083959878280855,0
2018-03-31,TATACONSUM.NS,0.769762524280309,-0.06079862121846802,0.8843270083102956,0.09196930544894567,-0.18220611848238488,0.14995178675629095,0.058083959878280855,1
2018-04-30,RELIANCE.NS,0.3918543994464294,0.09131065785264769,0.2753970553033509,0.060317979486893776,0.002080423593446623,-0.04354813330615681,-0.013878901359321183,0
2018-04-30,TCS.NS,0.5836696311614846,0.2397031096586919,0.2774587873684462,0.07088481244859722,0.1348659508130674,-0.005952197090442812,-0.013878901359321183,1
2018-04-30,HDFCBANK.NS,0.2655800746683994,0.0308574643166164,0.22769647451443453,0.04049046462714546,-0.030612737323611583,0.10739822844537916,-0.013878901359321183,1
2018-04-30,INFY.NS,0.34380545131176987,0.059816082882164556,0.2679609915498711,0.06143017520231925,0.04281691420656064,0.02692771745438871,-0.013878901359321183,1
2018-04-30,ICICIBANK.NS,0.13133564886908156,0.021016785098124657,0.10804804130654388,0.07833864349277443,-0.19478663971332266,0.005629515982584543,-0.013878901359321183,1
2018-04-30,HINDUNILVR.NS,0.6389729138158657,0.13166074928056926,0.448289971051669,0.0449977118500522,0.10190960836227902,0.06796336049724627,-0.013878901359321183,1
2018-04-30,BHARTIARTL.NS,0.1624406981482156,0.02721366674682857,0.13164450180034026,0.09329234871286608,-0.06888709296581608,-0.08777940173136312,-0.013878901359321183,0
2018-04-30,ITC.NS,0.02830156302814757,0.10156556479095213,-0.06650897967812586,0.05089174385928047,0.03703016077340826,-0.015665401689197167,-0.013878901359321183,0
2018-04-30,LT.NS,0.23046311274561648,0.0686549718405538,0.15141289299986038,0.06102524072537004,-0.011012917598462457,-0.02177165821453997,-0.013878901359321183,0
2018-04-30,KOTAKBANK.NS,0.3435980992329717,0.15585021672132093,0.16243270952893485,0.05121348253024425,0.09211416820048268,0.10197352881390054,-0.013878901359321183,1
2018-04-30,AXISBANK.NS,0.02498289209446969,0.013320414993648555,0.01150917017782005,0.08080506368332963,-0.12853762344814323,0.0552870351543715,-0.013878901359321183,1
2018-04-30,SBIN.NS,-0.14192130810467019,-0.014005600016569919,-0.12973269228532125,0.0906245444698253,-0.2134078813931991,0.0939529098209595,-0.013878901359321183,1
2018-04-30,BAJFINANCE.NS,0.4986860780397211,0.07929064185421186,0.38858433485997024,0.07325058184518667,0.1369906555303324,0.10599144723069776,-0.013878901359321183,1
2018-04-30,ASIANPAINT.NS,0.08212586782217213,0.07256373019805884,0.008915216275630966,0.05330315239215234,0.06505388970022685,0.08566998175987228,-0.013878901359321183,1
2018-04-30,MARUTI.NS,0.3644946161884375,-0.00520808236369541,0.3716382210166851,0.05545274544202808,-0.07305681689997545,-0.03150902747599027,-0.013878901359321183,0
2018-04-30,HCLTECH.NS,0.31079338303393733,0.08687806325781677,0.20601696486996435,0.07189919441583432,0.06710284534917976,-0.13338119317188035,-0.013878901359321183,0
2018-04-30,SUNPHARMA.NS,-0.17135122599575436,0.0672593312933325,-0.22357317504072083,0.08281467825838512,-0.08880846828195532,-0.0909349751444164,-0.013878901359321183,0
2018-04-30,TITAN.NS,1.0978668134198695,0.041918649881413916,1.0134650758565829,0.09323874209503126,0.12908974107024385,-0.08321452741846125,-0.013878901359321183,0
2018-04-30,ULTRACEMCO.NS,-0.030606666760989998,0.04021523562424023,-0.0680838926020243,0.05981871857580103,-0.06233451174272975,-0.0885770987973793,-0.013878901359321183,0
2018-04-30,WIPRO.NS,0.13165418260328887,-0.008536453022437218,0.14139767019482652,0.062497072279222195,-0.08516580610690871,-0.06044839318560469,-0.013878901359321183,0
2018-04-30,ADANIENT.NS,0.521969476426692,0.0547810766298622,0.44292451784359477,0.1462864083663907,-0.22623010301577084,-0.13633124891819814,-0.013878901359321183,0
2018-04-30,NESTLEIND.NS,0.420235557715122,0.14542507640461233,0.23992008466683434,0.05375165790847683,0.2580481212334844,0.032037894954213275,-0.013878901359321183,1
2018-04-30,POWERGRID.NS,0.02812299467309831,0.07554962247824837,-0.04409524843295576,0.04254186169969895,0.08610819511060663,0.00769800174429669,-0.013878901359321183,1
2018-04-30,NTPC.NS,0.077840564587218,0.01443726410898405,0.06250095764563945,0.04951696710251612,0.028139806649426502,-0.026720782319763714,-0.013878901359321183,0
2018-04-30,TECHM.NS,0.6464039942298616,0.04994530653279794,0.5680854840589087,0.08742617689161447,0.09458893148916303,0.06225758449392216,-0.013878901359321183,1
2018-04-30,BAJAJFINSV.NS,0.19871780279546147,0.060146270211454134,0.13070982417960875,0.06546723324935276,0.13927700410679011,0.10207742891264604,-0.013878901359321183,1
2018-04-30,JSWSTEEL.NS,0.6515617343981168,0.12788450806001905,0.4643003983083618,0.08675291460599933,0.12088262821801155,0.021230822533765847,-0.013878901359321183,1
2018-04-30,ONGC.NS,0.0004907648198086978,0.015467269813372653,-0.014748387701669974,0.0669365731973514,-0.10156276704516498,-0.01467761006839241,-0.013878901359321183,0
2018-04-30,TATASTEEL.NS,0.4147838858212054,0.041852710957222206,0.3579499970982898,0.08563248870652307,-0.1561590745478434,-0.03243974732738608,-0.013878901359321183,0
2018-04-30,COALINDIA.NS,0.09110750169690496,0.0060007115043816395,0.08459913518873541,0.06453112345990847,0.0076944339626836555,0.03947368421052633,-0.013878901359321183,1
2018-04-30,HINDALCO.NS,0.18747948882567034,0.09834533032631976,0.08115312738013714,0.09400436355851832,-0.0800312180580981,-0.006153286880116071,-0.013878901359321183,1
2018-04-30,GRASIM.NS,0.22801705988676435,0.04072695643038071,0.1799608459252129,0.07765954067712881,-0.05719589682090942,-0.049282305187773545,-0.013878901359321183,0
2018-04-30,ADANIPORTS.NS,0.24700132000340935,0.15023997712337245,0.08412274377910833,0.07801597466965814,-0.050250782129000804,-0.03719603503037516,-0.013878901359321183,0
2018-04-30,DRREDDY.NS,-0.1822028691825479,0.014082807051011503,-0.1935598107657156,0.07022813761389614,-0.051901981349703585,-0.08211478340641032,-0.013878901359321183,0
2018-04-30,CIPLA.NS,0.09347922379711782,0.11357565257874946,-0.018046756621423632,0.07334487930744359,0.025753345491238422,-0.13598923607774216,-0.013878901359321183,0
2018-04-30,BRITANNIA.NS,0.5297546492536656,0.10916194313330263,0.37919864517909696,0.05132044310814312,0.17699043523244407,0.07450315796617346,-0.013878901359321183,1
2018-04-30,EICHERMOT.NS,0.20051760871446,0.09924891958527304,0.09212534788516669,0.06929923883226645,0.1584114765156439,-0.013080192650249955,-0.013878901359321183,1
2018-04-30,HEROMOTOCO.NS,0.15140837135601926,0.053474391739204874,0.09296284787248887,0.05624912286385066,0.02675611754873941,-0.050197432688329324,-0.013878901359321183,0
2018-04-30,BPCL.NS,-0.16492951411377887,-0.0938122601809217,-0.07847960285476363,0.08190800575189429,-0.18777554178266775,0.042855501299585264,-0.013878901359321183,1
2018-04-30,INDUSINDBK.NS,0.31854408216428576,0.056351836874397154,0.24820541427341114,0.054073240202014504,0.08265365212512066,0.03026869172278901,-0.013878901359321183,1
2018-04-30,APOLLOHOSP.NS,-0.11048594242928766,0.024750192792386105,-0.13196985584668486,0.08658823253630839,-0.06174734521751668,-0.12891851979655156,-0.013878901359321183,0
2018-04-30,TATACONSUM.NS,1.001244292834397,0.14995178675629095,0.7402853892504282,0.09175437038104645,0.023740015325835584,-0.09527800158688382,-0.013878901359321183,0
2018-05-31,RELIANCE.NS,0.3853575149308439,-0.04354813330615681,0.4484341169405568,0.05677802178850122,-0.03478063755575833,0.06251745248200913,-0.014927916425328869,1
2018-05-31,TCS.NS,0.40520393684355294,-0.005952197090442812,0.41361807020804275,0.07212796501435904,0.1568431148647973,0.06128465708832742,-0.014927916425328869,1
2018-05-31,HDFCBANK.NS,0.3246679976080715,0.10739822844537916,0.19619840774687414,0.04662135592594028,0.14272077555242735,-0.014489615843148007,-0.014927916425328869,1
2018-05-31,INFY.NS,0.2979302989178718,0.02692771745438871,0.26389645235719295,0.05860564373843305,0.050486098007043845,0.08722353866439692,-0.014927916425328869,1
2018-05-31,ICICIBANK.NS,-0.029405078236985793,0.005629515982584543,-0.0348384704931205,0.0833896164643706,-0.08762983265207969,-0.03638895802815867,-0.014927916425328869,0
2018-05-31,HINDUNILVR.NS,0.5337415155681418,0.06796336049724627,0.43613683043772977,0.04780352052505495,0.2228794765635962,0.0261151342592012,-0.014927916425328869,1
2018-05-31,BHARTIARTL.NS,0.01459565315061484,-0.08777940173136312,0.11222620392072069,0.09023354965727388,-0.12822304804673124,0.02235010798921855,-0.014927916425328869,1
2018-05-31,ITC.NS,-0.09753161148314737,-0.015665401689197167,-0.08316908694913216,0.053585723842587384,0.045240648755427326,-0.02006268211482909,-0.014927916425328869,0
2018-05-31,LT.NS,0.1962223083259207,-0.02177165821453997,0.22284568666511806,0.0606499293330832,0.03963886342460321,-0.06954184208785075,-0.014927916425328869,0
2018-05-31,KOTAKBANK.NS,0.3823671045133046,0.10197352881390054,0.25444674338157913,0.054911781362701716,0.22378636338702895,0.006256469867012893,-0.014927916425328869,1
2018-05-31,AXISBANK.NS,0.07239300664071258,0.0552870351543715,0.01620978076721924,0.07996855595146202,0.03243508422042929,-0.06429755696768436,-0.014927916425328869,0
2018-05-31,SBIN.NS,-0.06503646874233171,0.0939529098209595,-0.1453347553957437,0.08649407398640198,0.005783502311142552,-0.03784079986753375,-0.014927916425328869,0
2018-05-31,BAJFINANCE.NS,0.5941406373460207,0.10599144723069776,0.44136796115160215,0.08075572218526227,0.28632843311714007,0.0883691856583968,-0.014927916425328869,1
2018-05-31,ASIANPAINT.NS,0.14345005895984864,0.08566998175987228,0.0532206638948558,0.056225478463502704,0.16721054317018047,-0.02623316588752289,-0.014927916425328869,0
2018-05-31,MARUTI.NS,0.19575570536905462,-0.03150902747599027,0.2346585970262216,0.05706155099440271,-0.03544818128035365,0.03378161051365591,-0.014927916425328869,1
2018-05-31,HCLTECH.NS,0.06261827512298046,-0.13338119317188035,0.22616572217285635,0.0781679379744455,-0.029742696266288338,0.017465885000141235,-0.014927916425328869,1
2018-05-31,SUNPHARMA.NS,-0.035928678306020534,-0.0909349751444164,0.06050864936436695,0.08990631147257218,-0.10273649979218169,0.1741440142942554,-0.014927916425328869,1
2018-05-31,TITAN.NS,0.9044618602580865,-0.08321452741846125,1.0773255218534281,0.06989783631227958,0.10286077924583359,-0.02399724248833346,-0.014927916425328869,0
2018-05-31,ULTRACEMCO.NS,-0.10515278077406409,-0.0885770987973793,-0.018186598070789373,0.06174906917399589,-0.0988304239205614,0.01967996883216072,-0.014927916425328869,1
2018-05-31,WIPRO.NS,-0.0186553391045281,-0.06044839318560469,0.04448191432802551,0.06470501555063247,-0.10553279256181247,-0.0015273722570448012,-0.014927916425328869,1
2018-05-31,ADANIENT.NS,0.22613296118140291,-0.13633124891819814,0.4196796626549135,0.14380326359786708,-0.30003684444963585,-0.06487591366179835,-0.014927916425328869,0
2018-05-31,NESTLEIND.NS,0.46875283149806934,0.032037894954213275,0.42315784980282256,0.05770486318373858,0.2494244939160286,0.01616945002351633,-0.014927916425328869,1
2018-05-31,POWERGRID.NS,0.03628662107112213,0.00769800174429669,0.02837022528310995,0.04225060297244717,0.059433505882333426,-0.10790198603743117,-0.014927916425328869,0
2018-05-31,NTPC.NS,0.07719748255938197,-0.026720782319763714,0.1067712769279403,0.049351475681700986,0.02633978115002167,-0.047150049984741926,-0.014927916425328869,0
2018-05-31,TECHM.NS,0.8697585944920485,0.06225758449392216,0.7601743887597976,0.08454550093103846,0.16273539437746143,-0.07987635885255218,-0.014927916425328869,0
2018-05-31,BAJAJFINSV.NS,0.4419844124432981,0.10207742891264604,0.3084238680634426,0.0728434986067651,0.19608234656704027,-0.0366004735158133,-0.014927916425328869,0
2018-05-31,JSWSTEEL.NS,0.7314342716930999,0.021230822533765847,0.6954387132551045,0.08927040778160021,0.06310046593184593,-0.01536621700750973,-0.014927916425328869,0
2018-05-31,ONGC.NS,0.03899479715579912,-0.01467761006839241,0.05447192489751185,0.06916668929733782,-0.043525446975174464,-0.10961211583551211,-0.014927916425328869,0
2018-05-31,TATASTEEL.NS,0.2184926514779657,-0.03243974732738608,0.2593455013392927,0.09524423044417836,-0.14286782819372512,-0.013723565320987174,-0.014927916425328869,1
2018-05-31,COALINDIA.NS,0.1950872037324216,0.03947368421052633,0.14970414536283605,0.06867025757554622,0.014944663662904478,-0.10767939465911813,-0.014927916425328869,0
2018-05-31,HINDALCO.NS,0.17223426332976377,-0.006153286880116071,0.1794920160774951,0.09763570046846197,-0.04563982794311372,-0.015798396754885258,-0.014927916425328869,0
2018-05-31,GRASIM.NS,0.16749754836563224,-0.049282305187773545,0.22801705988676435,0.07482781002705896,-0.09794412764701033,-0.03168872333840933,-0.014927916425328869,0
2018-05-31,ADANIPORTS.NS,0.16059725545295378,-0.03719603503037516,0.20543464472497153,0.07855293841907553,-0.039671652323978845,-0.04845085695185325,-0.014927916425328869,0
2018-05-31,DRREDDY.NS,-0.22696024376741275,-0.08211478340641032,-0.15780345705811205,0.0728882731869598,-0.13438369807577932,0.15411024989012478,-0.014927916425328869,1
2018-05-31,CIPLA.NS,0.01997941660249425,-0.13598923607774216,0.18051702501043154,0.0682300164946503,-0.1099803995360159,0.17501901027451927,-0.014927916425328869,1
2018-05-31,BRITANNIA.NS,0.686486888165996,0.07450315796617346,0.5695504249221466,0.053674506737339624,0.18615419430275737,0.04892000936396479,-0.014927916425328869,1
2018-05-31,EICHERMOT.NS,0.08618769933903936,-0.013080192650249955,0.10058354412387449,0.07267412439497245,0.1218360536326728,-0.07115514063521555,-0.014927916425328869,0
2018-05-31,HEROMOTOCO.NS,-0.031022481898385412,-0.050197432688329324,0.020188354348437798,0.056821462318260206,-0.014402063270774756,-0.02014168762584434,-0.014927916425328869,0
2018-05-31,BPCL.NS,-0.15658173938358944,0.042855501299585264,-0.19124149072871566,0.09053226076378544,-0.05959714732822419,-0.07587582710084628,-0.014927916425328869,0
2018-05-31,INDUSINDBK.NS,0.3256562548565247,0.03026869172278901,0.28670924925399444,0.05461141586670163,0.1634389813559265,-0.008084067755405377,-0.014927916425328869,1
2018-05-31,APOLLOHOSP.NS,-0.21098968571046484,-0.12891851979655156,-0.09421755344258365,0.08762809347958715,-0.21004942793552228,0.1021727894848401,-0.014927916425328869,1
2018-05-31,TATACONSUM.NS,0.8554102817597626,-0.09527800158688382,1.0508070821911653,0.0935992854903474,-0.0228673969996237,0.009895323013496826,-0.014927916425328869,1
2018-06-30,RELIANCE.NS,0.4300472694089881,0.06251745248200913,0.345904734146663,0.06202248593140732,0.10904096474483715,0.2195999451797952,0.04357202437185448,1
2018-06-30,TCS.NS,0.5898607440336856,0.06128465708832742,0.4980530750303369,0.07123273964250294,0.30784671551886955,0.05214945794044179,0.04357202437185448,1
2018-06-30,HDFCBANK.NS,0.28441436463519754,-0.014489615843148007,0.3032986615702391,0.04758830493497542,0.1250288229214711,0.03369782731228099,0.04357202437185448,0
2018-06-30,INFY.NS,0.4514886612726121,0.08722353866439692,0.33504160796196314,0.060553108958656336,0.1832846426790531,0.04429327022387519,0.04357202437185448,1
2018-06-30,ICICIBANK.NS,-0.05083576714589555,-0.03638895802815867,-0.01499236568333051,0.08842945914888667,-0.010598279086570184,0.10475689685266576,0.04357202437185448,1
2018-06-30,HINDUNILVR.NS,0.5415824693192608,0.0261151342592012,0.5023484381527994,0.048570732980997317,0.24013424244673165,0.05514418385719466,0.04357202437185448,1
2018-06-30,BHARTIARTL.NS,0.0150074695520801,0.02235010798921855,-0.007182117339020189,0.08844103103190686,-0.04201146702286063,0.022646934826553666,0.04357202437185448,0
2018-06-30,ITC.NS,-0.16118411040477643,-0.02006268211482909,-0.14401066855429612,0.05201801971446421,0.06255494898951008,0.11833203711279561,0.04357202437185448,1
2018-06-30,LT.NS,0.16124692489218329,-0.06954184208785075,0.2480377704440786,0.06310174516978376,-0.027309666579057645,0.021331948921505584,0.04357202437185448,0
2018-06-30,KOTAKBANK.NS,0.4060068216306345,0.006256469867012893,0.3972648760374706,0.056455482305296144,0.28168531001418073,-0.02638443922858591,0.04357202437185448,0
2018-06-30,AXISBANK.NS,-0.002959865231234926,-0.06429755696768436,0.06555256127970921,0.08107994799270683,0.0005876963032172,0.07752548216643307,0.04357202437185448,1
2018-06-30,SBIN.NS,-0.052256445368091375,-0.03784079986753375,-0.014982599032023924,0.08848427198361046,0.037815166366337305,0.1316753462336817,0.04357202437185448,1
2018-06-30,BAJFINANCE.NS,0.6766997051690311,0.0883691856583968,0.5405615367130505,0.0832458458781596,0.2991712980686432,0.17688351082446907,0.04357202437185448,1
2018-06-30,ASIANPAINT.NS,0.15442962220444278,-0.02623316588752289,0.18552982270815122,0.054641287363106306,0.1339030289450711,0.14785071788616655,0.04357202437185448,1
2018-06-30,MARUTI.NS,0.23501988719417466,0.03378161051365591,0.19466227163832905,0.05348741869383449,-0.004006217202842666,0.07874236808617452,0.04357202437185448,1
2018-06-30,HCLTECH.NS,0.09814109121228598,0.017465885000141235,0.07929033041941613,0.07861100281020271,-0.04163975589515123,0.04194310697519876,0.04357202437185448,0
2018-06-30,SUNPHARMA.NS,0.02175690337566283,0.1741440142942554,-0.12978570691789304,0.0925308642657019,0.13916406908086354,0.007978447453926174,0.04357202437185448,0
2018-06-30,TITAN.NS,0.6831443226738818,-0.02399724248833346,0.7245282451507444,0.07402140493133803,-0.06770666532176428,0.0430777084964149,0.04357202437185448,0
2018-06-30,ULTRACEMCO.NS,-0.03312790924820985,0.01967996883216072,-0.051788678501600294,0.06420638084925108,-0.03326590617924796,0.10122123376828185,0.04357202437185448,1
2018-06-30,WIPRO.NS,0.015497302083695708,-0.0015273722570448012,0.017050717133052284,0.06357406912712113,-0.06989162620291611,0.05697907814677583,0.04357202437185448,1
2018-06-30,ADANIENT.NS,0.00996467274400814,-0.06487591366179835,0.08003278655656332,0.15545395779602808,-0.14811929911207944,0.7326485164762155,0.04357202437185448,1
2018-06-30,NESTLEIND.NS,0.47218587970605785,0.01616945002351633,0.4487602236733137,0.062179156959232366,0.20123634865031947,0.07342426034998506,0.04357202437185448,1
2018-06-30,POWERGRID.NS,-0.08694658496556973,-0.10790198603743117,0.02349002098859132,0.04613235896238799,-0.033118118434274035,-0.02435073537731325,0.04357202437185448,0
2018-06-30,NTPC.NS,0.03447942757611511,-0.047150049984741926,0.08566876406883339,0.05025978163126213,-0.05922198537930956,-0.03006573242286481,0.04357202437185448,0
2018-06-30,TECHM.NS,0.7564386161255783,-0.07987635885255218,0.9089158647583457,0.08618802548706761,0.02622527445539191,0.062152294003662956,0.04357202437185448,1
2018-06-30,BAJAJFINSV.NS,0.41393072578726264,-0.0366004735158133,0.4676473123743756,0.07525816670120367,0.12560062661518145,0.1989698340249575,0.04357202437185448,1
2018-06-30,JSWSTEEL.NS,0.6066860876521685,-0.01536621700750973,0.6317600669450345,0.0869383483492737,0.13413114763989142,0.021545815177715033,0.04357202437185448,0
2018-06-30,ONGC.NS,0.04096737560860331,-0.10961211583551211,0.16911673454026666,0.07004600639629112,-0.10911115049850084,0.04608573168863095,0.04357202437185448,1
2018-06-30,TATASTEEL.NS,0.11137629727088649,-0.013723565320987174,0.1268405674039934,0.09777525111461488,-0.0057788401146272594,0.00939624345952228,0.04357202437185448,0
2018-06-30,COALINDIA.NS,0.14629933346962565,-0.10767939465911813,0.28462721426422677,0.06886989643685967,-0.06689029019509385,-0.012294292999876943,0.04357202437185448,0
2018-06-30,HINDALCO.NS,0.21262405958413977,-0.015798396754885258,0.23208909189526739,0.09935698106389956,0.07434157353338167,-0.07418655999763302,0.04357202437185448,0
2018-06-30,GRASIM.NS,0.051272391251588445,-0.03168872333840933,0.08567608019191875,0.0730732679734929,-0.041916479295741826,0.01822519592549443,0.04357202437185448,0
2018-06-30,ADANIPORTS.NS,0.03120739762312641,-0.04845085695185325,0.08371428334201014,0.07919618482231337,0.05379843726926148,0.0766852555105908,0.04357202437185448,1
2018-06-30,DRREDDY.NS,-0.16296390626001012,0.15411024989012478,-0.2747347198244894,0.07895884179754749,0.07425922788940675,-0.03970660908624224,0.04357202437185448,0
2018-06-30,CIPLA.NS,0.1138285147328344,0.17501901027451927,-0.052076174944087894,0.07056040568720692,0.13053437713820082,0.04005484463572562,0.04357202437185448,0
2018-06-30,BRITANNIA.NS,0.6935330083158973,0.04892000936396479,0.614549244172401,0.05241029113614701,0.2501007804307773,0.05695496430967406,0.04357202437185448,1
2018-06-30,EICHERMOT.NS,0.06097289612368462,-0.07115514063521555,0.14224984444577693,0.07001495512906128,0.0076764166748628515,-0.027698057445388002,0.04357202437185448,0
2018-06-30,HEROMOTOCO.NS,-0.046982558266276286,-0.02014168762584434,-0.027392603911679525,0.051452626034939865,-0.01956094336795411,-0.04084099650430273,0.04357202437185448,0
2018-06-30,BPCL.NS,-0.0959780262460691,-0.07587582710084628,-0.021752703516193517,0.09798574102995032,-0.12668152218566497,0.044066340247294056,0.04357202437185448,1
2018-06-30,INDUSINDBK.NS,0.3164953959346677,-0.008084067755405377,0.3272247709093514,0.05834436171156269,0.07952812203286319,0.036660821801240306,0.04357202437185448,0
2018-06-30,APOLLOHOSP.NS,-0.17366621876773847,0.1021727894848401,-0.25026838884446323,0.09461481157869124,-0.01615547295263886,-0.09122146172258594,0.04357202437185448,0
2018-06-30,TATACONSUM.NS,0.8582224893144539,0.009895323013496826,0.8400149470635971,0.0931067269418633,0.05068164083650095,-0.08334896694924687,0.04357202437185448,0
2018-07-31,RELIANCE.NS,0.478365480236868,0.2195999451797952,0.21217247186652277,0.06428880476086705,0.23941454257068306,0.046922405692039204,0.061945530145452565,0
2018-07-31,TCS.NS,0.5814138460178839,0.05214945794044179,0.5030315646538135,0.06725785626676457,0.10998367438249956,0.07122993424592017,0.061945530145452565,1
2018-07-31,HDFCBANK.NS,0.22922029995719972,0.03369782731228099,0.1891485765751264,0.04774696075205944,0.128128660045705,-0.054278560324674596,0.061945530145452565,0
2018-07-31,INFY.NS,0.40238118541340184,0.04429327022387519,0.3428997633133841,0.0615955532484248,0.16595342254905998,0.055673255881401484,0.061945530145452565,0
2018-07-31,ICICIBANK.NS,0.005452782311205162,0.10475689685266576,-0.08988775252217696,0.09158502358312604,0.07054887920570363,0.1310791305904213,0.061945530145452565,1
2018-07-31,HINDUNILVR.NS,0.5194186990731666,0.05514418385719466,0.4400104955502535,0.05292449809649036,0.1562833065931486,0.027979152620029923,0.061945530145452565,0
2018-07-31,BHARTIARTL.NS,-0.06162073312965277,0.022646934826553666,-0.08240152596800054,0.08909448563005957,-0.04627044152293647,-0.010849592634332939,0.061945530145452565,0
2018-07-31,ITC.NS,0.06435758207312903,0.11833203711279561,-0.04826335403840598,0.055782802078854686,0.07872765691729566,0.07440391972927829,0.061945530145452565,1
2018-07-31,LT.NS,0.10410124996952397,0.021331948921505584,0.08104054821296858,0.06468884965938991,-0.07038310763771571,0.06506742175510527,0.061945530145452565,1
2018-07-31,KOTAKBANK.NS,0.2798090813522669,-0.02638443922858591,0.3144911943870843,0.0563532752261226,0.07961113281757104,-0.014997867871373138,0.061945530145452565,0
2018-07-31,AXISBANK.NS,0.05886898142972208,0.07752548216643307,-0.017314208383453544,0.08335783665135765,0.06398600477784955,0.17959668056583933,0.061945530145452565,1
2018-07-31,SBIN.NS,-0.060799903308600634,0.1316753462336817,-0.17007991751597085,0.08759187073067855,0.19115264523198916,0.054855218679169315,0.061945530145452565,0
2018-07-31,BAJFINANCE.NS,0.5868339341801581,0.17688351082446907,0.34833559956031435,0.08484558239270619,0.41664647050644743,0.05882363853579986,0.061945530145452565,0
2018-07-31,ASIANPAINT.NS,0.25809854653598907,0.14785071788616655,0.09604718360315201,0.055980559002817426,0.2134956358700988,-0.05439558550735635,0.061945530145452565,0
2018-07-31,MARUTI.NS,0.24073777370504534,0.07874236808617452,0.15017061572011037,0.05633706868357232,0.08004565860025425,-0.03605875685444904,0.061945530145452565,0
2018-07-31,HCLTECH.NS,0.0903798544728156,0.04194310697519876,0.0464869407680335,0.07809285924012227,-0.08126138147361806,0.0865123788767026,0.061945530145452565,1
2018-07-31,SUNPHARMA.NS,0.07649869679082477,0.007978447453926174,0.06797789130310816,0.09659112458879175,0.07588923898743838,0.14837316406071133,0.061945530145452565,1
2018-07-31,TITAN.NS,0.6836817263161732,0.0430777084964149,0.6141479322218302,0.0770031421126061,-0.06666955688590903,-0.02241456916165796,0.061945530145452565,0
2018-07-31,ULTRACEMCO.NS,0.03653606934143405,0.10122123376828185,-0.05873948162577736,0.06783079795400675,0.023430608458915758,0.0671707581982317,0.061945530145452565,1
2018-07-31,WIPRO.NS,-0.03864664438934795,0.05697907814677583,-0.09047078084439153,0.058023156825741,-0.008430421360830276,0.08990596398632045,0.061945530145452565,1
2018-07-31,ADANIENT.NS,0.6740241743981872,0.7326485164762155,-0.03383510361192932,0.1642839030887223,0.3993518326325902,0.15246863308226,0.061945530145452565,1
2018-07-31,NESTLEIND.NS,0.5731923846946232,0.07342426034998506,0.465583034411474,0.0673699695071553,0.1257272654645487,0.10191197643830252,0.061945530145452565,1
2018-07-31,POWERGRID.NS,-0.1600443626300707,-0.02435073537731325,-0.1390803357036654,0.049891513668725546,-0.12292508219844778,0.10532091999508109,0.061945530145452565,1
2018-07-31,NTPC.NS,-0.028704242429843374,-0.03006573242286481,0.001403693052749233,0.05704482061448868,-0.10049357722947472,0.1075233156844988,0.061945530145452565,1
2018-07-31,TECHM.NS,0.8042967448560583,0.062152294003662956,0.6987175521270739,0.08884884238812307,0.038156485528595185,0.12493582329674568,0.061945530145452565,1
2018-07-31,BAJAJFINSV.NS,0.3981436404601135,0.1989698340249575,0.16612078201044223,0.08120535161990501,0.2729952784741787,-0.03289221572071954,0.061945530145452565,0
2018-07-31,JSWSTEEL.NS,0.5088864340243917,0.021545815177715033,0.47706193066034497,0.0881945548004918,0.02720351193313708,0.1996065839208352,0.061945530145452565,1
2018-07-31,ONGC.NS,0.011159707535047358,0.04608573168863095,-0.03338734397725185,0.06837299979576833,-0.08224898853185525,0.0866019776742537,0.061945530145452565,1
2018-07-31,TATASTEEL.NS,0.0606847484443227,0.00939624345952228,0.05081107178387989,0.10175897157150227,-0.0367514588178004,0.06651271482172993,0.061945530145452565,1
2018-07-31,COALINDIA.NS,0.11016193388255768,-0.012294292999876943,0.12398047922023325,0.06533074538956869,-0.08385970795854625,0.09517420462548087,0.061945530145452565,1
2018-07-31,HINDALCO.NS,-0.02402621009001371,-0.07418655999763302,0.054179759917388104,0.10807201806138896,-0.09441972349899519,0.11504206733758737,0.061945530145452565,1
2018-07-31,GRASIM.NS,-0.03772679994367678,0.01822519592549443,-0.05495051202137535,0.07741076845041993,-0.06263138995829443,0.04730626757766476,0.061945530145452565,0
2018-07-31,ADANIPORTS.NS,0.014814716737771905,0.0766852555105908,-0.05746390456835804,0.07673454270508438,-0.013589109878224925,-0.04152601243994347,0.061945530145452565,0
2018-07-31,DRREDDY.NS,-0.09940259358249737,-0.03970660908624224,-0.06216431880204021,0.08219775463496024,0.017277908172267153,0.17116268723454175,0.061945530145452565,1
2018-07-31,CIPLA.NS,0.14506327572395694,0.04005484463572562,0.10096432090079843,0.07457080028795476,0.05589391546675104,0.03744326544812937,0.061945530145452565,0
2018-07-31,BRITANNIA.NS,0.6747385231153158,0.05695496430967406,0.5844937387745113,0.051623875744271346,0.19125997239963888,0.029737618540348176,0.061945530145452565,0
2018-07-31,EICHERMOT.NS,-0.07588299818453836,-0.027698057445388002,-0.04955758970567303,0.06810099647813654,-0.1086952919006845,0.013480082585660691,0.061945530145452565,0
2018-07-31,HEROMOTOCO.NS,-0.07450287186868065,-0.04084099650430273,-0.03509519823271812,0.05980741431791207,-0.107337628781909,-0.012338945290104708,0.061945530145452565,0
2018-07-31,BPCL.NS,-0.14605621811636615,0.044066340247294056,-0.18209815893368275,0.09949753175763003,0.006195942558208989,-0.052692704068890706,0.061945530145452565,0
2018-07-31,INDUSINDBK.NS,0.22178388772625968,0.036660821801240306,0.17857631158797016,0.05559203629970485,0.05940508747106166,-0.044382641243564835,0.061945530145452565,0
2018-07-31,APOLLOHOSP.NS,-0.239770490430121,-0.09122146172258594,-0.16346009775837045,0.0965807068392124,-0.12749780632295216,0.24246261482195952,0.061945530145452565,1
2018-07-31,TATACONSUM.NS,0.4905593584390264,-0.08334896694924687,0.6260924874302707,0.10239467503518007,-0.1624793121136736,-0.051032851707823346,0.061945530145452565,0
2018-08-31,RELIANCE.NS,0.5678268838885023,0.046922405692039204,0.4975578661458999,0.06522622112153804,0.3566504491680247,0.013127703525722012,-0.06328180032224434,1
2018-08-31,TCS.NS,0.6909696907818912,0.07122993424592017,0.5785310293557375,0.06178532555431671,0.19616756361463894,0.05066393723148499,-0.06328180032224434,1
2018-08-31,HDFCBANK.NS,0.16770245284219154,-0.054278560324674596,0.23472135012935125,0.04432987214353052,-0.036574708977834436,-0.02675621661857186,-0.06328180032224434,1
2018-08-31,INFY.NS,0.636196212529734,0.055673255881401484,0.549907799041137,0.06120063667636174,0.19859053842618546,0.013184429626329264,-0.06328180032224434,1
2018-08-31,ICICIBANK.NS,0.1546078818049057,0.1310791305904213,0.02080203814051651,0.09219604594056356,0.204097012171933,-0.10814373495359642,-0.06328180032224434,0
2018-08-31,HINDUNILVR.NS,0.479977004240858,0.027979152620029923,0.43969554291914625,0.05380603218337177,0.11299242808000454,-0.096455318135518,-0.06328180032224434,0
2018-08-31,BHARTIARTL.NS,-0.09079097024851146,-0.010849592634332939,-0.08081822240470049,0.08787208014337432,0.03415992039071636,-0.11801499514173186,-0.06328180032224434,0
2018-08-31,ITC.NS,0.15570424339987166,0.07440391972927829,0.07567016666420856,0.054759749194056594,0.17743420265958454,-0.06909500676175817,-0.06328180032224434,0
2018-08-31,LT.NS,0.22066114906880618,0.06506742175510527,0.14608814816371063,0.06432298860971865,0.012140646999814653,-0.07115488223471078,-0.06328180032224434,0
2018-08-31,KOTAKBANK.NS,0.31957677038282184,-0.014997867871373138,0.33966894826021,0.05559101864573393,-0.03498655830715691,-0.11314812437280397,-0.06328180032224434,0
2018-08-31,AXISBANK.NS,0.2975916850661784,0.17959668056583933,0.10002995637774958,0.08310556508025264,0.18932036270194819,-0.055448691925845006,-0.06328180032224434,1
2018-08-31,SBIN.NS,0.11467157803511374,0.054855218679169315,0.05670575288127511,0.0885988134177557,0.14858105206018735,-0.14244191418912744,-0.06328180032224434,0
2018-08-31,BAJFINANCE.NS,0.6058754353888067,0.05882363853579986,0.5166599771133749,0.07855606125214275,0.3562299909066622,-0.24105580093944756,-0.06328180032224434,0
2018-08-31,ASIANPAINT.NS,0.1826898207316272,-0.05439558550735635,0.2507236669005928,0.053406194893692194,0.05693889443847899,-0.057670751263919295,-0.06328180032224434,1
2018-08-31,MARUTI.NS,0.19180425509946408,-0.03605875685444904,0.23638682707500536,0.052868852327641096,0.07497187309020048,-0.19221344107240346,-0.06328180032224434,0
2018-08-31,HCLTECH.NS,0.21972710656678585,0.0865123788767026,0.1226076483618237,0.0748160164790652,0.15185693423218782,0.03951446543436954,-0.06328180032224434,1
2018-08-31,SUNPHARMA.NS,0.36597190231262866,0.14837316406071133,0.1894843462576885,0.08972235507010311,0.3591132600785669,-0.042460810313194486,-0.06328180032224434,1
2018-08-31,TITAN.NS,0.4516356453677417,-0.02241456916165796,0.4849194756542876,0.0747245891775866,-0.004772358819113198,-0.09675979070918084,-0.06328180032224434,0
2018-08-31,ULTRACEMCO.NS,0.12178391772901653,0.0671707581982317,0.051175652173033104,0.06592411716001172,0.19831882318433713,-0.0928500334142206,-0.06328180032224434,0
2018-08-31,WIPRO.NS,0.010476515181782498,0.08990596398632045,-0.07287734119191858,0.05674486104065752,0.15024825632566374,0.07551868432006903,-0.06328180032224434,1
2018-08-31,ADANIENT.NS,1.0071292592614447,0.15246863308226,0.7415912256921107,0.1646596918222411,0.8672773464771217,-0.09635105208897676,-0.06328180032224434,0
2018-08-31,NESTLEIND.NS,0.6436353575304017,0.10191197643830252,0.49162128434533003,0.0704726746886573,0.20194458176708663,-0.16254165909087737,-0.06328180032224434,0
2018-08-31,POWERGRID.NS,-0.054429593367856466,0.10532091999508109,-0.14452862555396906,0.05078957261339129,-0.03795655705287426,-0.05144079167687432,-0.06328180032224434,1
2018-08-31,NTPC.NS,0.04672779325781584,0.1075233156844988,-0.05489322126740814,0.05608365367902052,0.02357506225270778,-0.013069101262128235,-0.06328180032224434,1
2018-08-31,TECHM.NS,0.8291873145084789,0.12493582329674568,0.6260370384044207,0.08632079010932923,0.0994126451122066,-0.02650821539558479,-0.06328180032224434,1
2018-08-31,BAJAJFINSV.NS,0.22659310293861656,-0.03289221572071954,0.26831065045424385,0.07466362573225921,0.11709360056291573,-0.10990252874672912,-0.06328180032224434,0
2018-08-31,JSWSTEEL.NS,0.5742060713744783,0.1996065839208352,0.31226861579009446,0.08865761759979396,0.20662250761712886,-0.03708853362274078,-0.06328180032224434,1
2018-08-31,ONGC.NS,0.1858845126652977,0.0866019776742537,0.09136973522130587,0.06563642991774114,0.012085053850295457,-0.008128477642821097,-0.06328180032224434,1
2018-08-31,TATASTEEL.NS,0.005442573244756055,0.06651271482172993,-0.057261522275598886,0.09571840929788718,0.061760044262488156,-0.03205654209175812,-0.06328180032224434,1
2018-08-31,COALINDIA.NS,0.2757412109117603,0.09517420462548087,0.16487514545508164,0.06760960657033531,-0.03476804569239278,-0.06889284938056939,-0.06328180032224434,0
2018-08-31,HINDALCO.NS,0.0043466194265000535,0.11504206733758737,-0.09927468312957688,0.11170365266530145,0.016011916445329177,-0.029854474115381446,-0.06328180032224434,1
2018-08-31,GRASIM.NS,-0.09756332189571348,0.04730626757766476,-0.13832590709921944,0.07114130814141094,0.032600976803253134,-0.04309138034288362,-0.06328180032224434,1
2018-08-31,ADANIPORTS.NS,-0.020024341882166174,-0.04152601243994347,0.02243323328211888,0.0779496491354424,-0.018025253710385214,-0.1415894959576628,-0.06328180032224434,0
2018-08-31,DRREDDY.NS,0.24383737346935153,0.17116268723454175,0.062053450837317836,0.08283544431880886,0.2979813892425709,0.015509758497000314,-0.06328180032224434,1
2018-08-31,CIPLA.NS,0.1634274192909595,0.03744326544812937,0.12143715038567482,0.06732041891450036,0.2678430378064156,-0.012232960511054602,-0.06328180032224434,1
2018-08-31,BRITANNIA.NS,0.5984494364729376,0.029737618540348176,0.5522880855209871,0.05113287662272422,0.14163015524600486,-0.1355623470845203,-0.06328180032224434,0
2018-08-31,EICHERMOT.NS,-0.10421257192013256,0.013480082585660691,-0.11612724959086274,0.06879079504618352,-0.08470823825166252,-0.13807515291591677,-0.06328180032224434,0
2018-08-31,HEROMOTOCO.NS,-0.16356567828167456,-0.012338945290104708,-0.1531160232251837,0.05778221311479858,-0.07175671092096592,-0.0985154796241614,-0.06328180032224434,0
2018-08-31,BPCL.NS,-0.2795172199060383,-0.052692704068890706,-0.23944132681275454,0.10232636558356506,-0.08599345131339753,0.03327804824736136,-0.06328180032224434,1
2018-08-31,INDUSINDBK.NS,0.15980591432572266,-0.044382641243564835,0.21367187786856712,0.049659112386361136,-0.017357413968058788,-0.11357912243175816,-0.06328180032224434,0
2018-08-31,APOLLOHOSP.NS,0.09846378926865751,0.24246261482195952,-0.11589791421928353,0.10210240918937674,0.2444890422198982,-0.1147605717506952,-0.06328180032224434,0
2018-08-31,TATACONSUM.NS,0.1943771224937163,-0.051032851707823346,0.2586074498397499,0.09787092443772077,-0.1215206215685769,-0.002347326748696754,-0.06328180032224434,1
2018-09-30,RELIANCE.NS,0.621665770611618,0.013127703525722012,0.600652874231117,0.06463316942286172,0.29358830844805617,-0.15636549996584848,-0.04475226185950393,0
2018-09-30,TCS.NS,0.8206936835503484,0.05066393723148499,0.7328982360886045,0.06154421241538995,0.18419701404516964,-0.11057730203787342,-0.04475226185950393,0
2018-09-30,HDFCBANK.NS,0.11805001267995041,-0.02675621661857186,0.14878721217762014,0.0453087062156596,-0.04856641765173775,-0.04700780111655545,-0.04475226185950393,0
2018-09-30,INFY.NS,0.685492819590549,0.013184429626329264,0.6635597333569097,0.06268795113920138,0.11696742007874006,-0.04955153081955521,-0.04475226185950393,0
2018-09-30,ICICIBANK.NS,0.10959970769459959,-0.10814373495359642,0.24414633969843424,0.08811147797575682,0.11443457707967508,0.16183926641183244,-0.04475226185950393,1
2018-09-30,HINDUNILVR.NS,0.3894544240772031,-0.096455318135518,0.5377816415343586,0.06300741988184849,-0.019955601694598424,0.014023525540165283,-0.04475226185950393,1
2018-09-30,BHARTIARTL.NS,-0.11933153197899482,-0.11801499514173186,-0.0014926975288819255,0.08675004261439838,-0.10782662878179972,-0.13646413622972908,-0.04475226185950393,0
2018-09-30,ITC.NS,0.1756056250135527,-0.06909500676175817,0.26286316385960773,0.05711564523499316,0.11851988740542452,-0.05927784330520036,-0.04475226185950393,0
2018-09-30,LT.NS,0.12809687096349398,-0.07115488223471078,0.21451558433938378,0.06222540799815837,0.01038600227560349,0.019967235696963348,-0.04475226185950393,1
2018-09-30,KOTAKBANK.NS,0.13961855846811222,-0.11314812437280397,0.2850156714864649,0.0614942549031792,-0.1494971645907931,-0.01966547818087816,-0.04475226185950393,1
2018-09-30,AXISBANK.NS,0.20445837544482592,-0.055448691925845006,0.2751645835953531,0.08334623554153801,0.20056767263410524,-0.05030570985617466,-0.04475226185950393,0
2018-09-30,SBIN.NS,0.0458931808737415,-0.14244191418912744,0.21961788732338405,0.08359258343629432,0.023713090586011898,0.05988710995160362,-0.04475226185950393,1
2018-09-30,BAJFINANCE.NS,0.18153828319416077,-0.24105580093944756,0.5568183861958627,0.08547823581429026,-0.05427046469724173,0.09896214180964646,-0.04475226185950393,1
2018-09-30,ASIANPAINT.NS,0.15077258230809165,-0.057670751263919295,0.22120011010120932,0.05615522751246322,0.022816139824610504,-0.04635170976090641,-0.04475226185950393,0
2018-09-30,MARUTI.NS,-0.07081057417730574,-0.19221344107240346,0.1502907736621295,0.05583034632551521,-0.16002778393781913,-0.09955855911834965,-0.04475226185950393,0
2018-09-30,HCLTECH.NS,0.25415451097379393,0.03951446543436954,0.20648105695165597,0.0719050310932703,0.17681778121246627,-0.02762793314753942,-0.04475226185950393,1
2018-09-30,SUNPHARMA.NS,0.2421848344779014,-0.042460810313194486,0.2972678798495949,0.0927043436333344,0.10838550799959612,-0.06899336941582168,-0.04475226185950393,0
2018-09-30,TITAN.NS,0.38418695993884366,-0.09675979070918084,0.5324682689067184,0.07931961563645334,-0.07896815250392641,0.04841113302821798,-0.04475226185950393,1
2018-09-30,ULTRACEMCO.NS,0.05622747110080373,-0.0928500334142206,0.16433611862006026,0.06790318686074716,0.06607456617568519,-0.13806827731405835,-0.04475226185950393,0
2018-09-30,WIPRO.NS,0.15988503077089522,0.07551868432006903,0.07844247401816351,0.05372192743567558,0.23900591454502185,0.022222167353011857,-0.04475226185950393,1
2018-09-30,ADANIENT.NS,1.0671649045179974,-0.09635105208897676,1.287575179826955,0.18240876109664275,0.8044270640162701,0.30168434179997594,-0.04475226185950393,1
2018-09-30,NESTLEIND.NS,0.3583080041482041,-0.16254165909087737,0.621940982370133,0.07627454015585867,-0.00943832223249852,0.04620778253214475,-0.04475226185950393,1
2018-09-30,POWERGRID.NS,-0.08265209197790757,-0.05144079167687432,-0.03290390312715319,0.0600827176254607,0.022931507896697623,-0.013004429874571843,-0.04475226185950393,1
2018-09-30,NTPC.NS,0.027775223155036555,-0.013069101262128235,0.0413851916779564,0.054191896264907925,0.060185663124148414,-0.043152813958101444,-0.04475226185950393,1
2018-09-30,TECHM.NS,0.6651876342556589,-0.02650821539558479,0.7105307518669188,0.08550193619629642,0.16317974024909798,-0.0021461903772096447,-0.04475226185950393,1
2018-09-30,BAJAJFINSV.NS,0.16558375205081255,-0.10990252874672912,0.3095012509244104,0.08058463631273428,0.032097444185928525,-0.10015476426635606,-0.04475226185950393,0
2018-09-30,JSWSTEEL.NS,0.5521225826206855,-0.03708853362274078,0.6119058052763691,0.08817332233558532,0.1800028276932244,-0.110703570717954,-0.04475226185950393,0
2018-09-30,ONGC.NS,0.07476444777033242,-0.008128477642821097,0.08357224050163148,0.06728256623331175,0.12743935645466364,-0.13515810419776841,-0.04475226185950393,0
2018-09-30,TATASTEEL.NS,-0.04841366625497978,-0.03205654209175812,-0.016898842623069954,0.09375587513597598,0.04202397276856473,-0.04713976763859917,-0.04475226185950393,0
2018-09-30,COALINDIA.NS,0.04115200734149016,-0.06889284938056939,0.11818710300833879,0.07232344809604442,0.007187740911629437,-0.00037589727349252033,-0.04475226185950393,1
2018-09-30,HINDALCO.NS,-0.04053996417584449,-0.029854474115381446,-0.011014316693075066,0.11348357007954828,0.0015015335627432957,-0.040278842268084314,-0.04475226185950393,1
2018-09-30,GRASIM.NS,-0.0939359922558951,-0.04309138034288362,-0.05313423964268427,0.0762550858740793,0.020441256014328113,-0.18399409309178383,-0.04475226185950393,0
2018-09-30,ADANIPORTS.NS,-0.1226066082727909,-0.1415894959576628,0.022113997435352584,0.07517806937568293,-0.11414198302035239,-0.030556351392916237,-0.04475226185950393,1
2018-09-30,DRREDDY.NS,0.09614910272725363,0.015509758497000314,0.07940774921710592,0.08789478130649771,0.14210298994295645,0.004662811458300942,-0.04475226185950393,1
2018-09-30,CIPLA.NS,0.12135253348832786,-0.012232960511054602,0.13523987808754723,0.0708142179229948,0.0657985556319911,-0.037917479345613625,-0.04475226185950393,1
2018-09-30,BRITANNIA.NS,0.34572322168176894,-0.1355623470845203,0.5567614589011278,0.05981881264503406,-0.05915791186327002,-0.030806128980523595,-0.04475226185950393,1
2018-09-30,EICHERMOT.NS,-0.2220224865694872,-0.13807515291591677,-0.09739518931095525,0.07605356215750031,-0.15065179741450463,-0.09595869197118834,-0.04475226185950393,0
2018-09-30,HEROMOTOCO.NS,-0.20190880723596616,-0.0985154796241614,-0.11469229396052072,0.06327762088055305,-0.14600208450548335,-0.058262915057414655,-0.04475226185950393,0
2018-09-30,BPCL.NS,-0.16439863324280313,0.03327804824736136,-0.1913102497681647,0.10426950369622821,0.021965370464625655,-0.26473345114832614,-0.04475226185950393,0
2018-09-30,INDUSINDBK.NS,0.012522383422537198,-0.11357912243175816,0.1422591785069811,0.056878154429187415,-0.12186620344396981,-0.15677060134300125,-0.04475226185950393,0
2018-09-30,APOLLOHOSP.NS,0.04176391707154625,-0.1147605717506952,0.17681599330905584,0.10753037568439795,-0.00045548328933731064,0.09479499321036178,-0.04475226185950393,1
2018-09-30,TATACONSUM.NS,0.14641182651677354,-0.002347326748696754,0.14910916118800266,0.1013009106622556,-0.13217015633555962,-0.0680213008337569,-0.04475226185950393,0
2018-10-31,RELIANCE.NS,0.13550928522141503,-0.15636549996584848,0.3459730311828737,0.07871025501002256,-0.10518549122539012,0.1001650424750602,0.06080089217269058,1
2018-10-31,TCS.NS,0.49923232153463015,-0.11057730203787342,0.6856240851169177,0.06509077876110993,0.0010476127721104067,0.015530346211661383,0.06080089217269058,0
2018-10-31,HDFCBANK.NS,0.06384330105319669,-0.04700780111655545,0.11631900271547746,0.04824530783978903,-0.12284929137254941,0.11335162004502419,0.06080089217269058,1
2018-10-31,INFY.NS,0.5422963124829643,-0.04955153081955521,0.622703768267268,0.0671945021463045,0.016591799266004736,-0.027608029620039942,0.06080089217269058,0
2018-10-31,ICICIBANK.NS,0.1882247470600933,0.16183926641183244,0.02271009545902891,0.09651496697521493,0.1720169887030889,0.0004225054824584795,0.06080089217269058,0
2018-10-31,HINDUNILVR.NS,0.3365822683785302,0.014023525540165283,0.3180978889681474,0.06919529239526483,-0.05814950112065942,0.08158112219385538,0.06080089217269058,1
2018-10-31,BHARTIARTL.NS,-0.4043194323557129,-0.13646413622972908,-0.31018433323255956,0.09964136989996886,-0.24663764539771393,0.08129437264298556,0.06080089217269058,1
2018-10-31,ITC.NS,0.0751175399484898,-0.05927784330520036,0.1428640564030983,0.0632022879338253,-0.0591198267890376,0.02034984810608287,0.06080089217269058,0
2018-10-31,LT.NS,0.07507783459249939,0.019967235696963348,0.05403173451731291,0.06531481020319445,0.009035915126509808,0.1040461259594958,0.06080089217269058,1
2018-10-31,KOTAKBANK.NS,0.09235763909879746,-0.01966547818087816,0.1142702973183114,0.06660134693450374,-0.1436278095267144,0.10257791357055313,0.06080089217269058,1
2018-10-31,AXISBANK.NS,0.11325617183122283,-0.05030570985617466,0.1722258240203034,0.08247649296012129,0.05813948950838976,0.0744332880006584,0.06080089217269058,1
2018-10-31,SBIN.NS,-0.07979060006128025,0.05988710995160362,-0.1317854596979312,0.09445107144967213,-0.041226520828717916,0.01154932153245336,0.06080089217269058,0
2018-10-31,BAJFINANCE.NS,0.325471955862499,0.09896214180964646,0.20611248143622296,0.11077983278146648,-0.1168871463235458,0.06511940866779575,0.06080089217269058,1
2018-10-31,ASIANPAINT.NS,0.04939743997445345,-0.04635170976090641,0.10040300047237993,0.06661173016224049,-0.1502319528370749,0.09391238122777912,0.06080089217269058,1
2018-10-31,MARUTI.NS,-0.18706592349808804,-0.09955855911834965,-0.09718273771813213,0.06711190451410688,-0.2988633663536955,0.1579712399724129,0.06080089217269058,1
2018-10-31,HCLTECH.NS,0.24657934906659684,-0.02762793314753942,0.28199831274641296,0.07793081155505001,0.09824109451451113,-0.03846162091269234,0.06080089217269058,0
2018-10-31,SUNPHARMA.NS,0.0526311523740246,-0.06899336941582168,0.13063765369053337,0.10023928803876465,0.02374635072562392,-0.15105567890096072,0.06080089217269058,0
2018-10-31,TITAN.NS,0.33537553739047876,0.04841113302821798,0.27371361799010674,0.08862724998550504,-0.07425876814071497,0.09767942141466146,0.06080089217269058,1
2018-10-31,ULTRACEMCO.NS,-0.20272477746769102,-0.13806827731405835,-0.07501348245096584,0.07481060193552129,-0.1655777611632696,0.14295320859779825,0.06080089217269058,1
2018-10-31,WIPRO.NS,0.13001634733844547,0.022222167353011857,0.10545083390684096,0.05315739145113229,0.1982633691766762,-0.01977660148919813,0.06080089217269058,0
2018-10-31,ADANIENT.NS,1.3653788918694163,0.30168434179997594,0.8171678155078348,0.17270022455206838,0.35560930726270823,-0.029411778070717154,0.06080089217269058,0
2018-10-31,NESTLEIND.NS,0.4166552240760002,0.04620778253214475,0.35408591651579835,0.07750521750275978,-0.034553834268132744,0.06080089217269058,0.06080089217269058,0
2018-10-31,POWERGRID.NS,-0.09821457828872326,-0.013004429874571843,-0.08633285801204049,0.06093887841256191,0.034827681878301986,-0.031191156687655708,0.06080089217269058,0
2018-10-31,NTPC.NS,-0.09145197598361399,-0.043152813958101444,-0.05047740405164092,0.055244449327356726,0.04588084198358455,-0.12120263382120244,0.06080089217269058,0
2018-10-31,TECHM.NS,0.578197096836581,-0.0021461903772096447,0.5815914932801356,0.09053896748849954,0.09276545523292667,-0.05101499956642519,0.06080089217269058,0
2018-10-31,BAJAJFINSV.NS,0.0790101639913161,-0.10015476426635606,0.1991063809007101,0.09365869014038963,-0.2253950503109603,0.10910957234314056,0.06080089217269058,1
2018-10-31,JSWSTEEL.NS,0.32689026179985414,-0.110703570717954,0.49206745704701627,0.09289191820667493,0.02723958692713735,-0.07410127407126632,0.06080089217269058,0
2018-10-31,ONGC.NS,-0.16850737630089352,-0.13515810419776841,-0.03856111997464018,0.09018689362926696,-0.06789973240116176,-0.084502476028953,0.06080089217269058,0
2018-10-31,TATASTEEL.NS,-0.1592983894186275,-0.04713976763859917,-0.11770731737022355,0.0962179694356835,-0.016339508639927947,-0.04396498211456612,0.06080089217269058,0
2018-10-31,COALINDIA.NS,-0.01591874848267094,-0.00037589727349252033,-0.015548695921581701,0.0798569685627346,0.019341221429026723,-0.07984216487480567,0.06080089217269058,0
2018-10-31,HINDALCO.NS,-0.1714738324605226,-0.040278842268084314,-0.1367011544295721,0.1125751398833748,0.038181311408341134,0.026315965242037498,0.06080089217269058,0
2018-10-31,GRASIM.NS,-0.3167712657115661,-0.18399409309178383,-0.16271594543091572,0.08216696119333927,-0.18221814202537145,0.0392297728195341,0.06080089217269058,0
2018-10-31,ADANIPORTS.NS,-0.25535652003928655,-0.030556351392916237,-0.23188575114125276,0.08748230517654258,-0.20237653136493794,0.1467773815521316,0.06080089217269058,1
2018-10-31,DRREDDY.NS,0.05617849399094954,0.004662811458300942,0.051276589463754574,0.09820997129531973,0.19487274587946302,0.07069951201539526,0.06080089217269058,1
2018-10-31,CIPLA.NS,0.007496027247857029,-0.037917479345613625,0.04720333819450473,0.07336275623052564,-0.01410375981531331,-0.14048496141447542,0.06080089217269058,0
2018-10-31,BRITANNIA.NS,0.22126526708409355,-0.030806128980523595,0.26008356387919385,0.06727929772898754,-0.13727791986402738,0.12320833017204769,0.06080089217269058,1
2018-10-31,EICHERMOT.NS,-0.3189344399375268,-0.09595869197118834,-0.2466433181604487,0.09563621901520032,-0.21028044228741916,0.07046568182988389,0.06080089217269058,1
2018-10-31,HEROMOTOCO.NS,-0.2631178994492762,-0.058262915057414655,-0.21752884925876192,0.06931293763082126,-0.16151388398195,0.10601460679079766,0.06080089217269058,1
2018-10-31,BPCL.NS,-0.4653584893475242,-0.26473345114832614,-0.2728602824547516,0.1275613380937196,-0.2802976956335269,0.17920776123811866,0.06080089217269058,1
2018-10-31,INDUSINDBK.NS,-0.11732584823792225,-0.15677060134300125,0.046778199583532354,0.06899464883458518,-0.2857179343155507,0.14504261886486658,0.06080089217269058,1
2018-10-31,APOLLOHOSP.NS,0.1036738509883619,0.09479499321036178,0.008110064288807006,0.1078503585853942,0.20413971753771643,0.10845296692807227,0.06080089217269058,1
2018-10-31,TATACONSUM.NS,-0.031138065683071536,-0.0680213008337569,0.03957519113224528,0.10776477697027727,-0.11765884765958934,0.0036719600990318124,0.06080089217269058,0
2018-10-31,SBILIFE.NS,-0.15111965594001864,0.09538719219414604,-0.2250408347758679,0.08275210264445282,-0.18309026330788958,0.019628624799464145,0.06080089217269058,0
2018-11-30,RELIANCE.NS,0.27541071527501804,0.1001650424750602,0.15929034829692879,0.08209515095351193,-0.05967850463322588,-0.03965581290366571,-0.001087617433249366,0
2018-11-30,TCS.NS,0.5150100057664946,0.015530346211661383,0.4918411955074453,0.07058853497891064,-0.051002780753659605,-0.03820659845564889,-0.001087617433249366,0
2018-11-30,HDFCBANK.NS,0.15555088445105736,0.11335162004502419,0.03790290834114618,0.04556812920978819,0.032626650411225366,-0.003171388006930065,-0.001087617433249366,0
2018-11-30,INFY.NS,0.4163649507913767,-0.027608029620039942,0.45657820501945845,0.07314264472952271,-0.06360637891215648,-0.012734905341192482,-0.001087617433249366,0
2018-11-30,ICICIBANK.NS,0.1599315503646137,0.0004225054824584795,0.15944167989826563,0.08844647879849131,0.03663142621533577,0.014078577589681007,-0.001087617433249366,1
2018-11-30,HINDUNILVR.NS,0.3967705929917258,0.08158112219385538,0.29141546975093924,0.06934273019989048,-0.009038542347467926,0.03742870162806855,-0.001087617433249366,1
2018-11-30,BHARTIARTL.NS,-0.35492087558420027,0.08129437264298556,-0.4034195120806501,0.10508475735127966,-0.1764584349087981,-0.003189847675651225,-0.001087617433249366,0
2018-11-30,ITC.NS,0.1383393675233695,0.02034984810608287,0.11563633751334623,0.0627435750681445,-0.10645621800809113,-0.0145206676016717,-0.001087617433249366,0
2018-11-30,LT.NS,0.192545539928193,0.1040461259594958,0.08015916354199848,0.06379246659583439,0.04596401156805752,0.003525275093803515,-0.001087617433249366,1
2018-11-30,KOTAKBANK.NS,0.23420961898560377,0.10257791357055313,0.11938540015623844,0.06830614073125922,-0.041406071912361564,0.018274701223730316,-0.001087617433249366,1
2018-11-30,AXISBANK.NS,0.1687522436342681,0.0744332880006584,0.08778484126187269,0.08467861795875516,-0.03619575266142738,-0.00934863745139014,-0.001087617433249366,0
2018-11-30,SBIN.NS,-0.11144051094129381,0.01154932153245336,-0.12158560127095219,0.09245123040963847,-0.08058788999175825,0.03952219220763897,-0.001087617433249366,1
2018-11-30,BAJFINANCE.NS,0.4719096536809104,0.06511940866779575,0.38191985020901065,0.10725560282274081,-0.11163615331110566,0.042341540018452584,-0.001087617433249366,1
2018-11-30,ASIANPAINT.NS,0.18208473386358093,0.09391238122777912,0.08060275589607957,0.06538500665739373,-0.016954898140963848,0.02013483030369856,-0.001087617433249366,1
2018-11-30,MARUTI.NS,-0.1011040259259155,0.1579712399724129,-0.22373203837471867,0.07446077448462331,-0.15773283607608657,-0.025595151682707984,-0.001087617433249366,0
2018-11-30,HCLTECH.NS,0.20683219469607028,-0.03846162091269234,0.25510559010821354,0.07812996385136693,-0.0280819782667302,-0.04990136091265973,-0.001087617433249366,0
2018-11-30,SUNPHARMA.NS,-0.08494260470711767,-0.15105567890096072,0.07787680834975541,0.0974403032724903,-0.24318707725528454,-0.12606572889304113,-0.001087617433249366,0
2018-11-30,TITAN.NS,0.13708437089997938,0.09767942141466146,0.03589841324941112,0.09104920263963234,0.0394662887882522,0.004206632960925161,-0.001087617433249366,1
2018-11-30,ULTRACEMCO.NS,-0.045994135833605565,0.14295320859779825,-0.16531503040549567,0.07651778117701515,-0.10632336214496962,-0.002175234866498732,-0.001087617433249366,0
2018-11-30,WIPRO.NS,0.11582703772978076,-0.01977660148919813,0.13833952487258894,0.059555129560314744,0.07767626828043239,0.019097463101604317,-0.001087617433249366,1
2018-11-30,ADANIENT.NS,1.0718654983024134,-0.029411778070717154,1.1346493306750323,0.16901329646251828,0.1416696206715633,-0.024242435592102263,-0.001087617433249366,0
2018-11-30,NESTLEIND.NS,0.419546250483398,0.06080089217269058,0.3381834998045101,0.07648574473394959,-0.07057353413708778,0.03459095700217629,-0.001087617433249366,1
2018-11-30,POWERGRID.NS,-0.1017501164504997,-0.031191156687655708,-0.07283063139845414,0.06414534165202462,-0.09297816464690278,0.10269232029863273,-0.001087617433249366,1
2018-11-30,NTPC.NS,-0.20112961866416923,-0.12120263382120244,-0.09095041464508102,0.05593291251558919,-0.17011469080993413,0.06236647226399783,-0.001087617433249366,1
2018-11-30,TECHM.NS,0.4756451414696119,-0.05101499956642519,0.5549720393846216,0.09434425586411771,-0.07815361149321265,0.024364466774970506,-0.001087617433249366,1
2018-11-30,BAJAJFINSV.NS,0.14997580921664744,0.10910957234314056,0.036845986990420965,0.08927665171399797,-0.11165872258516085,0.08050935186222663,-0.001087617433249366,1
2018-11-30,JSWSTEEL.NS,0.24592070020398293,-0.07410127407126632,0.3456338855572434,0.08974791475116473,-0.20714020954209622,-0.02386632960141921,-0.001087617433249366,0
2018-11-30,ONGC.NS,-0.2075859473228907,-0.084502476028953,-0.13444435191921966,0.08505069600592836,-0.21467519421789294,0.06842465692129829,-0.001087617433249366,1
2018-11-30,TATASTEEL.NS,-0.18508615004352835,-0.04396498211456612,-0.14761087751900048,0.09119907824308722,-0.11823472671133284,-0.015958518529482046,-0.001087617433249366,0
2018-11-30,COALINDIA.NS,-0.05952372127626737,-0.07984216487480567,0.022081476484709484,0.07354632892212803,-0.14355651584693863,0.012390078049287379,-0.001087617433249366,1
2018-11-30,HINDALCO.NS,-0.0543641690126524,0.026315965242037498,-0.07861139940043993,0.11681170606607898,-0.04442882835943529,0.0,-0.001087617433249366,1
2018-11-30,GRASIM.NS,-0.2552526763928189,0.0392297728195341,-0.2833660629385095,0.09090215999598239,-0.18852461711646673,-0.04692639191069803,-0.001087617433249366,0
2018-11-30,ADANIPORTS.NS,-0.07665028861951384,0.1467773815521316,-0.1948309007187099,0.08963022003604433,-0.04567409789143417,0.06030372299149511,-0.001087617433249366,1
2018-11-30,DRREDDY.NS,0.2021947638142254,0.07069951201539526,0.12281247009379359,0.09986742100896369,0.09237570482590751,-0.03882894287614935,-0.001087617433249366,0
2018-11-30,CIPLA.NS,-0.0955647487620026,-0.14048496141447542,0.0522622765581815,0.08143033498384566,-0.1831913386052696,-0.03947478722925424,-0.001087617433249366,0
2018-11-30,BRITANNIA.NS,0.3215731380286029,0.12320833017204769,0.1766055348130926,0.06802421281101535,-0.05896744026341283,-0.017146525786903455,-0.001087617433249366,0
2018-11-30,EICHERMOT.NS,-0.2152032194716592,0.07046568182988389,-0.2668641378705505,0.09975915926090391,-0.1658763706096409,-0.010551122673755353,-0.001087617433249366,0
2018-11-30,HEROMOTOCO.NS,-0.13649438370862277,0.10601460679079766,-0.2192638225665774,0.07928854632607969,-0.06103628619876633,0.01605449910777801,-0.001087617433249366,1
2018-11-30,BPCL.NS,-0.3223110223565555,0.17920776123811866,-0.42530146093009125,0.1317823795826213,-0.10411484558900519,0.1182183685539051,-0.001087617433249366,1
2018-11-30,INDUSINDBK.NS,-0.010463769458322836,0.14504261886486658,-0.13580838456244548,0.0737701048829419,-0.14413085990415953,-0.019916723832170802,-0.001087617433249366,0
2018-11-30,APOLLOHOSP.NS,0.14845114106858137,0.10845296692807227,0.0360846831881001,0.11251901135535676,0.07426350425189665,-0.0051391131429395775,-0.001087617433249366,0
2018-11-30,TATACONSUM.NS,-0.23131096447641175,0.0036719600990318124,-0.23412323340412733,0.09738953048661225,-0.06679480376187097,0.003430228315547623,-0.001087617433249366,1
2018-11-30,SBILIFE.NS,-0.12494156062302808,0.019628624799464145,-0.14178709964221103,0.07914814400866423,-0.15020826190842085,0.04628977741289719,-0.001087617433249366,1
2018-11-30,HDFCLIFE.NS,0.07162560051413358,0.06553866790769436,0.0057125403232825,0.07522980245612812,-0.14087701363200478,-0.02407369589045627,-0.001087617433249366,0
2018-12-31,RELIANCE.NS,0.22549824034424581,-0.03965581290366571,0.2761031480282321,0.08196694729145239,-0.10866884901614238,0.09444820727300018,-0.023127304863315157,1
2018-12-31,TCS.NS,0.42249511050442035,-0.03820659845564889,0.4790027756692037,0.07016972286275602,-0.13127382485388273,0.0662248466268136,-0.023127304863315157,1
2018-12-31,HDFCBANK.NS,0.14038205248321267,-0.003171388006930065,0.14401015256085037,0.04575603721562341,0.05765051697541357,-0.019677479741870063,-0.023127304863315157,1
2018-12-31,INFY.NS,0.30982903755601776,-0.012734905341192482,0.3267247516825116,0.0763411991687145,-0.08756124755870454,0.1437444460076256,-0.023127304863315157,1
2018-12-31,ICICIBANK.NS,0.15209946246758999,0.014078577589681007,0.13610472396129758,0.08416221946669145,0.17869410507142036,0.011939654373664954,-0.023127304863315157,1
2018-12-31,HINDUNILVR.NS,0.347986749390941,0.03742870162806855,0.2993536300620028,0.07268628887255119,0.13779858263845846,-0.03099485638898547,-0.023127304863315157,0
2018-12-31,BHARTIARTL.NS,-0.3972850504558323,-0.003189847675651225,-0.39535632924808706,0.10999125135918708,-0.06924200703853045,-0.019519881544211137,-0.023127304863315157,1
2018-12-31,ITC.NS,0.09112785572681914,-0.0145206676016717,0.10720521461508237,0.06421657573436176,-0.05407218121913737,-0.01065130061712305,-0.023127304863315157,1
2018-12-31,LT.NS,0.15708759384703552,0.003525275093803515,0.15302287103718237,0.06384442480470395,0.1300606552924688,-0.08573599843039825,-0.023127304863315157,0
2018-12-31,KOTAKBANK.NS,0.24444808179545374,0.018274701223730316,0.22211430795630638,0.0827975737885439,0.10064822835042198,-0.0005970042174632262,-0.023127304863315157,1
2018-12-31,AXISBANK.NS,0.09921104897058997,-0.00934863745139014,0.10958414890046964,0.08770167729753174,0.010843966541979722,0.165833140790836,-0.023127304863315157,1
2018-12-31,SBIN.NS,-0.0451759582651281,0.03952219220763897,-0.0814779627675799,0.09023471454763293,0.11450093929707417,-0.007603915049414267,-0.023127304863315157,1
2018-12-31,BAJFINANCE.NS,0.5083374440328741,0.042341540018452584,0.44706642316698986,0.10746793500918399,0.22008777615090414,-0.02657712998476025,-0.023127304863315157,0
2018-12-31,ASIANPAINT.NS,0.19365539285987232,0.02013483030369856,0.17009571421506697,0.0728529107309842,0.06421248147707237,0.02880417885162556,-0.023127304863315157,1
2018-12-31,MARUTI.NS,-0.22587850501333473,-0.025595151682707984,-0.20554429062673252,0.08056493743710492,0.015997603618802314,-0.11042131798210442,-0.023127304863315157,0
2018-12-31,HCLTECH.NS,0.09188670923563858,-0.04990136091265973,0.14923510498288817,0.08300049566283364,-0.11168336713103644,0.042360161017242604,-0.023127304863315157,1
2018-12-31,SUNPHARMA.NS,-0.243984574924884,-0.12606572889304113,-0.13492873540990946,0.10426239321879471,-0.3092661301731534,-0.016376158070781077,-0.023127304863315157,1
2018-12-31,TITAN.NS,0.0896410648378354,0.004206632960925161,0.08507654607399373,0.08800546836922207,0.15566040041553442,0.069602617954164,-0.023127304863315157,1
2018-12-31,ULTRACEMCO.NS,-0.07380322388703042,-0.002175234866498732,-0.07178413637684011,0.07833202488328724,-0.01699529943302802,-0.11816725131770167,-0.023127304863315157,0
2018-12-31,WIPRO.NS,0.0562613042567075,0.019097463101604317,0.03646740621058542,0.0641576386522326,0.02114186118830519,0.11906469053006918,-0.023127304863315157,1
2018-12-31,ADANIENT.NS,0.7816179245016892,-0.024242435592102263,0.8258817451062221,0.1619533444949874,0.2327716100375088,-0.14813661148227297,-0.023127304863315157,0
2018-12-31,NESTLEIND.NS,0.4239930902770217,0.03459095700217629,0.376382695633813,0.07752899142056875,0.14820782098414487,0.0372580652181167,-0.023127304863315157,1
2018-12-31,POWERGRID.NS,0.01867301992673931,0.10269232029863273,-0.07619469078114138,0.06531169880480932,0.05440546400380919,-0.05059160497741433,-0.023127304863315157,0
2018-12-31,NTPC.NS,-0.13140800391799579,0.06236647226399783,-0.18239890022982652,0.059242117174908494,-0.10668281899426979,-0.06273074888798325,-0.023127304863315157,0
2018-12-31,TECHM.NS,0.4672142511485411,0.024364466774970506,0.43231662043862595,0.08945987694996334,-0.029979811699270997,0.01209978406951917,-0.023127304863315157,1
2018-12-31,BAJAJFINSV.NS,0.23868754146572457,0.08050935186222663,0.14639224485274682,0.09469961915249726,0.07837746863887984,-0.059449236393927296,-0.023127304863315157,0
2018-12-31,JSWSTEEL.NS,0.14879476134264635,-0.02386632960141921,0.17688263009467087,0.09450827493232423,-0.1962530674986247,-0.10480835880631756,-0.023127304863315157,0
2018-12-31,ONGC.NS,-0.21647252228481573,0.06842465692129829,-0.26665163271976033,0.0860312260059326,-0.15406343737391603,-0.057704942147083216,-0.023127304863315157,0
2018-12-31,TATASTEEL.NS,-0.23997117654603706,-0.015958518529482046,-0.22764554364293488,0.09053181588796577,-0.10356994641882178,-0.08511654919518152,-0.023127304863315157,0
2018-12-31,COALINDIA.NS,-0.0013421376684784603,0.012390078049287379,-0.0135641547813522,0.0743961490986202,-0.06879150784128085,-0.06687444498864259,-0.023127304863315157,0
2018-12-31,HINDALCO.NS,-0.16878759291951306,0.0,-0.16878759291951306,0.11545840187020882,-0.015022853639163336,-0.07824942777921884,-0.023127304863315157,0
2018-12-31,GRASIM.NS,-0.28767414225646515,-0.04692639191069803,-0.25260142375405004,0.09491659869767467,-0.19177677454971254,-0.12669580001037406,-0.023127304863315157,0
2018-12-31,ADANIPORTS.NS,-0.03943205212736589,0.06030372299149511,-0.09406340179346984,0.09697601322157762,0.1787778716452233,-0.12651537877055963,-0.023127304863315157,0
2018-12-31,DRREDDY.NS,0.09322078624123531,-0.03882894287614935,0.13738421287103897,0.09463169167623635,0.03392399944823432,0.039862409985773395,-0.023127304863315157,1
2018-12-31,CIPLA.NS,-0.14211734019143452,-0.03947478722925424,-0.10686086278370144,0.0784615043430846,-0.20571826967917173,-0.004234800077084322,-0.023127304863315157,1
2018-12-31,BRITANNIA.NS,0.3282460012550368,-0.017146525786903455,0.35141812701885433,0.0708096460207649,0.06994080783658285,0.026417103524209562,-0.023127304863315157,1
2018-12-31,EICHERMOT.NS,-0.2336389392381445,-0.010551122673755353,-0.22546674383747056,0.10244938024461302,-0.04246560307006586,-0.17931334550402955,-0.023127304863315157,0
2018-12-31,HEROMOTOCO.NS,-0.15774767643585474,0.01605449910777801,-0.1710559578214088,0.08888160820795561,0.05829693615697651,-0.1579447701839698,-0.023127304863315157,0
2018-12-31,BPCL.NS,-0.26246932681292345,0.1182183685539051,-0.34044128237594495,0.1246981060040852,-0.030468868010538053,-0.04769127866660816,-0.023127304863315157,0
2018-12-31,INDUSINDBK.NS,-0.02249640356721394,-0.019916723832170802,-0.0026321025955363675,0.07508611317795953,-0.053696667098754536,-0.05861932328911168,-0.023127304863315157,0
2018-12-31,APOLLOHOSP.NS,0.04913850112846374,-0.0051391131429395775,0.05455799397529404,0.10892066936843882,0.2072922968103852,0.05352443668115692,-0.023127304863315157,1
2018-12-31,TATACONSUM.NS,-0.3001023435677588,0.003430228315547623,-0.3024949451571185,0.09829995048452213,-0.06139047362567873,-0.07110297351457684,-0.023127304863315157,0
2018-12-31,SBILIFE.NS,-0.13769565012537688,0.04628977741289719,-0.17584557501192888,0.07814575407935079,0.16858863962891846,-0.004766849864550782,-0.023127304863315157,1
2018-12-31,HDFCLIFE.NS,0.002979282496856417,-0.02407369589045627,0.027720308668180094,0.06999028105549217,-0.011363631847893574,-0.04016523484305545,-0.023127304863315157,0
2019-01-31,RELIANCE.NS,0.2850858753266563,0.09444820727300018,0.17418610290263215,0.0822623404793862,0.1563251387198752,0.0031781816237683724,-0.0031961319900258855,1
2019-01-31,TCS.NS,0.3132257483404439,0.0662248466268136,0.2316593000951539,0.06904450329624226,0.041414206066629156,-0.01521750404276323,-0.0031961319900258855,0
2019-01-31,HDFCBANK.NS,0.04364303742920472,-0.019677479741870063,0.06459151540699248,0.04601198034900448,0.08798227474311338,-0.0011538673270025113,-0.0031961319900258855,1
2019-01-31,INFY.NS,0.3571880121357074,0.1437444460076256,0.1866182317851961,0.07446481798067225,0.09800456233753918,-0.02034545724193959,-0.0031961319900258855,0
2019-01-31,ICICIBANK.NS,0.037196532960040773,0.011939654373664954,0.024958878207029578,0.08170703789933494,0.02661989466230885,-0.039237332294651095,-0.0031961319900258855,0
2019-01-31,HINDUNILVR.NS,0.30477503299408126,-0.03099485638898547,0.3465099144178063,0.0675343928417043,0.08728510848175297,-0.017354374542542517,-0.0031961319900258855,0
2019-01-31,BHARTIARTL.NS,-0.2929881523901614,-0.019519881544211137,-0.2789126119932449,0.10847128381211361,0.056805797512670564,0.038021978346203245,-0.0031961319900258855,1
2019-01-31,ITC.NS,0.04708883772734618,-0.01065130061712305,0.05836176707007912,0.06130930692350741,-0.005176554457887006,-0.009330851814097096,-0.0031961319900258855,0
2019-01-31,LT.NS,-0.06030178040257461,-0.08573599843039825,0.027819336629418157,0.06233241988822893,0.01294800515633332,-0.016244509814238417,-0.0031961319900258855,0
2019-01-31,KOTAKBANK.NS,0.1329554707613183,-0.0005970042174632262,0.1336322539980075,0.08441940154023175,0.12205692264615453,-0.03396374252856382,-0.0031961319900258855,0
2019-01-31,AXISBANK.NS,0.2174865529008827,0.165833140790836,0.04430600769764359,0.08850343196481258,0.24089973857232527,-0.018195686675995137,-0.0031961319900258855,0
2019-01-31,SBIN.NS,-0.062569902003897,-0.007603915049414267,-0.05538714610831996,0.08632215058108501,0.04353223890294311,-0.08377312295514294,-0.0031961319900258855,0
2019-01-31,BAJFINANCE.NS,0.5372499061332414,-0.02657712998476025,0.5792210697794418,0.10649403979442511,0.08071179119566207,0.028797998410366565,-0.0031961319900258855,1
2019-01-31,ASIANPAINT.NS,0.260906930274881,0.02880417885162556,0.2256044018817398,0.07011780045308912,0.14808180262680626,-0.00523839665304926,-0.0031961319900258855,0
2019-01-31,MARUTI.NS,-0.295437594969466,-0.11042131798210442,-0.2079819140536009,0.08357123995900745,0.0037407965981730573,0.028391263994640648,-0.0031961319900258855,1
2019-01-31,HCLTECH.NS,0.025295530119625598,0.042360161017242604,-0.016371146496009237,0.08185502622106768,-0.04774530240379404,0.05045880924858093,-0.0031961319900258855,1
2019-01-31,SUNPHARMA.NS,-0.2675860116706158,-0.016376158070781077,-0.2553921965810907,0.11392937569879036,-0.2702282878872698,0.05124562288591905,-0.0031961319900258855,1
2019-01-31,TITAN.NS,0.15020318479513817,0.069602617954164,0.07535561851478945,0.08065996321011475,0.17901970973933135,0.029523909177308072,-0.0031961319900258855,1
2019-01-31,ULTRACEMCO.NS,-0.19469358911180668,-0.11816725131770167,-0.08678101137484007,0.08016845312765723,0.00570116431883716,0.08727467634204666,-0.0031961319900258855,1
2019-01-31,WIPRO.NS,0.21510510284052553,0.11906469053006918,0.08582203792433551,0.07094495438077757,0.11788203912365747,-0.0008127335498582244,-0.0031961319900258855,1
2019-01-31,ADANIENT.NS,0.18418672900749367,-0.14813661148227297,0.39011342073054833,0.14315170552383635,-0.19323528195564743,-0.06051761783911469,-0.0031961319900258855,0
2019-01-31,NESTLEIND.NS,0.5564955211138032,0.0372580652181167,0.5005865688655795,0.0763635224142985,0.13838555088910431,-0.07463131825621216,-0.0031961319900258855,0
2019-01-31,POWERGRID.NS,-0.00017651977231203375,-0.05059160497741433,0.05310157933025539,0.0643274398939998,0.0142511573336499,-0.0304877970057994,-0.0031961319900258855,0
2019-01-31,NTPC.NS,-0.15361857649754673,-0.06273074888798325,-0.09697088376870389,0.05512933562099778,-0.1249608741493693,0.03801375864408607,-0.0031961319900258855,1
2019-01-31,TECHM.NS,0.2217378160572514,0.01209978406951917,0.20713178214978534,0.08832931931809933,-0.016131207142089377,0.13423963292032992,-0.0031961319900258855,1
2019-01-31,BAJAJFINSV.NS,0.26625629096632797,-0.059449236393927296,0.34629234270301357,0.09312201431234952,0.12715910615112458,0.06082656908010886,-0.0031961319900258855,1
2019-01-31,JSWSTEEL.NS,-0.043076588866046706,-0.10480835880631756,0.06895927877292873,0.09384276047139052,-0.1909249695389279,0.023670530640613308,-0.0031961319900258855,1
2019-01-31,ONGC.NS,-0.29162498388359004,-0.057704942147083216,-0.24824500541211536,0.08442909736745143,-0.07830339153466981,0.09109367898174003,-0.0031961319900258855,1
2019-01-31,TATASTEEL.NS,-0.31182775858132894,-0.08511654919518152,-0.24780337778184824,0.0868877647429913,-0.13929767139821392,0.049821615514254125,-0.0031961319900258855,1
2019-01-31,COALINDIA.NS,-0.18198602578199474,-0.06687444498864259,-0.12336129921117756,0.06830905144106532,-0.1307388060103324,0.01624768390024811,-0.0031961319900258855,1
2019-01-31,HINDALCO.NS,-0.18178440501141635,-0.07824942777921884,-0.11232428853583443,0.1057525733567503,-0.053992671758828714,-0.061150958500228225,-0.0031961319900258855,0
2019-01-31,GRASIM.NS,-0.37486629607507804,-0.12669580001037406,-0.2841741698570235,0.08828950283074206,-0.1350249657024981,0.07773929723263162,-0.0031961319900258855,1
2019-01-31,ADANIPORTS.NS,-0.2063493163712553,-0.12651537877055963,-0.09139707289674825,0.1103888178349215,0.06209818817946511,-0.03779721426003013,-0.0031961319900258855,0
2019-01-31,DRREDDY.NS,0.23327144556083712,0.039862409985773395,0.18599483327578858,0.08282048877720766,0.07014879972293553,-0.032765893659674195,-0.0031961319900258855,0
2019-01-31,CIPLA.NS,-0.12216350309410196,-0.004234800077084322,-0.11843023136995223,0.074548173851167,-0.1779103257690674,0.0720084996439081,-0.0031961319900258855,1
2019-01-31,BRITANNIA.NS,0.37063989705154166,0.026417103524209562,0.33536346222743263,0.06958212153769612,0.13311235012949174,-0.04403158592047507,-0.0031961319900258855,0
2019-01-31,EICHERMOT.NS,-0.29122983873899966,-0.17931334550402955,-0.1363693349000592,0.10864861000479342,-0.13075244040043366,0.04542579595826801,-0.0031961319900258855,1
2019-01-31,HEROMOTOCO.NS,-0.27277492282279003,-0.1579447701839698,-0.13636890856186246,0.0845500524347243,-0.05372265355399719,0.02458844433649876,-0.0031961319900258855,1
2019-01-31,BPCL.NS,-0.26140522568348146,-0.04769127866660816,-0.22441666471103816,0.12346688049919392,0.2557254971544438,0.009692293016527964,-0.0031961319900258855,1
2019-01-31,INDUSINDBK.NS,-0.13449166415428915,-0.05861932328911168,-0.08059687514541902,0.0793933242170382,0.05645234063133997,-0.02105554838594781,-0.0031961319900258855,0
2019-01-31,APOLLOHOSP.NS,0.14521611748421548,0.05352443668115692,0.08703327384783632,0.10619675119410259,0.1617809222683091,-0.13936567940961386,-0.0031961319900258855,0
2019-01-31,TATACONSUM.NS,-0.2922688652241717,-0.07110297351457684,-0.2380951659910019,0.08632461736750997,-0.06449407174221589,-0.04955836810544967,-0.0031961319900258855,0
2019-01-31,SBILIFE.NS,-0.09673034869110153,-0.004766849864550782,-0.09240397470083739,0.07945343547964122,0.06174160271197948,-0.027647138734080534,-0.0031961319900258855,0
2019-01-31,HDFCLIFE.NS,-0.12974229169981555,-0.04016523484305545,-0.09332549737570006,0.06862832514914097,-0.0018801001059259859,-0.05207226114625407,-0.0031961319900258855,0
2019-02-28,RELIANCE.NS,0.2982865457392061,0.0031781816237683724,0.2941734275338488,0.0817962087538326,0.05438739211089971,0.10474796584079815,0.059922841369839164,1
2019-02-28,TCS.NS,0.3261795912018619,-0.01521750404276323,0.34667258673477686,0.07739089070434887,0.009882653926981844,0.008495119547578867,0.059922841369839164,0
2019-02-28,HDFCBANK.NS,0.10965905754097305,-0.0011538673270025113,0.11094093598924082,0.04708640487139811,-0.023914037597590365,0.10842098210540607,0.059922841369839164,1
2019-02-28,INFY.NS,0.304233461781803,-0.02034545724193959,0.33131977126339107,0.07448792995506638,0.10620530632593805,0.004766297265880626,0.059922841369839164,0
2019-02-28,ICICIBANK.NS,0.12279189278909053,-0.039237332294651095,0.16864646236799175,0.07841138009979177,-0.014078488528726396,0.1439382059274874,0.059922841369839164,1
2019-02-28,HINDUNILVR.NS,0.33233640877041193,-0.017354374542542517,0.3558666260282395,0.06649787409343712,-0.012172149133409138,-0.02813609250960103,0.059922841369839164,0
2019-02-28,BHARTIARTL.NS,-0.2467547493075286,0.038021978346203245,-0.2743455664661779,0.10515492995399323,0.014513413198012692,0.037415615597953256,0.059922841369839164,0
2019-02-28,ITC.NS,0.06217070947212955,-0.009330851814097096,0.07217501566204931,0.061909822468216635,-0.03411472327861209,0.08675954832672428,0.059922841369839164,1
2019-02-28,LT.NS,-0.006592994098247318,-0.016244509814238417,0.009810888795313,0.05775940609140457,-0.09741709343961191,0.07250859698723477,0.059922841369839164,1
2019-02-28,KOTAKBANK.NS,0.11294236289756587,-0.03396374252856382,0.15207100591715972,0.0822346638256898,-0.016896985798684816,0.10522630901633057,0.059922841369839164,1
2019-02-28,AXISBANK.NS,0.34193851712529644,-0.018195686675995137,0.3668085370108207,0.08196850761944825,0.13391936878652677,0.10027494754842103,0.059922841369839164,1
2019-02-28,SBIN.NS,0.003917928061176301,-0.08377312295514294,0.09570888304341474,0.08219030794600977,-0.05480408716284568,0.18565326542823457,0.059922841369839164,1
2019-02-28,BAJFINANCE.NS,0.6177737762497595,0.028797998410366565,0.5724892337946235,0.10720521625067708,0.04385866842029684,0.13093606700685267,0.059922841369839164,1
2019-02-28,ASIANPAINT.NS,0.26614030650847353,-0.00523839665304926,0.2728077785154239,0.07446582103256336,0.0440211797152088,0.06532868500970834,0.059922841369839164,1
2019-02-28,MARUTI.NS,-0.2215069909076791,0.028391263994640648,-0.2429992004518059,0.08687828110580303,-0.10858039396455632,-0.03418167787338422,0.059922841369839164,0
2019-02-28,HCLTECH.NS,0.13000567510539351,0.05045880924858093,0.07572583061463822,0.08216706895462478,0.04031659837412516,0.02751689705984517,0.059922841369839164,0
2019-02-28,SUNPHARMA.NS,-0.16598049369371437,0.05124562288591905,-0.20663688090638233,0.11260379848773823,-0.09632551982761739,0.0680669424917657,0.059922841369839164,1
2019-02-28,TITAN.NS,0.2616401772292245,0.029523909177308072,0.22545981300949158,0.08116101530824074,0.10581373476381595,0.106369503254226,0.059922841369839164,1
2019-02-28,ULTRACEMCO.NS,-0.0767079793598705,0.08727467634204666,-0.1508198979246066,0.08415808365277933,-0.04329118663301901,0.021546987450593358,0.059922841369839164,0
2019-02-28,WIPRO.NS,0.2634618418952539,-0.0008127335498582244,0.2644895349637635,0.07598373527191275,0.13950911657754017,-0.0792447353707304,0.059922841369839164,0
2019-02-28,ADANIENT.NS,0.16526572993926614,-0.06051761783911469,0.24032738885327554,0.1531621727227238,-0.2190908337574211,0.06946031519164042,0.059922841369839164,1
2019-02-28,NESTLEIND.NS,0.3860528505402059,-0.07463131825621216,0.49783851332454154,0.07239024845333138,-0.00695187540346065,0.04072915120432019,0.059922841369839164,0
2019-02-28,POWERGRID.NS,-0.06168895739850777,-0.0304877970057994,-0.03218232869720261,0.06603739576868062,0.014987508344759037,0.11768105501137405,0.059922841369839164,1
2019-02-28,NTPC.NS,-0.09890460285543623,0.03801375864408607,-0.13190418754985767,0.0620093851984273,0.03357461792852945,0.15327459578573666,0.059922841369839164,1
2019-02-28,TECHM.NS,0.38574345200966254,0.13423963292032992,0.2217378160572514,0.09023709009824842,0.1759332106862277,-0.07040900852291077,0.059922841369839164,0
2019-02-28,BAJAJFINSV.NS,0.2796336310756731,0.06082656908010886,0.20626091801726076,0.09639461409937862,0.07809035031550793,0.07583805079309314,0.059922841369839164,1
2019-02-28,JSWSTEEL.NS,-0.09023832677897481,0.023670530640613308,-0.11127492099269864,0.09301986767223606,-0.10548935583706098,0.02543585300768303,0.059922841369839164,0
2019-02-28,ONGC.NS,-0.1649113092635196,0.09109367898174003,-0.23463153822334992,0.09157649993133728,0.09848177313828965,0.05542452235469342,0.059922841369839164,0
2019-02-28,TATASTEEL.NS,-0.24155890981086092,0.049821615514254125,-0.277552415590512,0.08975077392295004,-0.0548631669495101,0.011689529758496908,0.059922841369839164,0
2019-02-28,COALINDIA.NS,-0.1945097323677768,0.01624768390024811,-0.2073878441318172,0.0696058320286368,-0.03996396990286677,0.060338432508518336,0.059922841369839164,1
2019-02-28,HINDALCO.NS,-0.19816809897747578,-0.061150958500228225,-0.14594160980168702,0.10550807720131739,-0.1346153587686535,0.03371643983077077,0.059922841369839164,0
2019-02-28,GRASIM.NS,-0.32197293489733836,0.07773929723263162,-0.3708802612620068,0.09101570227400875,-0.10297259569617434,0.0683353221746319,0.059922841369839164,1
2019-02-28,ADANIPORTS.NS,-0.19801002641859855,-0.03779721426003013,-0.16650628592325145,0.11980689413727323,-0.10884723414018704,0.17017027548622887,0.059922841369839164,1
2019-02-28,DRREDDY.NS,0.1865173440067529,-0.032765893659674195,0.22671164739642813,0.08664888535190335,-0.03326338871414136,0.032508009054729836,0.059922841369839164,0
2019-02-28,CIPLA.NS,-0.05496185652469143,0.0720084996439081,-0.11844155732979322,0.07649392118912489,0.025330655872358276,-0.05220444066724628,0.059922841369839164,0
2019-02-28,BRITANNIA.NS,0.22893080732485593,-0.04403158592047507,0.2855349499263098,0.0745917324997188,-0.0356022233548684,0.01297062552261763,0.059922841369839164,0
2019-02-28,EICHERMOT.NS,-0.27291813185307645,0.04542579595826801,-0.30451126138468865,0.11408820272638005,-0.1510855160477974,0.05183417194746576,0.059922841369839164,0
2019-02-28,HEROMOTOCO.NS,-0.24696103762837873,0.02458844433649876,-0.2650327392094757,0.09492186191565931,-0.12338876145659317,-0.038944626134617244,0.059922841369839164,0
2019-02-28,BPCL.NS,-0.17204065899268484,0.009692293016527964,-0.1799884512005857,0.1273271775174439,0.07521032196222333,0.14308994797132035,0.059922841369839164,1
2019-02-28,INDUSINDBK.NS,-0.11624299868119037,-0.02105554838594781,-0.09723478195141766,0.08138584840493265,-0.09679505354919715,0.23560739647613094,0.059922841369839164,1
2019-02-28,APOLLOHOSP.NS,-0.04736299383981779,-0.13936567940961386,0.10690101866572466,0.1022304352352698,-0.09796034243811069,0.036856946194906426,0.059922841369839164,0
2019-02-28,TATACONSUM.NS,-0.29035290748721443,-0.04955836810544967,-0.2533501598638731,0.09203653138188478,-0.11410917466238368,0.027103632787716325,0.059922841369839164,0
2019-02-28,SBILIFE.NS,-0.16451140268084385,-0.027647138734080534,-0.1407557579134161,0.07677813977484362,0.012513242775134659,0.0650763950911033,0.059922841369839164,1
2019-02-28,HDFCLIFE.NS,-0.23623165285489411,-0.05207226114625407,-0.19427577035706267,0.07292746797253336,-0.11204954985877658,0.05950725023115999,0.059922841369839164,0
2019-03-31,RELIANCE.NS,0.5510266407769666,0.10474796584079815,0.4039642422844527,0.08419327241332454,0.21293213651310783,0.024117547738807144,0.02623934579389542,0
2019-03-31,TCS.NS,0.42471053348233156,0.008495119547578867,0.41270939825814046,0.07267267890113585,0.058919437548411446,0.13000555130785307,0.02623934579389542,1
2019-03-31,HDFCBANK.NS,0.22873045233800093,0.10842098210540607,0.10854131433354097,0.045103893839777386,0.08535624684988563,0.006361809995897971,0.02623934579389542,0
2019-03-31,INFY.NS,0.35768953281803784,0.004766297265880626,0.35124907803189087,0.07375857575930862,0.12581495655642683,0.018365451576661584,0.02623934579389542,0
2019-03-31,ICICIBANK.NS,0.44544526366432313,0.1439382059274874,0.26356935730840325,0.07938921278546109,0.11217543683691944,0.017351291033813387,0.02623934579389542,0
2019-03-31,HINDUNILVR.NS,0.2797003825668587,-0.02813609250960103,0.31674854133782193,0.05676571727996712,-0.07460220296157505,0.04382685344984427,0.02623934579389542,1
2019-03-31,BHARTIARTL.NS,-0.16006735019401286,0.037415615597953256,-0.19036051012027566,0.1110089380658556,0.05584002593779447,0.05725985528468858,0.02623934579389542,1
2019-03-31,ITC.NS,0.19746987492422186,0.08675954832672428,0.10187196125210729,0.05733072132426611,0.06515176174277038,0.0045000899676073125,0.02623934579389542,0
2019-03-31,LT.NS,0.07132995128881836,0.07250859698723477,-0.0010989615390751828,0.060333958520738196,-0.03537264999204237,-0.027511208515071717,0.02623934579389542,0
2019-03-31,KOTAKBANK.NS,0.28023884213474126,0.10522630901633057,0.15834995212353808,0.07967801940929643,0.06705127257189614,0.03415997472519772,0.02623934579389542,1
2019-03-31,AXISBANK.NS,0.5292851928840543,0.10027494754842103,0.38991185457010813,0.0807111883041922,0.25939671733355674,-0.01774059985041665,0.02623934579389542,0
2019-03-31,SBIN.NS,0.2765107607389512,0.18565326542823457,0.07663074691393934,0.0800103276507443,0.07806704746226734,-0.028370009797670348,0.02623934579389542,0
2019-03-31,BAJFINANCE.NS,0.6978298172615316,0.13093606700685267,0.5012606519438592,0.09903625010144818,0.1325821447674067,0.03341282652594568,0.02623934579389542,1
2019-03-31,ASIANPAINT.NS,0.3456657236174785,0.06532868500970834,0.2631460529997982,0.07034663118654601,0.09027324376050694,-0.02261184105868297,0.02623934579389542,0
2019-03-31,MARUTI.NS,-0.24897841758040384,-0.03418167787338422,-0.22239870044509302,0.0857658211177944,-0.11643564818186003,0.01063489514918814,0.02623934579389542,0
2019-03-31,HCLTECH.NS,0.12717567862365575,0.02751689705984517,0.09698991992148853,0.08585096937693422,0.12508621646701346,0.09276031718827649,0.02623934579389542,1
2019-03-31,SUNPHARMA.NS,-0.03679308890548405,0.0680669424917657,-0.09817739621508614,0.10916861885024433,0.10441353652719432,-0.03743828579700148,0.02623934579389542,0
2019-03-31,TITAN.NS,0.20897285320227899,0.106369503254226,0.09273877275743803,0.0735320732632919,0.21831359429981867,0.02142386840891164,0.02623934579389542,0
2019-03-31,ULTRACEMCO.NS,-0.007720416616406434,0.021546987450593358,-0.02865008112846623,0.08079612828322885,-0.020546452330522103,0.18108435505233467,0.02623934579389542,1
2019-03-31,WIPRO.NS,0.2115443272012436,-0.0792447353707304,0.3158158022469266,0.0808792732040186,0.029547277047054843,0.1719330952028042,0.02623934579389542,1
2019-03-31,ADANIENT.NS,0.6218997380189637,0.06946031519164042,0.5165590672042184,0.12686266627374096,-0.14409952479065824,-0.0780114375254296,0.02623934579389542,0
2019-03-31,NESTLEIND.NS,0.36480254966970826,0.04072915120432019,0.31139071879592684,0.07161308972026745,-0.0010601534629262055,-0.012904598087181252,0.02623934579389542,0
2019-03-31,POWERGRID.NS,0.07288176162117321,0.11768105501137405,-0.04008235908565605,0.06075209487841258,0.028784084433368884,-0.05977296549267308,0.02623934579389542,0
2019-03-31,NTPC.NS,-0.0002878314614355171,0.15327459578573666,-0.13315339452400643,0.0723533213438717,0.12201898386879018,-0.012523390279579383,0.02623934579389542,0
2019-03-31,TECHM.NS,0.23563546763072285,-0.07040900852291077,0.3292248730458749,0.08523444583985046,0.06713670250022874,0.08345202657338802,0.02623934579389542,1
2019-03-31,BAJAJFINSV.NS,0.3447741842882448,0.07583805079309314,0.24997826884529295,0.08568467185268352,0.07342950717021557,0.08168242348027221,0.02623934579389542,1
2019-03-31,JSWSTEEL.NS,0.010765411173871087,0.02543585300768303,-0.01430654271623355,0.09122082032936851,-0.060309757528256513,0.06973129076078544,0.02623934579389542,1
2019-03-31,ONGC.NS,-0.07800058764780582,0.05542452235469342,-0.12641842896053102,0.09607858077494034,0.08511591642836502,0.0853112214386087,0.02623934579389542,1
2019-03-31,TATASTEEL.NS,-0.0975863450322495,0.011689529758496908,-0.10801325068258039,0.08661594453111549,-0.02830820022201208,0.10053330419364581,0.02623934579389542,1
2019-03-31,COALINDIA.NS,-0.12001712070322901,0.060338432508518336,-0.17009244188675432,0.0695200022634717,0.005504816153814929,0.06797959166914014,0.02623934579389542,1
2019-03-31,HINDALCO.NS,-0.05195105163888514,0.03371643983077077,-0.08287329887457395,0.09833703106249912,-0.10543766958210354,0.018285141775383096,0.02623934579389542,0
2019-03-31,GRASIM.NS,-0.2054713531693021,0.0683353221746319,-0.2562928227315291,0.08684154864222578,0.005511067395549185,0.0855870750308112,0.02623934579389542,1
2019-03-31,ADANIPORTS.NS,0.08224248719779004,0.17017027548622887,-0.07514102018349689,0.11674486643885955,-0.01650776573302981,0.030160094294395146,0.02623934579389542,1
2019-03-31,DRREDDY.NS,0.31735822739298314,0.032508009054729836,0.275881848702594,0.08106421138666584,0.03848663190704138,0.0796959950069085,0.02623934579389542,1
2019-03-31,CIPLA.NS,-0.031714750022038274,-0.05220444066724628,0.021618259806611473,0.06946020294185713,0.011742148527554619,0.07496194347054597,0.02623934579389542,1
2019-03-31,BRITANNIA.NS,0.25079400324517986,0.01297062552261763,0.2347781581522792,0.06741965150705069,-0.006050601954698531,-0.06474940259137141,0.02623934579389542,0
2019-03-31,EICHERMOT.NS,-0.2604302999896124,0.05183417194746576,-0.2968761428989535,0.11565205108887038,-0.09756099203934976,-0.025393455967031353,0.02623934579389542,0
2019-03-31,HEROMOTOCO.NS,-0.26527740613330786,-0.038944626134617244,-0.23550441124778887,0.09211703151987365,-0.17083980993861547,-0.005503330824117469,0.02623934579389542,0
2019-03-31,BPCL.NS,-0.04891836292396823,0.14308994797132035,-0.16797305517037575,0.1269790893190413,0.09912531000493563,-0.015549960919418737,0.02623934579389542,0
2019-03-31,INDUSINDBK.NS,0.021477606588124365,0.23560739647613094,-0.1732992134060466,0.08205966039777568,0.13868559897489274,-0.11784080919658801,0.02623934579389542,0
2019-03-31,APOLLOHOSP.NS,0.11615153481548357,0.036856946194906426,0.07647591976074941,0.10028217187598493,-0.05988254534656412,0.028361143848983694,0.02623934579389542,1
2019-03-31,TATACONSUM.NS,-0.2239352249857931,0.027103632787716325,-0.24441434122100358,0.08874092133033717,-0.09320881583862528,0.0515205981820146,0.02623934579389542,1
2019-03-31,SBILIFE.NS,-0.08882085151654673,0.0650763950911033,-0.14449409198904095,0.07386530624782232,0.03069338712593872,0.041846578506344434,0.02623934579389542,1
2019-03-31,HDFCLIFE.NS,-0.17876242232292172,0.05950725023115999,-0.22488725065552584,0.06981187433715168,-0.03600309182254735,0.0888172227910089,0.02623934579389542,1
2019-04-30,RELIANCE.NS,0.4555283487798045,0.024117547738807144,0.42125125381703277,0.07119476016344295,0.13498754620331166,-0.044981223496610934,0.01688790028398668,0
2019-04-30,TCS.NS,0.29864223078785734,0.13000555130785307,0.1492352663974319,0.06730106851279649,0.12226313858947946,-0.028225695907857062,0.01688790028398668,0
2019-04-30,HDFCBANK.NS,0.19953285960022638,0.006361809995897971,0.19194990080666474,0.04242846581895366,0.11418543846427287,0.046559835180944864,0.01688790028398668,1
2019-04-30,INFY.NS,0.3045887267808849,0.018365451576661584,0.281061454668444,0.06572713744431369,0.0024014198515298624,-0.01810074498957881,0.01688790028398668,0
2019-04-30,ICICIBANK.NS,0.44025605315223615,0.017351291033813387,0.41569196977051526,0.06617455599655113,0.11812311300564149,0.039754672332277696,0.01688790028398668,1
2019-04-30,HINDUNILVR.NS,0.18037638447964643,0.04382685344984427,0.1308162657231,0.04766142663139888,-0.0031476333836698567,0.01752285697455891,0.01688790028398668,1
2019-04-30,BHARTIARTL.NS,-0.13549916582094124,0.05725985528468858,-0.18231943655301808,0.10124968409738111,0.13852106943778852,0.0889791851745314,0.01688790028398668,1
2019-04-30,ITC.NS,0.09195370256799107,0.0045000899676073125,0.08706182654817263,0.05162551316991027,0.08146403908668876,-0.05725643120335622,0.01688790028398668,0
2019-04-30,LT.NS,-0.025076945259449146,-0.027511208515071717,0.0025031273130722287,0.0544160671679958,0.026059523542480978,0.15498105017464825,0.01688790028398668,1
2019-04-30,KOTAKBANK.NS,0.1454527147815503,0.03415997472519772,0.10761656105084305,0.06948059948124159,0.10416090579095738,0.09779666867679149,0.01688790028398668,1
2019-04-30,AXISBANK.NS,0.48240846033813156,-0.01774059985041665,0.5091822588945274,0.06798097018209372,0.06109032316517049,0.054052360581032355,0.01688790028398668,1
2019-04-30,SBIN.NS,0.25791397798080706,-0.028370009797670348,0.2946430129424704,0.06542894494740371,0.055508269982115666,0.13728022901735115,0.01688790028398668,1
2019-04-30,BAJFINANCE.NS,0.6256595233717139,0.03341282652594568,0.5730978769024393,0.07385463283992935,0.20238074484378976,0.11988254224920492,0.01688790028398668,1
2019-04-30,ASIANPAINT.NS,0.22625603227702973,-0.02261184105868297,0.25462542292847123,0.06284144435319826,0.03578521585276695,-0.03817096073407289,0.01688790028398668,0
2019-04-30,MARUTI.NS,-0.23701770717351256,0.01063489514918814,-0.2450465578730513,0.08112069092534847,0.0038021190342809597,0.030518702940856457,0.01688790028398668,1
2019-04-30,HCLTECH.NS,0.13327602583834586,0.09276031718827649,0.03707648238391226,0.0770126792248261,0.17948633951131399,-0.07499836778362923,0.01688790028398668,0
2019-04-30,SUNPHARMA.NS,-0.1312832145943641,-0.03743828579700148,-0.0974949734782109,0.10241048017937086,0.08076496480969797,-0.10444657652125933,0.01688790028398668,0
2019-04-30,TITAN.NS,0.18519207680923877,0.02142386840891164,0.1603332499517871,0.06089431140402346,0.16343636742876155,0.0666349719522279,0.01688790028398668,1
2019-04-30,ULTRACEMCO.NS,0.12665711060164053,0.18108435505233467,-0.04608243621030994,0.07897556815889435,0.311832956285113,0.031038943774895023,0.01688790028398668,1
2019-04-30,WIPRO.NS,0.43207372341696826,0.1719330952028042,0.22197566506059507,0.07848991127520757,0.07818657603776269,-0.040696674988621506,0.01688790028398668,0
2019-04-30,ADANIENT.NS,0.41770936269719816,-0.0780114375254296,0.5376648045309136,0.12789736888880524,-0.07364201890084976,0.2180242938640784,0.01688790028398668,1
2019-04-30,NESTLEIND.NS,0.17614879318564558,-0.012904598087181252,0.19152494369487916,0.06692569221395979,-0.04936971582197913,0.05667689445446533,0.01688790028398668,1
2019-04-30,POWERGRID.NS,-0.06210516370064256,-0.05977296549267308,-0.002480462826929375,0.061186933862334446,0.018835112398717158,0.015557608389416666,0.01688790028398668,0
2019-04-30,NTPC.NS,-0.026857137635024397,-0.012523390279579383,-0.014515531015467098,0.06982742348024054,0.18212296084413704,-0.005967780944107992,0.01688790028398668,0
2019-04-30,TECHM.NS,0.2750680851475793,0.08345202657338802,0.17685698478059209,0.07115828948304026,0.14236900467049107,-0.09059918589892502,0.01688790028398668,0
2019-04-30,BAJAJFINSV.NS,0.37209236080647634,0.08168242348027221,0.26847985233209326,0.06903548457259144,0.23449990758544126,0.08875788878592772,0.01688790028398668,1
2019-04-30,JSWSTEEL.NS,-0.041349198233828655,0.06973129076078544,-0.103839618373334,0.08859736245463241,0.12290598988862356,-0.1188585166459526,0.01688790028398668,0
2019-04-30,ONGC.NS,-0.014585365642021508,0.0853112214386087,-0.0920441852137257,0.07668847007489647,0.2498086144532976,0.01625294359341445,0.01688790028398668,0
2019-04-30,TATASTEEL.NS,-0.046759420975485244,0.10053330419364581,-0.1338375900191876,0.09040800151165873,0.16886930911998888,-0.12365392135678344,0.01688790028398668,0
2019-04-30,COALINDIA.NS,-0.06580209600268616,0.06797959166914014,-0.12526614620298082,0.061201331185770536,0.15081900523476155,0.005354138101413719,0.01688790028398668,0
2019-04-30,HINDALCO.NS,-0.12105589095090541,0.018285141775383096,-0.13683891378729818,0.09140881688026098,-0.011750513740589441,-0.04392141361986346,0.01688790028398668,0
2019-04-30,GRASIM.NS,-0.17122351409101366,0.0855870750308112,-0.23656378657099986,0.0823923796951737,0.24993080140689794,-0.016755529041311834,0.01688790028398668,0
2019-04-30,ADANIPORTS.NS,-0.030738763358512666,0.030160094294395146,-0.05911591605052435,0.1005291994348403,0.15989958857459885,0.06008147810261821,0.01688790028398668,1
2019-04-30,DRREDDY.NS,0.4025939422460356,0.0796959950069085,0.2990637630706978,0.07050069891306376,0.0782675155587036,-0.08705577713574741,0.01688790028398668,0
2019-04-30,CIPLA.NS,-0.06529045266049838,0.07496194347054597,-0.13047196413133966,0.06211272272183565,0.0922095955516804,-0.010884880248991369,0.01688790028398668,0
2019-04-30,BRITANNIA.NS,0.054675420494114,-0.06474940259137141,0.1276928594500608,0.05941832075262848,-0.09433332207339917,0.008943138736002387,0.01688790028398668,0
2019-04-30,EICHERMOT.NS,-0.3442891263695177,-0.025393455967031353,-0.3272045240768452,0.09948492569163696,0.07169156209714922,-0.020647299097385496,0.01688790028398668,0
2019-04-30,HEROMOTOCO.NS,-0.30641012434825754,-0.005503330824117469,-0.3025719470468362,0.08805486077206244,-0.020732823654044386,0.06704230184072957,0.01688790028398668,1
2019-04-30,BPCL.NS,0.033221167807075735,-0.015549960919418737,0.049541497069819806,0.10255543249762868,0.13622182612565603,0.07766225623275025,0.01688790028398668,1
2019-04-30,INDUSINDBK.NS,-0.14696427137587353,-0.11784080919658801,-0.03301383977279859,0.07890839270404275,0.06705182230937923,-0.0007157732973767095,0.01688790028398668,0
2019-04-30,APOLLOHOSP.NS,0.12008456024188785,0.028361143848983694,0.08919377880186974,0.10145073218160224,-0.08233712730443965,0.018331426988920763,0.01688790028398668,1
2019-04-30,TATACONSUM.NS,-0.29036320839781926,0.0515205981820146,-0.325132771693603,0.08188505302126461,0.026496566582032477,0.17898935531709603,0.01688790028398668,1
2019-04-30,SBILIFE.NS,-0.1360707200784237,0.041846578506344434,-0.17077111184627713,0.06678128336650081,0.07896765568965325,0.085019893837738,0.01688790028398668,1
2019-04-30,HDFCLIFE.NS,-0.21559883562318272,0.0888172227910089,-0.27958416898831717,0.0716878853823406,0.09353867399173454,0.09170688495355206,0.01688790028398668,1
2019-05-31,RELIANCE.NS,0.4533474722807347,-0.044981223496610934,0.5217998934030144,0.07451428604864997,0.08050039123377672,-0.057925668720962276,-0.0012418129765507935,0
2019-05-31,TCS.NS,0.2695437245520065,-0.028225695907857062,0.3064182899320924,0.06449571668554427,0.10743893701215135,0.022158875748445217,-0.0012418129765507935,1
2019-05-31,HDFCBANK.NS,0.13363276154027237,0.046559835180944864,0.08319918597322529,0.045364226551850025,0.16740876366983337,0.013848982758515316,-0.0012418129765507935,1
2019-05-31,INFY.NS,0.2473854558103692,-0.01810074498957881,0.2703802853961126,0.06140720217552515,0.004698252715275464,0.006222222925301946,-0.0012418129765507935,1
2019-05-31,ICICIBANK.NS,0.4891298801593813,0.039754672332277696,0.4321934969708847,0.0736432755268323,0.2100529819367114,0.03162611005445548,-0.0012418129765507935,1
2019-05-31,HINDUNILVR.NS,0.12462655130960099,0.01752285697455891,0.10525925152531501,0.046455741773150615,0.03223384074914648,0.0067205948738200405,-0.0012418129765507935,1
2019-05-31,BHARTIARTL.NS,0.032012887862654216,0.0889791851745314,-0.05231164937532495,0.0989870974351127,0.19441184518627774,-0.006164137564417471,-0.0012418129765507935,0
2019-05-31,ITC.NS,0.0458154496308929,-0.05725643120335622,0.10933183131210789,0.05417199296096678,0.02914607727593932,-0.01687297914008068,-0.0012418129765507935,0
2019-05-31,LT.NS,0.15107854220264438,0.15498105017464825,-0.00337885021699158,0.062178558449573464,0.20464822597230592,-0.002792848013259963,-0.0012418129765507935,0
2019-05-31,KOTAKBANK.NS,0.14111105351817677,0.09779666867679149,0.03945574447187328,0.0665524402710671,0.2547605275532865,-0.029596297927182436,-0.0012418129765507935,0
2019-05-31,AXISBANK.NS,0.4806740582538547,0.054052360581032355,0.40474431216837536,0.06675895056989167,0.13917279109858716,0.00030922206015837617,-0.0012418129765507935,1
2019-05-31,SBIN.NS,0.3077351722536916,0.13728022901735115,0.14987945704781946,0.07120531408967615,0.3101653281408798,0.024822760580485603,-0.0012418129765507935,1
2019-05-31,BAJFINANCE.NS,0.6460775753950285,0.11988254224920492,0.46986627016168847,0.07763565119335179,0.3088334224675022,0.06172305418732549,-0.0012418129765507935,1
2019-05-31,ASIANPAINT.NS,0.08637862447589817,-0.03817096073407289,0.1294924358959133,0.06303833626108134,0.0014945246153099667,-0.02971809931455882,-0.0012418129765507935,0
2019-05-31,MARUTI.NS,-0.1881519342185708,0.030518702940856457,-0.21219472925177674,0.07989365788981263,0.005878690274328413,-0.04879295991216204,-0.0012418129765507935,0
2019-05-31,HCLTECH.NS,0.20962315310111013,-0.07499836778362923,0.30769839854527126,0.07050047008356312,0.038619296272374815,-0.025536670230403957,-0.0012418129765507935,0
2019-05-31,SUNPHARMA.NS,-0.14419511263558293,-0.10444657652125933,-0.0443843271347476,0.10409529083788459,-0.07929912558956731,-0.021715181967646213,-0.0012418129765507935,0
2019-05-31,TITAN.NS,0.3789129031961078,0.0666349719522279,0.29276925982684365,0.061759285842266115,0.2053745484475742,0.0800729297734799,-0.0012418129765507935,1
2019-05-31,ULTRACEMCO.NS,0.27452070359261915,0.031038943774895023,0.23615185564793095,0.08216381201284832,0.2439826798944047,-0.04290860787896056,-0.0012418129765507935,0
2019-05-31,WIPRO.NS,0.4621794849494736,-0.040696674988621506,0.5242097539192103,0.070395737237108,0.03514926791480488,-0.020600413261698813,-0.0012418129765507935,0
2019-05-31,ADANIENT.NS,0.9993827995291151,0.2180242938640784,0.6414966512582796,0.15645384929712658,0.20100871205099513,-0.02746351637518807,-0.0012418129765507935,0
2019-05-31,NESTLEIND.NS,0.20422831397573127,0.05667689445446533,0.1396372157805561,0.06715115226128773,0.08552307450763852,0.0360493034131526,-0.0012418129765507935,1
2019-05-31,POWERGRID.NS,-0.05478999142180274,0.015557608389416666,-0.06926992543808952,0.06033335852745439,0.06722302916386602,0.0929741865689302,-0.0012418129765507935,1
2019-05-31,NTPC.NS,-0.006107043731339523,-0.005967780944107992,-0.00014009886657784243,0.07321924282601573,0.13203538987745334,0.0607879767962316,-0.0012418129765507935,1
2019-05-31,TECHM.NS,0.09158830362217274,-0.09059918589892502,0.20033794416732142,0.06640650085188006,-0.08408128873402665,-0.07069113525758619,-0.0012418129765507935,0
2019-05-31,BAJAJFINSV.NS,0.3555094612951808,0.08875788878592772,0.24500540961104522,0.07049420760282979,0.2670040063708563,0.04112135136448769,-0.0012418129765507935,1
2019-05-31,JSWSTEEL.NS,-0.17285400043939458,-0.1188585166459526,-0.061279016836103484,0.09481515338634387,-0.03343993992049821,0.018034728625980323,-0.0012418129765507935,1
2019-05-31,ONGC.NS,0.0163480836925205,0.01625294359341445,9.361852253975123e-05,0.07782836110462903,0.16408124053280915,-0.02442565058896451,-0.0012418129765507935,0
2019-05-31,TATASTEEL.NS,-0.13662364578924047,-0.12365392135678344,-0.014799774596512272,0.09677889434998192,-0.024278010324698007,0.0329714358755957,-0.0012418129765507935,1
2019-05-31,COALINDIA.NS,-0.09646608388871059,0.005354138101413719,-0.10127796577473613,0.06328793965705821,0.1384829382126156,0.001183544836976802,-0.0012418129765507935,1
2019-05-31,HINDALCO.NS,-0.154457493098898,-0.04392141361986346,-0.11561401024317619,0.08498969355950743,0.006385616908597624,0.05101518830940255,-0.0012418129765507935,1
2019-05-31,GRASIM.NS,-0.14286869606279007,-0.016755529041311834,-0.1282622691979287,0.08333535659809081,0.14033844058579947,0.03159914008184317,-0.0012418129765507935,1
2019-05-31,ADANIPORTS.NS,0.06719116433935302,0.06008147810261821,0.006706735645886308,0.10785053202752676,0.2778887034308266,-0.01488951132396854,-0.0012418129765507935,0
2019-05-31,DRREDDY.NS,0.3950437521480157,-0.08705577713574741,0.528071175883269,0.06603468595891877,0.017745437819728815,-0.04775329166206088,-0.0012418129765507935,0
2019-05-31,CIPLA.NS,0.07005072674338853,-0.010884880248991369,0.08182627621014826,0.05434586053968978,0.007754159837495722,-0.009662919121194102,-0.0012418129765507935,0
2019-05-31,BRITANNIA.NS,-0.009674823929606724,0.008943138736002387,-0.018452935503316392,0.059818666574029435,-0.04414605418138984,-0.06100370316300241,-0.0012418129765507935,0
2019-05-31,EICHERMOT.NS,-0.3493167222717932,-0.020647299097385496,-0.33559862843232213,0.10295332262130043,0.003958415730811238,-0.04055349338133962,-0.0012418129765507935,0
2019-05-31,HEROMOTOCO.NS,-0.2207962339545818,0.06704230184072957,-0.2697536314153317,0.08425253707958996,0.019843145548969376,-0.0368436405560153,-0.0012418129765507935,0
2019-05-31,BPCL.NS,0.06770636344041425,0.07766225623275025,-0.009238416521275883,0.09830586055543657,0.21270944147280568,-0.041285212860270315,-0.0012418129765507935,0
2019-05-31,INDUSINDBK.NS,-0.1726186039852715,-0.0007157732973767095,-0.17202596227814904,0.08813863537065336,0.08922222639904787,-0.1213755287447652,-0.0012418129765507935,0
2019-05-31,APOLLOHOSP.NS,0.3094266546833009,0.018331426988920763,0.28585509587493774,0.09673896917433479,0.08580952477676629,0.09719091280851,-0.0012418129765507935,1
2019-05-31,TATACONSUM.NS,-0.07523612235820454,0.17898935531709603,-0.2156300025346074,0.09151814146327168,0.27333282198231346,0.10532792721713236,-0.0012418129765507935,1
2019-05-31,SBILIFE.NS,0.009810528964311782,0.085019893837738,-0.06931611604595467,0.07175571757086453,0.20398820003119922,0.04241992787557769,-0.0012418129765507935,1
2019-05-31,HDFCLIFE.NS,-0.09676283635686633,0.09170688495355206,-0.17263765934611386,0.07446486047219376,0.25940369758917603,0.05071888077192477,-0.0012418129765507935,1
2019-06-30,RELIANCE.NS,0.28860127884641584,-0.057925668720962276,0.36783397664269724,0.07383778296353267,-0.07860279901616307,-0.06930820278797378,-0.06820995668629537,0
2019-06-30,TCS.NS,0.2227401739339112,0.022158875748445217,0.19623299561782526,0.0639596457681226,0.12244324922882233,-0.00734017671805931,-0.06820995668629537,1
2019-06-30,HDFCBANK.NS,0.16623065630367417,0.013848982758515316,0.15030016909476362,0.043200219421305606,0.06780384584733867,-0.07860856618895373,-0.06820995668629537,0
2019-06-30,INFY.NS,0.15445161142490527,0.006222222925301946,0.14731277557026012,0.05471388147248599,0.006154079776836463,0.08422130173003017,-0.06820995668629537,1
2019-06-30,ICICIBANK.NS,0.5942379224828058,0.03162611005445548,0.545364068381957,0.07326733728618107,0.0912497233214129,-0.026224310851844734,-0.06820995668629537,1
2019-06-30,HINDUNILVR.NS,0.10337005365647345,0.0067205948738200405,0.09600425309146199,0.04289443993751127,0.06925574475882534,-0.03409603914435011,-0.06820995668629537,1
2019-06-30,BHARTIARTL.NS,0.003229138862117953,-0.006164137564417471,0.009451537000803478,0.0906019276461336,0.14423699471670237,-0.026107015768351283,-0.06820995668629537,1
2019-06-30,ITC.NS,0.04921958639540014,-0.01687297914008068,0.06722688333565596,0.05132622264291465,-0.06899247534581254,-0.013328469209614835,-0.06820995668629537,1
2019-06-30,LT.NS,0.2336543508400568,-0.002792848013259963,0.23710940939627445,0.06192213802757218,0.12006918167577152,-0.09525776388143559,-0.06820995668629537,0
2019-06-30,KOTAKBANK.NS,0.1004534370413519,-0.029596297927182436,0.13401611586058815,0.05465366427628918,0.10169677578183633,0.029293227557653845,-0.06820995668629537,1
2019-06-30,AXISBANK.NS,0.5829091035999554,0.00030922206015837617,0.5824197844941588,0.06501682316809693,0.035672993368576655,-0.16524991922714283,-0.06820995668629537,0
2019-06-30,SBIN.NS,0.3929054247495758,0.024822760580485603,0.3591671441416844,0.07243497728057642,0.13244511490230848,-0.08041517209771332,-0.06820995668629537,0
2019-06-30,BAJFINANCE.NS,0.605777280179463,0.06172305418732549,0.5124257440266029,0.0730149853891492,0.2287331346699606,-0.11500642207954714,-0.06820995668629537,0
2019-06-30,ASIANPAINT.NS,0.08249067404441313,-0.02971809931455882,0.11564553897140994,0.05793588908114303,-0.08785708622785293,0.1199794011662636,-0.06820995668629537,1
2019-06-30,MARUTI.NS,-0.2529992913403748,-0.04879295991216204,-0.21468126582553004,0.07729743413865862,-0.009338640877593729,-0.16296961382041675,-0.06820995668629537,0
2019-06-30,HCLTECH.NS,0.15849919187918737,-0.025536670230403957,0.1888586840441755,0.06439819196274145,-0.015007518898654149,-0.028272014981715388,-0.06820995668629537,1
2019-06-30,SUNPHARMA.NS,-0.28695209589794013,-0.021715181967646213,-0.27112443026947,0.09355481619475296,-0.1566936007929267,0.06434713101295642,-0.06820995668629537,1
2019-06-30,TITAN.NS,0.5259449707442783,0.0800729297734799,0.41281660587892866,0.05881366877053835,0.17672478876797348,-0.20495582090911035,-0.06820995668629537,0
2019-06-30,ULTRACEMCO.NS,0.19628984757405865,-0.04290860787896056,0.24992227223246077,0.07705458255105317,0.1654922676106274,-0.043419045133295864,-0.06820995668629537,1
2019-06-30,WIPRO.NS,0.43424861484074917,-0.020600413261698813,0.46441619361637043,0.06556079433494223,0.10107952042654733,-0.05418919348080398,-0.06820995668629537,1
2019-06-30,ADANIENT.NS,1.0793740057410202,-0.02746351637518807,1.1380935736115863,0.15185200292980297,0.09216281616914102,-0.14166151418415218,-0.06820995668629537,0
2019-06-30,NESTLEIND.NS,0.22778726108729064,0.0360493034131526,0.18506644137733397,0.06276845375678458,0.08064180183778258,-0.019869656059720908,-0.06820995668629537,1
2019-06-30,POWERGRID.NS,0.1580455556376945,0.0929741865689302,0.059536052972153364,0.06008320725137891,0.04363155925205886,0.018849692597841194,-0.06820995668629537,1
2019-06-30,NTPC.NS,0.1064802996687726,0.0607879767962316,0.04307394490889682,0.06844554422514315,0.041252044637025254,-0.10470457698191149,-0.06820995668629537,0
2019-06-30,TECHM.NS,0.1024851898601089,-0.07069113525758619,0.18634958912793342,0.06538754339216728,-0.08435926599241961,-0.08006076418049435,-0.06820995668629537,0
2019-06-30,BAJAJFINSV.NS,0.4648645793725661,0.04112135136448769,0.4070065679209467,0.06204636169783093,0.22611848718737915,-0.16710148449997242,-0.06820995668629537,0
2019-06-30,JSWSTEEL.NS,-0.1447953871361647,0.018034728625980323,-0.15994554132933503,0.09645491821349045,-0.04041612590624488,-0.12813447547094514,-0.06820995668629537,0
2019-06-30,ONGC.NS,0.11358559360216103,-0.02442565058896451,0.14146665938320768,0.07962171564827054,0.07601043451284584,-0.1722800593021746,-0.06820995668629537,0
2019-06-30,TATASTEEL.NS,-0.0957473169270453,0.0329714358755957,-0.1246101763632339,0.10181975436251876,-0.00375271756456097,-0.1210462141966262,-0.06820995668629537,0
2019-06-30,COALINDIA.NS,0.013764877330342928,0.001183544836976802,0.012566459525076068,0.06426243771705682,0.07496847126397665,-0.19444468999723785,-0.06820995668629537,0
2019-06-30,HINDALCO.NS,-0.09705693001910165,0.05101518830940255,-0.1408848511187395,0.08206524124539391,0.023226997183312337,-0.07969086051628349,-0.06820995668629537,0
2019-06-30,GRASIM.NS,-0.08684744524784249,0.03159914008184317,-0.11481842193110836,0.07988585743711046,0.10112633205465515,-0.13756694029493322,-0.06820995668629537,0
2019-06-30,ADANIPORTS.NS,0.10483122925779242,-0.01488951132396854,0.12153026686647417,0.09977991014303896,0.07579349047064121,-0.07911113791886515,-0.06820995668629537,0
2019-06-30,DRREDDY.NS,0.15103892465804414,-0.04775329166206088,0.20876125333851658,0.06467311846257141,-0.06136830456448261,0.017208433353909758,-0.06820995668629537,1
2019-06-30,CIPLA.NS,-0.09813296308481656,-0.009662919121194102,-0.08933326406915498,0.05483504714939011,0.052986905319055255,-0.05298783334489221,-0.06820995668629537,1
2019-06-30,BRITANNIA.NS,-0.11345797134862667,-0.06100370316300241,-0.05586206075819056,0.05926500112771622,-0.11394931617326864,-0.050552037303302266,-0.06820995668629537,1
2019-06-30,EICHERMOT.NS,-0.3278793638816615,-0.04055349338133962,-0.2994704431338576,0.0982223176688015,-0.084224091160787,-0.13952572979603073,-0.06820995668629537,0
2019-06-30,HEROMOTOCO.NS,-0.23407797526263852,-0.0368436405560153,-0.2047791438769957,0.08306919296599742,0.022072648447035048,-0.07569396860568034,-0.06820995668629537,0
2019-06-30,BPCL.NS,0.10767135951243656,-0.041285212860270315,0.15537110136489107,0.10047177444804238,0.01710497595339855,-0.11963316206763874,-0.06820995668629537,0
2019-06-30,INDUSINDBK.NS,-0.26711778894927574,-0.1213755287447652,-0.16587548488866688,0.09970613312978992,-0.22546813374647812,0.0016660573495625997,-0.06820995668629537,1
2019-06-30,APOLLOHOSP.NS,0.30350798006842417,0.09719091280851,0.18804117392095288,0.1022479643775432,0.1489920070439965,-0.005591686526758899,-0.06820995668629537,1
2019-06-30,TATACONSUM.NS,0.012151771323157812,0.10532792721713236,-0.08429729639471129,0.09251788869151328,0.3703099510603589,-0.06711171058461696,-0.06820995668629537,1
2019-06-30,SBILIFE.NS,0.07676390083074902,0.04241992787557769,0.03294638948927564,0.07561018203242455,0.1783767797541087,0.10204503586239633,-0.06820995668629537,1
2019-06-30,HDFCLIFE.NS,0.02186799510025028,0.05071888077192477,-0.027458234737800402,0.07650283675694299,0.24895723297996653,0.06346291675062998,-0.06820995668629537,1
2019-07-31,RELIANCE.NS,-0.0166524319394874,-0.06930820278797378,0.05657702260428388,0.07053379894371446,-0.16265782299778975,0.0769939892542606,-0.001211754767533657,1
2019-07-31,TCS.NS,0.1536051611459106,-0.00734017671805931,0.1621354406506057,0.065042492456313,-0.013983324122677776,0.02443703218570259,-0.001211754767533657,1
2019-07-31,HDFCBANK.NS,0.03952519602366933,-0.07860856618895373,0.12821235131739828,0.045164907608945516,-0.022354279761233165,-0.008323719980381283,-0.001211754767533657,0
2019-07-31,INFY.NS,0.19859149207684412,0.08422130173003017,0.10548602039484023,0.05756947341222316,0.07122024262279347,0.026775060814924423,-0.001211754767533657,1
2019-07-31,ICICIBANK.NS,0.4052232994014564,-0.026224310851844734,0.443066729906479,0.06879147572820281,0.04450887390157576,-0.0352096536730524,-0.001211754767533657,0
2019-07-31,HINDUNILVR.NS,0.010051063562076745,-0.03409603914435011,0.04570547849013784,0.0447614103111609,-0.010565444243159638,0.08991408864847283,-0.001211754767533657,1
2019-07-31,BHARTIARTL.NS,-0.04459908239955168,-0.026107015768351283,-0.018987780927274822,0.08706446876426556,0.054011817324547406,0.027251316148818816,-0.001211754767533657,1
2019-07-31,ITC.NS,-0.0743043558720925,-0.013328469209614835,-0.06179958046791134,0.04883081235347836,-0.08551663787552588,-0.09085867923442659,-0.001211754767533657,0
2019-07-31,LT.NS,0.0928270648490308,-0.09525776388143559,0.2078877510321273,0.0644394955303018,0.04204172316420318,-0.042564655432870135,-0.001211754767533657,0
2019-07-31,KOTAKBANK.NS,0.16338451810666976,0.029293227557653845,0.13027511204673203,0.056264923417635504,0.09651220106025793,-0.05797758637084205,-0.001211754767533657,0
2019-07-31,AXISBANK.NS,0.22626659318490483,-0.16524991922714283,0.4690224313001088,0.06178259587508111,-0.11985763156144746,-0.015131202521500353,-0.001211754767533657,0
2019-07-31,SBIN.NS,0.13185702910771546,-0.08041517209771332,0.23083482324263005,0.07603173807755803,0.07178592323953525,-0.17564733489575135,-0.001211754767533657,0
2019-07-31,BAJFINANCE.NS,0.20751337533299208,-0.11500642207954714,0.3644317941497295,0.08397859939175267,0.05226188919736674,0.024738444107310853,-0.001211754767533657,1
2019-07-31,ASIANPAINT.NS,0.05620638467428152,0.1199794011662636,-0.05694124054922223,0.06145190207114931,0.045215521590861174,0.06252072773618167,-0.001211754767533657,1
2019-07-31,MARUTI.NS,-0.420378479474128,-0.16296961382041675,-0.3075263095627745,0.07717354514523325,-0.17951214233799895,0.13519312813956863,-0.001211754767533657,1
2019-07-31,HCLTECH.NS,0.08042951465762682,-0.028272014981715388,0.1118641546968484,0.06395359346327964,-0.12410366311475318,0.06558950439289402,-0.001211754767533657,1
2019-07-31,SUNPHARMA.NS,-0.24707666823350483,0.06434713101295642,-0.29259608089521905,0.09098304754884401,-0.0675187540529758,0.06227623087931122,-0.001211754767533657,1
2019-07-31,TITAN.NS,0.16309039750457477,-0.20495582090911035,0.4629254928129096,0.07150308608360977,-0.08407447423443071,0.04614949270853197,-0.001211754767533657,1
2019-07-31,ULTRACEMCO.NS,0.03916274913613749,-0.043419045133295864,0.08633016771794377,0.07256034724508252,-0.05604735049484866,-0.06778386506436662,-0.001211754767533657,0
2019-07-31,WIPRO.NS,0.2834008422664318,-0.05418919348080398,0.3569318868216844,0.061845202253704344,-0.11137170413624609,-0.041085374705641,-0.001211754767533657,0
2019-07-31,ADANIENT.NS,0.03010317358678316,-0.14166151418415218,0.20011299808801364,0.15848889147906742,0.016764649855239844,0.06638210158172231,-0.001211754767533657,1
2019-07-31,NESTLEIND.NS,0.12107728038736432,-0.019869656059720908,0.14380427799067652,0.06154405227381878,0.07301666977581123,0.12195140623814504,-0.001211754767533657,1
2019-07-31,POWERGRID.NS,0.20932224433342306,0.018849692597841194,0.18694862757421937,0.06264120737031918,0.13090099976388192,-0.03746523980183103,-0.001211754767533657,0
2019-07-31,NTPC.NS,0.021333899695789915,-0.10470457698191149,0.14077864516811545,0.07413449737134643,-0.05594909226691236,-0.018924198206075937,-0.001211754767533657,0
2019-07-31,TECHM.NS,-0.045128096236325965,-0.08006076418049435,0.03797279927195363,0.062361382431598444,-0.22254625357785607,0.09021617094521228,-0.001211754767533657,1
2019-07-31,BAJAJFINSV.NS,0.01760986719085844,-0.16710148449997242,0.221769337144202,0.07378180308112038,-0.05588530825921023,0.00305721395737657,-0.001211754767533657,1
2019-07-31,JSWSTEEL.NS,-0.27010281154694815,-0.12813447547094514,-0.16283283612193333,0.09909620891847015,-0.21790817475165147,-0.0842282627844908,-0.001211754767533657,0
2019-07-31,ONGC.NS,-0.11887049638806302,-0.1722800593021746,0.06452612808757952,0.08587004414497741,-0.17937336733268683,-0.1216805689752769,-0.001211754767533657,0
2019-07-31,TATASTEEL.NS,-0.21260226173835184,-0.1210462141966262,-0.10416480254197014,0.10256909084135274,-0.20433546430969707,-0.201712728999483,-0.001211754767533657,0
2019-07-31,COALINDIA.NS,-0.1731912914545356,-0.19444468999723785,0.02638353726776299,0.07224932294245844,-0.18917312009786202,-0.09635623252129277,-0.001211754767533657,0
2019-07-31,HINDALCO.NS,-0.10242525779839484,-0.07969086051628349,-0.024703000662217867,0.08376752038934958,-0.07522449396398856,-0.025376855580169888,-0.001211754767533657,0
2019-07-31,GRASIM.NS,-0.22656308749402898,-0.13756694029493322,-0.10319194770841755,0.08830455529936991,-0.12522194348273652,-0.08954341104857488,-0.001211754767533657,0
2019-07-31,ADANIPORTS.NS,-0.05503788753899019,-0.07911113791886515,0.026141319947633246,0.08656691865820437,-0.03831817135921145,-0.03138655743404939,-0.001211754767533657,0
2019-07-31,DRREDDY.NS,0.21925914763057008,0.017208433353909758,0.19863255912110822,0.06993457861024528,-0.11569174950567662,-0.006641886213203385,-0.001211754767533657,0
2019-07-31,CIPLA.NS,-0.1788134432824,-0.05298783334489221,-0.13286588532640486,0.05608877379179001,-0.07234724287429772,-0.09336018007707514,-0.001211754767533657,0
2019-07-31,BRITANNIA.NS,-0.20363161026657595,-0.050552037303302266,-0.1612300820873689,0.062359112017009444,-0.10049881931511451,0.04310798430472529,-0.001211754767533657,1
2019-07-31,EICHERMOT.NS,-0.405182188227017,-0.13952572979603073,-0.3087325997185416,0.09811276431959147,-0.19146694463182035,-0.005480723492443884,-0.001211754767533657,0
2019-07-31,HEROMOTOCO.NS,-0.2619092929719151,-0.07569396860568034,-0.20146501054994537,0.09394031124968287,-0.050064275966234195,0.09165572435925373,-0.001211754767533657,1
2019-07-31,BPCL.NS,-0.06600079453645546,-0.11963316206763874,0.060920476806174184,0.10240748143009355,-0.0904307420601671,0.0528297310027952,-0.001211754767533657,1
2019-07-31,INDUSINDBK.NS,-0.2918578387391213,0.0016660573495625997,-0.2930356818372747,0.11074323879924036,-0.12054163369856574,-0.0068809664310831575,-0.001211754767533657,0
2019-07-31,APOLLOHOSP.NS,0.42633118792146085,-0.005591686526758899,0.4343516326202179,0.10058619610105989,0.1110563742640227,0.11582580752804827,-0.001211754767533657,1
2019-07-31,TATACONSUM.NS,0.030080696506596283,-0.06711171058461696,0.10418440041960553,0.09533214620533888,0.21571190181506839,0.10691591313096738,-0.001211754767533657,1
2019-07-31,SBILIFE.NS,0.16649016666058247,0.10204503586239633,0.05847776515571823,0.07597573804638809,0.24646402579285698,0.051595642250052975,-0.001211754767533657,1
2019-07-31,HDFCLIFE.NS,-0.01391140512212563,0.06346291675062998,-0.0727569533963347,0.07894963551753444,0.21987389074999442,0.12897678196542772,-0.001211754767533657,1
2019-08-31,RELIANCE.NS,0.011593041080160127,0.0769939892542606,-0.06072545327702883,0.07982541480348067,-0.055712291979991946,0.06703770875898507,0.057645166927338454,1
2019-08-31,TCS.NS,0.10321398778903368,0.02443703218570259,0.07689780155180004,0.06126678602361855,0.03945123149253149,-0.07094201018798296,0.057645166927338454,0
2019-08-31,HDFCBANK.NS,0.09003818263158436,-0.008323719980381283,0.09918751168478068,0.051461243762208286,-0.07362384984336978,0.1018651436018041,0.057645166927338454,1
2019-08-31,INFY.NS,0.16578102676469886,0.026775060814924423,0.13538112801400626,0.059156354851884106,0.12017829135996605,-0.011351185225577098,0.057645166927338454,0
2019-08-31,ICICIBANK.NS,0.1986304379858288,-0.0352096536730524,0.2423739961216793,0.07338076168997842,-0.03079822095665763,0.05870874090615419,0.057645166927338454,1
2019-08-31,HINDUNILVR.NS,0.070905846314953,0.08991408864847283,-0.017440129026215834,0.045930875014567364,0.05982745716540361,0.053164344878105396,0.057645166927338454,0
2019-08-31,BHARTIARTL.NS,-0.007798164215855108,0.027251316148818816,-0.03411967433254304,0.09768080321648047,-0.005733955870314333,0.05839094266033529,0.057645166927338454,1
2019-08-31,ITC.NS,-0.21669295404149091,-0.09085867923442659,-0.138410027058391,0.0540600431755632,-0.11811160619084105,0.0578058047105412,0.057645166927338454,1
2019-08-31,LT.NS,-0.017610307090400235,-0.042564655432870135,0.02606374256399757,0.0690852204272391,-0.13618706028104854,0.10991915981789746,0.057645166927338454,1
2019-08-31,KOTAKBANK.NS,0.11262123804471824,-0.05797758637084205,0.18109847700791448,0.059494320210907094,-0.059079791650635705,0.14880024045928741,0.057645166927338454,1
2019-08-31,AXISBANK.NS,0.023834438427503768,-0.015131202521500353,0.03956429632938474,0.06696421938382514,-0.17762647432796397,0.03178189660186237,0.057645166927338454,0
2019-08-31,SBIN.NS,-0.11547163824981155,-0.17564733489575135,0.07299751573961366,0.08221554709420636,-0.22312059974248555,-0.011137422799784469,0.057645166927338454,0
2019-08-31,BAJFINANCE.NS,0.16864162495335178,0.024738444107310853,0.14042918139116023,0.09192105406319906,-0.03713722604885572,0.2141184780216263,0.057645166927338454,1
2019-08-31,ASIANPAINT.NS,0.18679773410940403,0.06252072773618167,0.11696431244029304,0.059614759031373726,0.15463675071555527,0.09030448473136676,0.057645166927338454,1
2019-08-31,MARUTI.NS,-0.3174040723938344,0.13519312813956863,-0.3986962124014527,0.0796357406814483,-0.09617149588665364,0.09668094514997438,0.057645166927338454,1
2019-08-31,HCLTECH.NS,0.059623777361605734,0.06558950439289402,-0.0055985227019359485,0.06754772934952528,0.009020861168360428,-0.017948543287725438,0.057645166927338454,0
2019-08-31,SUNPHARMA.NS,-0.3035255576838596,0.06227623087931122,-0.34435655993203784,0.09494866865615072,0.10607880818822357,-0.13532408034778043,0.057645166927338454,0
2019-08-31,TITAN.NS,0.24466506040307956,0.04614949270853197,0.18975831760007966,0.07147144903227788,-0.10166547194239106,0.15197716254793003,0.057645166927338454,1
2019-08-31,ULTRACEMCO.NS,-0.09224997581049499,-0.06778386506436662,-0.026245105431282556,0.07569651311619409,-0.14652313009423545,0.07131847527106494,0.057645166927338454,1
2019-08-31,WIPRO.NS,0.12915414579732176,-0.041085374705641,0.17753355305296759,0.06123043733322311,-0.11173176706747145,-0.057389881433790646,0.057645166927338454,0
2019-08-31,ADANIENT.NS,-0.04684296338929628,0.06638210158172231,-0.10617682423877539,0.14608815443916004,-0.10982101950781842,0.061885608194754305,0.057645166927338454,1
2019-08-31,NESTLEIND.NS,0.14146525142397715,0.12195140623814504,0.017392772162264425,0.06244547156392031,0.1393005448401241,0.07879105511718643,0.057645166927338454,1
2019-08-31,POWERGRID.NS,0.05310111786987881,-0.03746523980183103,0.09409151899414381,0.06325251111353612,0.07185600661483993,-0.007231707914512886,0.057645166927338454,0
2019-08-31,NTPC.NS,-0.0952732458511919,-0.018924198206075937,-0.0778217620957623,0.07451589536262368,-0.06825404299451221,-0.03411425118071143,0.057645166927338454,0
2019-08-31,TECHM.NS,-0.07459895124187077,0.09021617094521228,-0.15117655248517292,0.060725324192299736,-0.06796581510740263,0.030058454413235847,0.057645166927338454,0
2019-08-31,BAJAJFINSV.NS,0.05543656547100606,0.00305721395737657,0.052219704703559744,0.08251661224889105,-0.1302005137159159,0.19572154612993398,0.057645166927338454,1
2019-08-31,JSWSTEEL.NS,-0.44280131068163797,-0.0842282627844908,-0.3915528655507785,0.10017341307551164,-0.1871707291053185,0.05748452914413571,0.057645166927338454,0
2019-08-31,ONGC.NS,-0.2877675725126094,-0.1216805689752769,-0.18909635568868266,0.0827291938051621,-0.29075500186058234,0.0874587435484595,0.057645166927338454,1
2019-08-31,TATASTEEL.NS,-0.41063094426029667,-0.201712728999483,-0.2617080628117373,0.10759419115156466,-0.27520772180382025,0.045230491219005575,0.057645166927338454,0
2019-08-31,COALINDIA.NS,-0.31778840916936213,-0.09635623252129277,-0.2450436605852948,0.07683766946482924,-0.2712034210040092,0.08173267498922043,0.057645166927338454,1
2019-08-31,HINDALCO.NS,-0.2154581937118114,-0.025376855580169888,-0.19503060154065233,0.08462898408907886,-0.0572871054588211,0.0374085720262709,0.057645166927338454,0
2019-08-31,GRASIM.NS,-0.3276267363910448,-0.08954341104857488,-0.2614988218347357,0.09262771343345357,-0.18998024504556,0.026935718569622846,0.057645166927338454,0
2019-08-31,ADANIPORTS.NS,-0.04504137125797558,-0.03138655743404939,-0.014097278877065023,0.0792587954108764,-0.12129589476451375,0.13193889200583553,0.057645166927338454,1
2019-08-31,DRREDDY.NS,0.03415262483089054,-0.006641886213203385,0.041067275213146015,0.06192795509499035,-0.037800170353058715,0.056598327710351004,0.057645166927338454,0
2019-08-31,CIPLA.NS,-0.2823507012848825,-0.09336018007707514,-0.20845160013363828,0.05857278988495579,-0.14969763187608598,-0.09937561161647956,0.057645166927338454,0
2019-08-31,BRITANNIA.NS,-0.19329136779877432,0.04310798430472529,-0.2266297983147637,0.06355278134833946,-0.07003989874057837,0.08975975296783711,0.057645166927338454,1
2019-08-31,EICHERMOT.NS,-0.4163104041383314,-0.005480723492443884,-0.413093733173875,0.09874513795925577,-0.17894573781630418,0.09267487417637899,0.057645166927338454,1
2019-08-31,HEROMOTOCO.NS,-0.18419285484507908,0.09165572435925373,-0.25268825422615904,0.08981941599669503,-0.02815214624021578,0.05159294045800644,0.057645166927338454,0
2019-08-31,BPCL.NS,0.03803922599211074,0.0528297310027952,-0.01404833523897242,0.10324106627633352,-0.11138990752740796,0.32329348363058075,0.057645166927338454,1
2019-08-31,INDUSINDBK.NS,-0.264067932235987,-0.0068809664310831575,-0.258968922265708,0.11756808919683177,-0.1259675481045136,-0.008740929732220515,0.057645166927338454,0
2019-08-31,APOLLOHOSP.NS,0.2809537531179287,0.11582580752804827,0.14798720774857999,0.09717842305389357,0.21742818022233812,-0.07097115302400259,0.057645166927338454,0
2019-08-31,TATACONSUM.NS,0.20153022875890203,0.10691591313096738,0.08547561247024915,0.09263489814681357,0.14139355358291605,-0.008976782414992335,0.057645166927338454,0
2019-08-31,SBILIFE.NS,0.2514867981871447,0.051595642250052975,0.19008366705418567,0.0851380221138035,0.2080664559144474,0.009180831276407009,0.057645166927338454,0
2019-08-31,HDFCLIFE.NS,0.21200087165241688,0.12897678196542772,0.0735392357161262,0.08603705694053047,0.2615192947520608,0.07897328105582435,0.057645166927338454,1
2019-09-30,RELIANCE.NS,0.06542138468263015,0.06703770875898507,-0.0015147769034655756,0.08393553575000802,0.06954468338709008,0.09915556504103185,0.04930774468436172,1
2019-09-30,TCS.NS,-0.024474207681919102,-0.07094201018798296,0.05001604099596202,0.06406302548660082,-0.05522468713000772,0.10545470416939517,0.04930774468436172,1
2019-09-30,HDFCBANK.NS,0.23409478606048473,0.1018651436018041,0.12000528669637833,0.06344400237646614,0.006798455273242743,0.0023623209648608867,0.04930774468436172,0
2019-09-30,INFY.NS,0.1375500814027495,-0.011351185225577098,0.15061087860839728,0.06498098737501883,0.10061467025587878,-0.13829838330683597,0.04930774468436172,0
2019-09-30,ICICIBANK.NS,0.4228756040030086,0.05870874090615419,0.34397266124879833,0.08699759688809539,-0.005354376770458247,0.06767337673330909,0.04930774468436172,1
2019-09-30,HINDUNILVR.NS,0.2482391592777693,0.053164344878105396,0.18522732501188321,0.05769621279731477,0.10872122343869295,0.10328540970383449,0.04930774468436172,1
2019-09-30,BHARTIARTL.NS,0.1906522565580917,0.05839094266033529,0.12496451789856478,0.09321334549091102,0.058849067010588785,0.019615790464308613,0.04930774468436172,0
2019-09-30,ITC.NS,-0.10991266981686343,0.0578058047105412,-0.15855318034797428,0.0620707735760754,-0.051122955340779486,-0.008466276407523732,0.04930774468436172,0
2019-09-30,LT.NS,0.1739020012198771,0.10991915981789746,0.0576463977903372,0.08280367040751968,-0.03855229038165231,-0.0008139907792594769,0.04930774468436172,0
2019-09-30,KOTAKBANK.NS,0.4412548261252005,0.14880024045928741,0.2545739244875074,0.06643849095786929,0.11389657654422414,-0.04253700441809305,0.04930774468436172,0
2019-09-30,AXISBANK.NS,0.1183869310825183,0.03178189660186237,0.08393734641583328,0.07783357029499967,-0.15175218090509168,0.0749633937658678,0.04930774468436172,1
2019-09-30,SBIN.NS,0.019962390745714265,-0.011137422799784469,0.03145008645544278,0.09973632205632221,-0.2503806556001349,0.15361896295760724,0.04930774468436172,1
2019-09-30,BAJFINANCE.NS,0.8695305831409077,0.2141184780216263,0.5398254923088377,0.10509740543904571,0.10106819385970178,-0.00457238026404283,0.04930774468436172,0
2019-09-30,ASIANPAINT.NS,0.3731621868938839,0.09030448473136676,0.2594300088861954,0.07322215353958386,0.2974637851654123,0.02882685852998912,0.04930774468436172,0
2019-09-30,MARUTI.NS,-0.07328249180517643,0.09668094514997438,-0.15497983958489203,0.09759343481624633,0.04205652015882899,0.12561431321567817,0.04930774468436172,1
2019-09-30,HCLTECH.NS,0.001049152009734211,-0.017948543287725438,0.019344908220044088,0.06586862001839412,0.016878086934020153,0.0779021919202596,0.04930774468436172,1
2019-09-30,SUNPHARMA.NS,-0.3710704633186317,-0.13532408034778043,-0.27264131868697183,0.09435924586436073,-0.02237089541917736,0.11285143005793441,0.04930774468436172,1
2019-09-30,TITAN.NS,0.5874245963113827,0.15197716254793003,0.37800005757087685,0.08655182740155297,-0.04186020024807391,0.045677549651848004,0.04930774468436172,0
2019-09-30,ULTRACEMCO.NS,0.07202712634396047,0.07131847527106494,0.0006614756389002885,0.08787301577331856,-0.04466224806363006,-0.04562063432941399,0.04930774468436172,0
2019-09-30,WIPRO.NS,-0.010382489149956542,-0.057389881433790646,0.049869390703482175,0.05692766893900533,-0.14509804200391718,0.08131758902435604,0.04930774468436172,1
2019-09-30,ADANIENT.NS,0.12006298670103299,0.061885608194754305,0.05478686033346136,0.1405132525554531,-0.028038264869048257,0.36887195582739607,0.04930774468436172,1
2019-09-30,NESTLEIND.NS,0.47040448797309575,0.07879105511718643,0.36301138297199675,0.06388412902596562,0.18630188043622398,0.07612504342703508,0.04930774468436172,1
2019-09-30,POWERGRID.NS,0.10218254064416121,-0.007231707914512886,0.110211264230478,0.06607904232812793,-0.026413734080008244,-0.003516627321051735,0.04930774468436172,0
2019-09-30,NTPC.NS,-0.11456548829771385,-0.03411425118071143,-0.08329270539020495,0.06934938473031015,-0.15161166879961252,0.041702095610576695,0.04930774468436172,0
2019-09-30,TECHM.NS,-0.020826688965298046,0.030058454413235847,-0.04940024826796863,0.06448900384337594,0.03307923595119888,0.0342896589572208,0.04930774468436172,0
2019-09-30,BAJAJFINSV.NS,0.41783151021666387,0.19572154612993398,0.18575391971952815,0.09645854489286732,-0.0010405749535734587,-0.04447900663360127,0.04930774468436172,0
2019-09-30,JSWSTEEL.NS,-0.388075628769485,0.05748452914413571,-0.42133964671259083,0.11021892623980327,-0.15567283253022668,-0.008480210516189302,0.04930774468436172,0
2019-09-30,ONGC.NS,-0.21912932950302355,0.0874587435484595,-0.2819307627718024,0.09000021095120159,-0.20941476678804938,0.07511383142190575,0.04930774468436172,1
2019-09-30,TATASTEEL.NS,-0.3635718051430965,0.045230491219005575,-0.3911121037861556,0.12016151778743438,-0.26660606222031824,0.055617048506894085,0.04930774468436172,1
2019-09-30,COALINDIA.NS,-0.20742680521040635,0.08173267498922043,-0.26731140408836074,0.082978360101359,-0.21256888710781263,0.038528706740553975,0.04930774468436172,0
2019-09-30,HINDALCO.NS,-0.16106360000557407,0.0374085720262709,-0.19131533841501647,0.08838258165721725,-0.06949162235244932,-0.018029774804093734,0.04930774468436172,0
2019-09-30,GRASIM.NS,-0.2784220912769265,0.026935718569622846,-0.29734851395749484,0.09988718053175605,-0.19364200027955358,0.05293793971687544,0.04930774468436172,1
2019-09-30,ADANIPORTS.NS,0.2592516133473899,0.13193889200583553,0.11247313988474383,0.08586047762202122,0.009672887168230782,-0.04384601958859691,0.04930774468436172,0
2019-09-30,DRREDDY.NS,0.07599550358906426,0.056598327710351004,0.018358136076882747,0.06605021525078571,0.06764215830436315,0.029956549608453953,0.04930774468436172,0
2019-09-30,CIPLA.NS,-0.34566306133927394,-0.09937561161647956,-0.2734630028894084,0.0668874403341929,-0.22672485457870528,0.09717975563776116,0.04930774468436172,1
2019-09-30,BRITANNIA.NS,0.016983233874225068,0.08975975296783711,-0.06678216817552074,0.0784216441743416,0.07927272304710287,0.10952254365670244,0.04930774468436172,1
2019-09-30,EICHERMOT.NS,-0.26004806814207937,0.09267487417637899,-0.32280685742346626,0.11251797354100863,-0.06493446332373043,0.2686657303758475,0.04930774468436172,1
2019-09-30,HEROMOTOCO.NS,-0.048350786697426096,0.05159294045800644,-0.0950403177030682,0.10494986912047692,0.061082483848242664,-0.00020337562683836463,0.04930774468436172,0
2019-09-30,BPCL.NS,0.32939100548805245,0.32329348363058075,0.00460783789302921,0.11545646672400696,0.22652947532556023,0.12018703713188938,0.04930774468436172,1
2019-09-30,INDUSINDBK.NS,-0.1770282540351844,-0.008740929732220515,-0.169771283159611,0.13346033347264696,-0.01392161953783555,-0.05084753040794565,0.04930774468436172,0
2019-09-30,APOLLOHOSP.NS,0.34431765047137164,-0.07097115302400259,0.4470138950444278,0.09281273652163331,0.03083782899087928,0.06399133246923605,0.04930774468436172,1
2019-09-30,TATACONSUM.NS,0.19354599577197273,-0.008976782414992335,0.20435724874386518,0.0935897371690343,0.023359207841966434,0.14855076616343155,0.04930774468436172,1
2019-09-30,SBILIFE.NS,0.6599401853614069,0.009180831276407009,0.6448391942422473,0.08313444253442731,0.1695454754990089,0.17143192275972097,0.04930774468436172,1
2019-09-30,HDFCLIFE.NS,0.5419768093849706,0.07897328105582435,0.42911491550196335,0.0879817296991946,0.29544223243982914,0.04167021879202304,0.04930774468436172,0
2019-10-31,RELIANCE.NS,0.38811753672974314,0.09915556504103185,0.26289451728147717,0.08273613112957955,0.26314209959363066,0.05927556640572962,0.0016727307584333828,1
2019-10-31,TCS.NS,0.21247139141767146,0.10545470416939517,0.0968078446313958,0.061806745049481776,0.052129127722948976,-0.09534495080877525,0.0016727307584333828,0
2019-10-31,HDFCBANK.NS,0.29802753421858097,0.0023623209648608867,0.2949684032108435,0.06679918594097743,0.09527481951658845,0.03625015673107734,0.0016727307584333828,1
2019-10-31,INFY.NS,0.0313328665355459,-0.13829838330683597,0.1968561350660485,0.08642623385321686,-0.1252695006062008,0.015679798989581162,0.0016727307584333828,1
2019-10-31,ICICIBANK.NS,0.3075529849228269,0.06767337673330909,0.2246750864233984,0.09028402546896915,0.09055572350083563,0.10700786645580052,0.0016727307584333828,1
2019-10-31,HINDUNILVR.NS,0.35811844357214007,0.10328540970383449,0.23097652849112982,0.05983360716385077,0.26641570883018884,-0.06438048754496861,0.0016727307584333828,0
2019-10-31,BHARTIARTL.NS,0.40585688756241134,0.019615790464308613,0.3788104310567981,0.09917955415504463,0.10856043315083652,0.18223118443756925,0.0016727307584333828,1
2019-10-31,ITC.NS,-0.061836060160641804,-0.008466276407523732,-0.05382548518849295,0.06503731602019884,-0.04644700899730314,-0.04366406927139188,0.0016727307584333828,0
2019-10-31,LT.NS,0.14998444534704358,-0.0008139907792594769,0.15092128466041066,0.08341289703210668,0.06181082489232348,-0.09673794258506518,0.0016727307584333828,0
2019-10-31,KOTAKBANK.NS,0.407629877868694,-0.04253700441809305,0.4701663504114788,0.07085890459520752,0.03616221732764169,0.025849393448533764,0.0016727307584333828,1
2019-10-31,AXISBANK.NS,0.26590738036109274,0.0749633937658678,0.17762836176802277,0.08086595438694215,0.09234533229937703,0.0036667461837223136,0.0016727307584333828,1
2019-10-31,SBIN.NS,0.11016347346800037,0.15361896295760724,-0.03766884117282299,0.1151071532996585,-0.05960269845663091,0.09427008039197116,0.0016727307584333828,1
2019-10-31,BAJFINANCE.NS,0.6933998975934459,-0.00457238026404283,0.7011783318234932,0.10825814222559478,0.23846513548287973,0.01158269667073153,0.0016727307584333828,1
2019-10-31,ASIANPAINT.NS,0.4814121237925235,0.02882685852998912,0.4399042088667846,0.07167101377497018,0.1918661975016056,-0.057167291294258016,0.0016727307584333828,0
2019-10-31,MARUTI.NS,0.1584612215429615,0.12561431321567817,0.029181317207530366,0.09671413328864942,0.4013275427480658,-0.04147826745667971,0.0016727307584333828,0
2019-10-31,HCLTECH.NS,0.10969155938838049,0.0779021919202596,0.029491884984006678,0.06476053583591307,0.12798554299250298,-0.030186832133925257,0.0016727307584333828,0
2019-10-31,SUNPHARMA.NS,-0.2482275514382044,0.11285143005793441,-0.3244628813365871,0.09163182978633617,0.02218150018744458,0.037955790565899816,0.0016727307584333828,1
2019-10-31,TITAN.NS,0.5832856117555971,0.045677549651848004,0.514124131557326,0.0909423407781111,0.2601881812079383,-0.12883108617659966,0.0016727307584333828,0
2019-10-31,ULTRACEMCO.NS,0.18700883363890308,-0.04562063432941399,0.24374947357004317,0.08984900541621084,-0.04686097600464356,0.027973707798463643,0.0016727307584333828,1
2019-10-31,WIPRO.NS,0.04682803314625317,0.08131758902435604,-0.03189586133452427,0.055495891430053755,-0.022615815234118042,-0.08330099251643641,0.0016727307584333828,0
2019-10-31,ADANIENT.NS,0.17787605029892983,0.36887195582739607,-0.1395279556392266,0.14060479660104125,0.5500774849836405,0.07638377030056875,0.0016727307584333828,1
2019-10-31,NESTLEIND.NS,0.5124520385860709,0.07612504342703508,0.40546124060964694,0.0654518359656389,0.3024891745212519,-0.03298662240248629,0.0016727307584333828,0
2019-10-31,POWERGRID.NS,0.11277761385430729,-0.003516627321051735,0.11670464792875901,0.0664260621645819,-0.04778640764551145,-0.025460396339128444,0.0016727307584333828,0
2019-10-31,NTPC.NS,-0.03604358164898147,0.041702095610576695,-0.07463331175693644,0.07095268920414138,-0.0128756611713986,-0.049428061580473304,0.0016727307584333828,0
2019-10-31,TECHM.NS,0.014927056612566325,0.0342896589572208,-0.018720676724328977,0.06750611183885387,0.1614932041417949,0.03037889220155887,0.0016727307584333828,1
2019-10-31,BAJAJFINSV.NS,0.5055564215593868,-0.04447900663360127,0.5756392920841611,0.09627590935701706,0.1460300197318054,0.11997281553631822,0.0016727307584333828,1
2019-10-31,JSWSTEEL.NS,-0.3177357922910723,-0.008480210516189302,-0.31190056421958334,0.113708841896953,-0.03979791402201127,0.14714908800809567,0.0016727307584333828,1
2019-10-31,ONGC.NS,-0.029273601940561278,0.07511383142190575,-0.09709430788775919,0.09362357842911888,0.02688008026905586,-0.07021864070587103,0.0016727307584333828,0
2019-10-31,TATASTEEL.NS,-0.2949391423582831,0.055617048506894085,-0.3320865188384533,0.11874469379439284,-0.1191992611031033,0.12337422371498774,0.0016727307584333828,1
2019-10-31,COALINDIA.NS,-0.17658046385935844,0.038528706740553975,-0.20712876707571948,0.08896618199977589,0.015162838807920354,-0.011081745320839165,0.0016727307584333828,0
2019-10-31,HINDALCO.NS,-0.14161466693673852,-0.018029774804093734,-0.12585401162035148,0.08217259497764506,-0.007147183545481051,0.06519418033281865,0.0016727307584333828,1
2019-10-31,GRASIM.NS,-0.06890777367676115,0.05293793971687544,-0.11571974833236576,0.10839666165802482,-0.015523673002258875,0.02380497951891547,0.0016727307584333828,1
2019-10-31,ADANIPORTS.NS,0.24198909773824906,-0.04384601958859691,0.2989425586074117,0.09142700869719551,0.04833795882561187,-0.03473979724343712,0.0016727307584333828,0
2019-10-31,DRREDDY.NS,0.10308513824869592,0.029956549608453953,0.07100162494043327,0.06647201308012526,0.08102233281534366,0.046942343654109875,0.0016727307584333828,1
2019-10-31,CIPLA.NS,-0.25377997515616435,0.09717975563776116,-0.31987441345918943,0.07246931612399701,-0.1041067211514749,-0.000321284666855548,0.0016727307584333828,0
2019-10-31,BRITANNIA.NS,0.16423128358977657,0.10952254365670244,0.049308362633865954,0.08357429103723617,0.26123543787839254,-0.06395049960752686,0.0016727307584333828,0
2019-10-31,EICHERMOT.NS,0.038394650483858817,0.2686657303758475,-0.18150650276000602,0.1151862849882483,0.3786415737398898,0.015231779888979835,0.0016727307584333828,1
2019-10-31,HEROMOTOCO.NS,0.010319850688788934,-0.00020337562683836463,0.01052536691872219,0.10306707852634926,0.14774398251263254,-0.10008513546187126,0.0016727307584333828,0
2019-10-31,BPCL.NS,1.0253424747164122,0.12018703713188938,0.8080395573064918,0.11674762963144208,0.5606476297389005,-0.028579344561448283,0.0016727307584333828,0
2019-10-31,INDUSINDBK.NS,-0.07364986760295722,-0.05084753040794565,-0.02402389281546302,0.1381918903738389,-0.06561800396479656,0.19486760100096379,0.0016727307584333828,1
2019-10-31,APOLLOHOSP.NS,0.3064933042784854,0.06399133246923605,0.22791724369264155,0.0915445448010745,0.10296997759081439,-0.029364230081856846,0.0016727307584333828,0
2019-10-31,TATACONSUM.NS,0.47090075032999,0.14855076616343155,0.28065802023128894,0.09806599813700252,0.2599364956803918,0.019400615477533245,0.0016727307584333828,1
2019-10-31,SBILIFE.NS,0.7751777059845306,0.17143192275972097,0.5153912672982939,0.08822304841910207,0.24318232062686995,-0.031719578011916494,0.0016727307584333828,0
2019-10-31,HDFCLIFE.NS,0.6894982490157062,0.04167021879202304,0.6219127882670383,0.08619643001360816,0.26889576725546327,-0.08735221916916758,0.0016727307584333828,0
2019-11-30,RELIANCE.NS,0.3365258240246778,0.05927556640572962,0.26173572431175507,0.07971004791546484,0.24236121682020095,-0.02391756567171399,0.0027590793213397857,0
2019-11-30,TCS.NS,0.08009413045869951,-0.09534495080877525,0.19392925670875316,0.06161987789434318,-0.07089074497339443,0.05281856777909355,0.0027590793213397857,1
2019-11-30,HDFCBANK.NS,0.2081369547213332,0.03625015673107734,0.16587384510752168,0.06262982479693134,0.1445052445594579,-0.0022353917894587516,0.0027590793213397857,0
2019-11-30,INFY.NS,0.07724455824626131,0.015679798989581162,0.06061433861136756,0.08817536008322378,-0.1347217791896762,0.049974911711563985,0.0027590793213397857,1
2019-11-30,ICICIBANK.NS,0.4468601337784599,0.10700786645580052,0.307000769931953,0.0850138166234567,0.25131202786175977,0.05130708508063875,0.0027590793213397857,1
2019-11-30,HINDUNILVR.NS,0.17483755028354042,-0.06438048754496861,0.2556787611246045,0.05892553879880402,0.08713453693436168,-0.055176069783169135,0.0027590793213397857,0
2019-11-30,BHARTIARTL.NS,0.5370910044321371,0.18223118443756925,0.30016110610666,0.10735978093439554,0.275807286203247,0.03017283645962876,0.0027590793213397857,1
2019-11-30,ITC.NS,-0.12069386176944752,-0.04366406927139188,-0.08054679325848257,0.06101807271240811,0.003053063721382143,-0.03530830361686954,0.0027590793213397857,0
2019-11-30,LT.NS,-0.05915405916885452,-0.09673794258506518,0.04160905808860482,0.07499617839568036,0.001731799144420565,-0.02431335183978134,0.0027590793213397857,0
2019-11-30,KOTAKBANK.NS,0.3096727574882914,0.025849393448533764,0.2766715717261834,0.06921108809349764,0.12836633903946026,0.042811935792578915,0.0027590793213397857,1
2019-11-30,AXISBANK.NS,0.18252957685372762,0.0036667461837223136,0.17820938209829285,0.08124903967361835,0.11319465921228633,0.020363988231456798,0.0027590793213397857,1
2019-11-30,SBIN.NS,0.2009485326129834,0.09427008039197116,0.09748822903281762,0.11084996956496163,0.24831115895054512,-0.02369458608487285,0.0027590793213397857,0
2019-11-30,BAJFINANCE.NS,0.608283560518422,0.01158269667073153,0.5898685948380902,0.0987576481180012,0.2225655323938056,0.039406510696213815,0.0027590793213397857,1
2019-11-30,ASIANPAINT.NS,0.27681506247985244,-0.057167291294258016,0.3542328884968142,0.06859723128692233,0.05760801278623906,0.046185839761929914,0.0027590793213397857,1
2019-11-30,MARUTI.NS,-0.041072680540783946,-0.04147826745667971,0.00042313794473880506,0.09332995601951576,0.1832373459984571,0.016940833042587755,0.0027590793213397857,1
2019-11-30,HCLTECH.NS,0.11924132200132531,-0.030186832133925257,0.15407932072529418,0.06135080094091521,0.0266009830680054,0.0075821398483570945,0.0027590793213397857,1
2019-11-30,SUNPHARMA.NS,-0.08085071449392633,0.037955790565899816,-0.11446200901779446,0.08758086984477116,-0.0012209853828143435,-0.03845730516044765,0.0027590793213397857,0
2019-11-30,TITAN.NS,0.25656833840222926,-0.12883108617659966,0.4423934537418026,0.09575564814848096,0.04940716091507458,0.024359760327755664,0.0027590793213397857,1
2019-11-30,ULTRACEMCO.NS,0.06759739832420597,0.027973707798463643,0.0385454318774372,0.08463396524683563,0.05104580346227072,-0.0500224695248942,0.0027590793213397857,0
2019-11-30,WIPRO.NS,-0.021012740106951866,-0.08330099251643641,0.06794842352941166,0.055343934999936284,-0.0656445438716925,0.03407632793171933,0.0027590793213397857,1
2019-11-30,ADANIENT.NS,0.30626627783237215,0.07638377030056875,0.21356928065499448,0.1107864219334037,0.5646157649025867,-0.030479311957162136,0.0027590793213397857,0
2019-11-30,NESTLEIND.NS,0.37873314877384856,-0.03298662240248629,0.42576429728327825,0.06182918205152237,0.12261943693365907,0.026896465007515413,0.0027590793213397857,1
2019-11-30,POWERGRID.NS,0.11935998752918198,-0.025460396339128444,0.1486038980091633,0.06434744599379626,-0.035910290966961744,-0.015778356384817727,0.0027590793213397857,0
2019-11-30,NTPC.NS,0.04268623963700202,-0.049428061580473304,0.09690408215776869,0.06445352224661256,-0.04356758722860132,0.0232056528404585,0.0027590793213397857,1
2019-11-30,TECHM.NS,0.10197676020174784,0.03037889220155887,0.069486931984029,0.06437630907720379,0.09774383546857557,0.0011160822896292277,0.0027590793213397857,0
2019-11-30,BAJAJFINSV.NS,0.5203026882550188,0.11997281553631822,0.3574460622305333,0.09260530239578309,0.2796104250367457,0.031074933876972688,0.0027590793213397857,1
2019-11-30,JSWSTEEL.NS,-0.15470370383239562,0.14714908800809567,-0.2631330094718788,0.112498801548918,0.20280513415091939,0.03249865969241683,0.0027590793213397857,1
2019-11-30,ONGC.NS,-0.014128071067352699,-0.07021864070587103,0.0603266231118047,0.0923137930829908,0.08704637873114751,-0.022390908048003144,0.0027590793213397857,0
2019-11-30,TATASTEEL.NS,-0.1715290979854024,0.12337422371498774,-0.262515656381315,0.11785251866745365,0.23948969531451825,0.10421052743515657,0.0027590793213397857,1
2019-11-30,COALINDIA.NS,-0.11504898457106927,-0.011081745320839165,-0.1051322884963436,0.092123490627825,0.11096108765307933,0.02971976681826871,0.0027590793213397857,1
2019-11-30,HINDALCO.NS,-0.10909788775778939,0.06519418033281865,-0.16362469051056094,0.08498742108942475,0.08511792282950004,0.07994002374245457,0.0027590793213397857,1
2019-11-30,GRASIM.NS,-0.08272753280075495,0.02380497951891547,-0.10405547389477432,0.10443072529333265,0.10703989408170878,-0.055142805118528426,0.0027590793213397857,0
2019-11-30,ADANIPORTS.NS,0.04540137221895879,-0.03473979724343712,0.08302545700478592,0.0799225317681586,0.04470872096585854,-0.04201025858789831,0.0027590793213397857,0
2019-11-30,DRREDDY.NS,0.07860938286436991,0.046942343654109875,0.030247166333662312,0.06423036654276125,0.13933539068372602,-0.013487457891124377,0.0027590793213397857,0
2019-11-30,CIPLA.NS,-0.13209165366159537,-0.000321284666855548,-0.13181271840005826,0.07413950575600557,-0.01217063006230057,0.02464108995027159,0.0027590793213397857,1
2019-11-30,BRITANNIA.NS,-0.02976315072505642,-0.06395049960752686,0.03652301386639922,0.08371355541700252,0.13178963181866177,-0.009778502362850605,0.0027590793213397857,0
2019-11-30,EICHERMOT.NS,-0.01518444997150692,0.015231779888979835,-0.0299598874493594,0.10797458499819894,0.40735405718026674,-0.01600195905984525,0.0027590793213397857,0
2019-11-30,HEROMOTOCO.NS,-0.17794769979492742,-0.10008513546187126,-0.08652214492869637,0.09836884298806163,-0.053848344766797895,0.003903735605542469,0.0027590793213397857,1
2019-11-30,BPCL.NS,0.668458755911516,-0.028579344561448283,0.7175450682158737,0.11694102490340329,0.4399720094773423,-0.03909704087760835,0.0027590793213397857,0
2019-11-30,INDUSINDBK.NS,-0.033340993471957736,0.19486760100096379,-0.19099069577394745,0.13227168228196415,0.1241983450955575,-0.03766490980385839,0.0027590793213397857,0
2019-11-30,APOLLOHOSP.NS,0.14405317332109746,-0.029364230081856846,0.17866372616535564,0.0901914500966622,-0.04054727344299569,0.0005551096825955337,0.0027590793213397857,0
2019-11-30,TATACONSUM.NS,0.49395140026110584,0.019400615477533245,0.46551942148992276,0.08983037862379527,0.16032304163580435,-0.00557024871182743,0.0027590793213397857,0
2019-11-30,SBILIFE.NS,0.685780269843443,-0.031719578011916494,0.7410041880039062,0.09004149564760017,0.14468818019167662,0.0016144230371371027,0.0027590793213397857,0
2019-11-30,HDFCLIFE.NS,0.4470773085217914,-0.08735221916916758,0.5855813588944894,0.08499981353046276,0.025756175494845435,0.09545055118547374,0.0027590793213397857,1
2019-12-31,RELIANCE.NS,0.35842898555053426,-0.02391756567171399,0.3917154307621251,0.0791357724002223,0.13646120551754315,-0.06763334303554158,0.0019386881307607018,0
2019-12-31,TCS.NS,0.1823154054396956,0.05281856777909355,0.12300014610663057,0.06602734658850103,0.052876662075027614,-0.036049630867097116,0.0019386881307607018,0
2019-12-31,HDFCBANK.NS,0.20927136399309898,-0.0022353917894587516,0.21198061550999325,0.06288087896131445,0.03637621496942289,-0.0360035333358526,0.0019386881307607018,0
2019-12-31,INFY.NS,0.145669755829132,0.049974911711563985,0.09114012444504604,0.08952403894932119,-0.08104838652079571,0.06127334066366652,0.0019386881307607018,1
2019-12-31,ICICIBANK.NS,0.4999767704169811,0.05130708508063875,0.4267731966268713,0.08413560276880812,0.2425638418851015,-0.024587086669496605,0.0019386881307607018,0
2019-12-31,HINDUNILVR.NS,0.06996715040101398,-0.055176069783169135,0.13245136599732787,0.056315357717230945,-0.024700436492975042,0.05785221270133456,0.0019386881307607018,1
2019-12-31,BHARTIARTL.NS,0.5885365896807144,0.03017283645962876,0.5420097807470845,0.11102849763278416,0.24179257193969916,0.08918394628871074,0.0019386881307607018,1
2019-12-31,ITC.NS,-0.1392418874322301,-0.03530830361686954,-0.10773761628200329,0.06397989078910185,-0.08524139563739541,-0.010727717602955766,0.0019386881307607018,0
2019-12-31,LT.NS,-0.08525390916648179,-0.02431335183978134,-0.062459148581782364,0.07313602621677526,-0.11941664145785047,0.054768211523683163,0.0019386881307607018,1
2019-12-31,KOTAKBANK.NS,0.34123177355763024,0.042811935792578915,0.28616841399905946,0.06755190057231171,0.024263266019594054,0.00439339772252878,0.0019386881307607018,1
2019-12-31,AXISBANK.NS,0.21799720956919377,0.020363988231456798,0.19368894200224007,0.0825433258763109,0.10087582064846612,-0.032886991589021974,0.0019386881307607018,0
2019-12-31,SBIN.NS,0.12791488533155282,-0.02369458608487285,0.1552889795094441,0.11430590072703824,0.23245936375174048,-0.04584266331481013,0.0019386881307607018,0
2019-12-31,BAJFINANCE.NS,0.6037549494755268,0.039406510696213815,0.542952572426453,0.09876500811218643,0.04663803172944503,0.030969856148257868,0.0019386881307607018,1
2019-12-31,ASIANPAINT.NS,0.30942087132099605,0.046185839761929914,0.2516140264515221,0.06577443139342992,0.014812414780014382,0.005994684351267043,0.0019386881307607018,1
2019-12-31,MARUTI.NS,0.0007876590127648964,0.016940833042587755,-0.015884084407835397,0.09088257382350264,0.09720368321181971,-0.061762059288278603,0.0019386881307607018,0
2019-12-31,HCLTECH.NS,0.18695840603675484,0.0075821398483570945,0.17802644478731433,0.06002675666918769,0.053289833460474334,0.04450157952790046,0.0019386881307607018,1
2019-12-31,SUNPHARMA.NS,0.011290334026954119,-0.03845730516044765,0.051737316974471925,0.08389304843655145,0.11066891471948281,0.0040456160470041524,0.0019386881307607018,1
2019-12-31,TITAN.NS,0.2817860385624831,0.024359760327755664,0.2513045593985075,0.09440024086850962,-0.06684741435013442,-0.00016823978548274887,0.0019386881307607018,0
2019-12-31,ULTRACEMCO.NS,0.016404458418092904,-0.0500224695248942,0.06992473591429627,0.0854716377127362,-0.06799899391571806,0.09145958068046722,0.0019386881307607018,1
2019-12-31,WIPRO.NS,-0.006623421747044667,0.03407632793171933,-0.03935855466314431,0.055653647803955014,0.02502067400442498,-0.03272567211176103,0.0019386881307607018,0
2019-12-31,ADANIENT.NS,0.29791684599411505,-0.030479311957162136,0.33872011397116997,0.10798335920630091,0.4285223768027713,0.1012718480001793,0.0019386881307607018,1
2019-12-31,NESTLEIND.NS,0.3684791917832002,0.026896465007515413,0.332635994392273,0.06401194875808469,0.06861650907058592,0.038828994622370105,0.0019386881307607018,1
2019-12-31,POWERGRID.NS,-0.0009014242298542863,-0.015778356384817727,0.015115428777118245,0.061881475209320434,-0.04421004822415109,-0.0178712551519552,0.0019386881307607018,0
2019-12-31,NTPC.NS,0.004250870475909663,0.0232056528404585,-0.018524899967010122,0.06624028213432807,0.013191314297597234,-0.05207885187948058,0.0019386881307607018,0
2019-12-31,TECHM.NS,0.07696693191695902,0.0011160822896292277,0.07576628821490239,0.06319660349081783,0.06689965332881043,0.04499551128335577,0.0019386881307607018,1
2019-12-31,BAJAJFINSV.NS,0.45074727124194447,0.031074933876972688,0.4070240906613356,0.09114279966258322,0.10341261195244611,0.005115232665448444,0.0019386881307607018,1
2019-12-31,JSWSTEEL.NS,-0.1058936708128897,0.03249865969241683,-0.13403632944815047,0.10926064061500168,0.17438568097738205,-0.07165341150205862,0.0019386881307607018,0
2019-12-31,ONGC.NS,-0.09792669517565833,-0.022390908048003144,-0.07726583943366616,0.08863289357275339,-0.02276161783078523,-0.1541149415041625,0.0019386881307607018,0
2019-12-31,TATASTEEL.NS,-0.07035799922665509,0.10421052743515657,-0.15809351778894631,0.11645151169905121,0.30943134716389853,-0.07064937586348563,0.0019386881307607018,0
2019-12-31,COALINDIA.NS,-0.09990074674684313,0.02971976681826871,-0.12587940694352828,0.09471136020726695,0.05754279090598691,-0.1402885033120741,0.0019386881307607018,0
2019-12-31,HINDALCO.NS,-0.037879151752944096,0.07994002374245457,-0.10909788775778939,0.08552764362882138,0.12960535216608693,-0.1239879959770922,0.0019386881307607018,0
2019-12-31,GRASIM.NS,-0.09063530566394906,-0.055142805118528426,-0.037563878158194064,0.1048477443004806,0.01855899062586719,0.04740132742486436,0.0019386881307607018,1
2019-12-31,ADANIPORTS.NS,-0.05547460739046217,-0.04201025858789831,-0.01405479434750212,0.08150619498456048,-0.11583545320581623,0.009289737362221162,0.0019386881307607018,1
2019-12-31,DRREDDY.NS,0.10704715497369222,-0.013487457891124377,0.12218254479273916,0.06183463192505483,0.06376152895646925,0.08347411756896839,0.0019386881307607018,1
2019-12-31,CIPLA.NS,-0.07415803130888365,0.02464108995027159,-0.09642314975280786,0.07259319047794228,0.12385426749828721,-0.06545370894933134,0.0019386881307607018,0
2019-12-31,BRITANNIA.NS,-0.02248970863028177,-0.009778502362850605,-0.012836730264655372,0.07792795503132306,0.028412382800440783,0.05710424126734859,0.0019386881307607018,1
2019-12-31,EICHERMOT.NS,-0.02060976153301819,-0.01600195905984525,-0.004682735413548578,0.11378726627858952,0.2673794080040517,-0.09886403705254199,0.0019386881307607018,0
2019-12-31,HEROMOTOCO.NS,-0.18777843534605354,0.003903735605542469,-0.19093680415082404,0.09258470407812878,-0.09675584097751044,0.02406851135588184,0.0019386881307607018,1
2019-12-31,BPCL.NS,0.43373333940342484,-0.03909704087760835,0.49206881484981246,0.11513201082983343,0.04562848837126898,-0.07038929574885044,0.0019386881307607018,0
2019-12-31,INDUSINDBK.NS,-0.050846081290769285,-0.03766490980385839,-0.013697070408421164,0.12165011392289861,0.09139532567770914,-0.16632445096060655,0.0019386881307607018,0
2019-12-31,APOLLOHOSP.NS,0.15060131867409376,0.0005551096825955337,0.14996296309865143,0.08400174956201652,0.033321334617622655,0.15131741094602158,0.0019386881307607018,1
2019-12-31,TATACONSUM.NS,0.4805510911228841,-0.00557024871182743,0.4888443243024414,0.08541566734231054,0.16431152493039702,0.19309178672390193,0.0019386881307607018,1
2019-12-31,SBILIFE.NS,0.6137994165647827,0.0016144230371371027,0.6111982609748694,0.08429950165579446,0.13610579553912383,0.033797804754961636,0.0019386881307607018,1
2019-12-31,HDFCLIFE.NS,0.6243046514404187,0.09545055118547374,0.4827731381235145,0.08316152371692673,0.04142075393023137,-0.042888062829111506,0.0019386881307607018,0
2020-01-31,RELIANCE.NS,0.15725338445864145,-0.06763334303554158,0.241199881843003,0.08090187389703375,-0.0359885637128764,-0.05879654696028469,-0.062496486530655315,1
2020-01-31,TCS.NS,0.06890528307488708,-0.036049630867097116,0.10887999766667855,0.06459977342055635,-0.0818973918780127,-0.03795006734828099,-0.062496486530655315,1
2020-01-31,HDFCBANK.NS,0.18913245185934424,-0.0360035333358526,0.23354440911413965,0.06238486881619215,-0.0032915359352281293,-0.039672065196006745,-0.062496486530655315,1
2020-01-31,INFY.NS,0.0630598236435096,0.06127334066366652,0.001683339165691189,0.08727396571576884,0.1317825449695229,-0.05702678513479531,-0.062496486530655315,1
2020-01-31,ICICIBANK.NS,0.4458339538695948,-0.024587086669496605,0.48227887298811734,0.08489666164412135,0.13519063360051842,-0.0540283124384241,-0.062496486530655315,1
2020-01-31,HINDUNILVR.NS,0.16807132039726014,0.05785221270133456,0.10419140440654706,0.05365357257673881,-0.06486318750511932,0.06906726411658726,-0.062496486530655315,1
2020-01-31,BHARTIARTL.NS,0.7646543963557872,0.08918394628871074,0.6201619592068695,0.11446073698673694,0.32651979954270294,0.05448679179302096,-0.062496486530655315,1
2020-01-31,ITC.NS,-0.13930837212113145,-0.010727717602955766,-0.1299749895009895,0.064226138017012,-0.08732773192889987,-0.15989807211848484,-0.062496486530655315,0
2020-01-31,LT.NS,0.05532438832800124,0.054768211523683163,0.0005272976548227337,0.07194171865688877,-0.07043200603719824,-0.13273219367163636,-0.062496486530655315,0
2020-01-31,KOTAKBANK.NS,0.34792905750913583,0.00439339772252878,0.34203297290242785,0.06886218984741038,0.07446790807257697,-0.042204793329834844,-0.062496486530655315,1
2020-01-31,AXISBANK.NS,0.010385538348644197,-0.032886991589021974,0.04474402635609831,0.08089857192738772,-0.009574341816021903,-0.04387761293522585,-0.062496486530655315,1
2020-01-31,SBIN.NS,0.08445436183791788,-0.04584266331481013,0.1365571694972123,0.11289272319696547,0.019366170156565055,-0.0485162828762884,-0.062496486530655315,1
2020-01-31,BAJFINANCE.NS,0.6985660194443086,0.030969856148257868,0.6475418842896292,0.08720429667406053,0.08400876127751644,0.022893252982439716,-0.062496486530655315,1
2020-01-31,ASIANPAINT.NS,0.2803898576674655,0.005994684351267043,0.27276006283586574,0.06461261305294054,-0.007708744753177843,0.0012807855293965886,-0.062496486530655315,1
2020-01-31,MARUTI.NS,0.055529961837542885,-0.061762059288278603,0.12501308680487488,0.08656370492367262,-0.0854432888854677,-0.09118394610434555,-0.062496486530655315,0
2020-01-31,HCLTECH.NS,0.1893968863213309,0.04450157952790046,0.13872196043870133,0.05900327463218132,0.020651876391705182,-0.09646618910095728,-0.062496486530655315,0
2020-01-31,SUNPHARMA.NS,0.03228651355071577,0.0040456160470041524,0.02812710603219215,0.0719786508917032,0.002076489802170567,-0.1351781631343869,-0.062496486530655315,0
2020-01-31,TITAN.NS,0.1981743216051477,-0.00016823978548274887,0.19837593611556747,0.08289764252591329,-0.10775975579692953,0.056198505221916495,-0.062496486530655315,1
2020-01-31,ULTRACEMCO.NS,0.25802130352321995,0.09145958068046722,0.1526045726209213,0.08551708097075035,0.06586695383943919,-0.04449634949626169,-0.062496486530655315,1
2020-01-31,WIPRO.NS,-0.14136540076659,-0.03272567211176103,-0.1123153230914461,0.05341057903398396,-0.08308512357247211,-0.06482270078625674,-0.062496486530655315,0
2020-01-31,ADANIENT.NS,0.6779207826100377,0.1012718480001793,0.5236208804002449,0.10299624056084854,0.14926123741084463,-0.04706904238773035,-0.062496486530655315,1
2020-01-31,NESTLEIND.NS,0.3705517562428742,0.038828994622370105,0.3193237417685768,0.06630436756531749,0.031580689005620055,0.027305555253182012,-0.062496486530655315,1
2020-01-31,POWERGRID.NS,0.03353144478700276,-0.0178712551519552,0.052338046522516724,0.06435726293520683,-0.05797847569462111,-0.02863257805835362,-0.062496486530655315,1
2020-01-31,NTPC.NS,0.015664001580250275,-0.05207885187948058,0.07146465040267036,0.06403392379919545,-0.0780229031297297,-0.05582626619669917,-0.062496486530655315,1
2020-01-31,TECHM.NS,0.11197100065434507,0.04499551128335577,0.06409165268924144,0.061951446907720954,0.07794304918646477,-0.0655283925457576,-0.062496486530655315,0
2020-01-31,BAJAJFINSV.NS,0.5503343758740815,0.005115232665448444,0.5424444138238511,0.07835632236037741,0.16068284411130707,-0.0413762746014531,-0.062496486530655315,1
2020-01-31,JSWSTEEL.NS,-0.07277891988751861,-0.07165341150205862,-0.0012123795136480542,0.10854357216218861,0.09956145311407871,-0.059832392005228385,-0.062496486530655315,1
2020-01-31,ONGC.NS,-0.19022144511981887,-0.1541149415041625,-0.042684881655033924,0.08634456382129312,-0.2311220245652389,-0.1560351925619703,-0.062496486530655315,0
2020-01-31,TATASTEEL.NS,-0.05565744698715269,-0.07064937586348563,0.016131617590790848,0.11475156303993439,0.1528052161263842,-0.12981532568622045,-0.062496486530655315,0
2020-01-31,COALINDIA.NS,-0.1707164464351879,-0.1402885033120741,-0.03539320253403466,0.09587028810609938,-0.12454832526026183,-0.07319782885722315,-0.062496486530655315,0
2020-01-31,HINDALCO.NS,-0.08562095019427252,-0.1239879959770922,0.04379739730349219,0.08376420592659069,0.007716754455155073,-0.1766569171126201,-0.062496486530655315,0
2020-01-31,GRASIM.NS,0.09065064381025545,0.04740132742486436,0.04129201983324182,0.0960950170836448,0.013203151487661158,-0.11773001421198248,-0.062496486530655315,0
2020-01-31,ADANIPORTS.NS,0.09137558037031956,0.009289737362221162,0.0813303058273731,0.0798387941170727,-0.06670032076326593,-0.07363291316779685,-0.062496486530655315,0
2020-01-31,DRREDDY.NS,0.15347658288635335,0.08347411756896839,0.06460926401680189,0.05985749645659244,0.11903563730730315,-0.06017027227505389,-0.062496486530655315,1
2020-01-31,CIPLA.NS,-0.13107811158060922,-0.06545370894933134,-0.07022060144019115,0.06927468757639393,-0.04273312374280658,-0.10024617904532329,-0.062496486530655315,0
2020-01-31,BRITANNIA.NS,0.006735245682739199,0.05710424126734859,-0.04764808768927331,0.07517915598183257,-0.020173949735826202,-0.07201552525372401,-0.062496486530655315,0
2020-01-31,EICHERMOT.NS,0.07539675564033121,-0.09886403705254199,0.19337902365243154,0.11022374802545559,-0.09977771456539308,-0.18171909859873747,-0.062496486530655315,0
2020-01-31,HEROMOTOCO.NS,-0.012213808364998968,0.02406851135588184,-0.03542958241421024,0.0799736042703758,-0.07482794123155823,-0.1566444719662874,-0.062496486530655315,0
2020-01-31,BPCL.NS,0.3995606986408855,-0.07038929574885044,0.5055341900008621,0.1136610503580348,-0.13226327100816548,-0.06696592032371385,-0.062496486530655315,0
2020-01-31,INDUSINDBK.NS,-0.15944056014884045,-0.16632445096060655,0.008257278049833783,0.11706408266615848,-0.041387314996447655,-0.12296935089618521,-0.062496486530655315,0
2020-01-31,APOLLOHOSP.NS,0.2574054147429814,0.15131741094602158,0.09214487923863568,0.08702801729294003,0.1181302021383217,0.047430877604843324,-0.062496486530655315,1
2020-01-31,TATACONSUM.NS,0.901646034251294,0.19309178672390193,0.5938807520190912,0.09378073874947368,0.20946375076012402,-0.09715711478023126,-0.062496486530655315,0
2020-01-31,SBILIFE.NS,0.676333122477333,0.033797804754961636,0.6215290018677009,0.07870051404615856,0.0026222220671414664,-0.10431538789097161,-0.062496486530655315,0
2020-01-31,HDFCLIFE.NS,0.6196968769323763,-0.042888062829111506,0.692275285710062,0.0766468704822237,-0.04311727721272185,-0.0919560034244471,-0.062496486530655315,0
2020-02-29,RELIANCE.NS,0.085760138574134,-0.05879654696028469,0.1535870752147772,0.07383289870503691,-0.14344206420061478,-0.1617430236438785,-0.21049468698787305,1
2020-02-29,TCS.NS,0.044230842663065095,-0.03795006734828099,0.08542270751459746,0.06731374446405552,-0.023649342253963423,-0.08034795743556089,-0.21049468698787305,1
2020-02-29,HDFCBANK.NS,0.1432763008718052,-0.039672065196006745,0.19050613799457206,0.05980109995766833,-0.07631668407517367,-0.2681187612152165,-0.21049468698787305,0
2020-02-29,INFY.NS,0.023255541359464615,-0.05702678513479531,0.08513744105206222,0.08932615713490166,0.050764843427965056,-0.1232746655048429,-0.21049468698787305,1
2020-02-29,ICICIBANK.NS,0.42357528164833336,-0.0540283124384241,0.5048814889141902,0.08312800523904186,-0.0299452859271504,-0.34891904092365844,-0.21049468698787305,0
2020-02-29,HINDUNILVR.NS,0.2708007632037348,0.06906726411658726,0.18870047363563036,0.06344412811622013,0.06851571648539956,0.056903312056498345,-0.21049468698787305,1
2020-02-29,BHARTIARTL.NS,0.7926448493906983,0.05448679179302096,0.7000164092549073,0.10915939140927511,0.1831844956239801,-0.15778415410000557,-0.21049468698787305,1
2020-02-29,ITC.NS,-0.27012091048097275,-0.15989807211848484,-0.13120174434123344,0.07439373787093158,-0.19825481058066263,-0.13085285438233107,-0.21049468698787305,1
2020-02-29,LT.NS,-0.06963785578749626,-0.13273219367163636,0.07275069756279118,0.0709874736985063,-0.10747452708861338,-0.3096519385682127,-0.21049468698787305,0
2020-02-29,KOTAKBANK.NS,0.33643016007797977,-0.042204793329834844,0.3953193237666772,0.06672485489617579,0.003188400407690306,-0.20014201490957972,-0.21049468698787305,1
2020-02-29,AXISBANK.NS,-0.016044012364380245,-0.04387761293522585,0.029110918170520694,0.0819144256326997,-0.05649146181862086,-0.4564748675382627,-0.21049468698787305,0
2020-02-29,SBIN.NS,0.12618467445596182,-0.0485162828762884,0.18360898267430414,0.1162810516804388,-0.11364631998043351,-0.350330081275965,-0.21049468698787305,0
2020-02-29,BAJFINANCE.NS,0.6888171669457201,0.022893252982439716,0.6510199495613571,0.0833338765533337,0.09612911701033622,-0.5026941439375294,-0.21049468698787305,0
2020-02-29,ASIANPAINT.NS,0.288780908064471,0.0012807855293965886,0.2871323675536903,0.0671672278439761,0.05380536584415396,-0.0693872043872793,-0.21049468698787305,1
2020-02-29,MARUTI.NS,-0.06720077438267147,-0.09118394610434555,0.02638946750430926,0.0837159118429908,-0.13286909097667965,-0.3174866176766197,-0.21049468698787305,0
2020-02-29,HCLTECH.NS,0.023038972978006056,-0.09646618910095728,0.13226418384947025,0.06006135054482528,-0.04910191979904599,-0.18330667620554097,-0.21049468698787305,1
2020-02-29,SUNPHARMA.NS,-0.1507751381929796,-0.1351781631343869,-0.018034899668029847,0.06900558488163544,-0.16507269532349378,-0.05524283251300022,-0.21049468698787305,1
2020-02-29,TITAN.NS,0.22921858947978113,0.056198505221916495,0.1638139832639809,0.08859387151475773,0.08174522445960042,-0.2557192638424358,-0.21049468698787305,0
2020-02-29,ULTRACEMCO.NS,0.10555683313804676,-0.04449634949626169,0.15704093077530468,0.07736890477353008,-0.009274500292422938,-0.23100526641837316,-0.21049468698787305,0
2020-02-29,WIPRO.NS,-0.19637127845379454,-0.06482270078625674,-0.14066699200048827,0.05452402567583344,-0.06460248048018824,-0.11176325578607105,-0.21049468698787305,1
2020-02-29,ADANIENT.NS,0.7019400134917004,-0.04706904238773035,0.7860055861299755,0.10498343129284231,0.01744994836438729,-0.3662214552671639,-0.21049468698787305,0
2020-02-29,NESTLEIND.NS,0.521529159920439,0.027305555253182012,0.48108725017597553,0.06865544998539386,0.09589856465094604,0.033066589888970155,-0.21049468698787305,1
2020-02-29,POWERGRID.NS,0.03550916834038165,-0.02863257805835362,0.06603242496080797,0.06524602778019409,-0.06104480922000344,-0.09115438255743147,-0.21049468698787305,1
2020-02-29,NTPC.NS,-0.07615552811719939,-0.05582626619669917,-0.02153127246890285,0.06234787084650567,-0.08422863872829767,-0.2047717222833192,-0.21049468698787305,1
2020-02-29,TECHM.NS,-0.08387496057726285,-0.0655283925457576,-0.01963309306045835,0.06385640452940851,-0.02239148963432236,-0.22998369448282474,-0.21049468698787305,0
2020-02-29,BAJAJFINSV.NS,0.4009710525091619,-0.0413762746014531,0.46143999505823774,0.07347767664169111,-0.006531143798033545,-0.4924424318280368,-0.21049468698787305,0
2020-02-29,JSWSTEEL.NS,-0.1484142613481868,-0.059832392005228385,-0.09421923132609256,0.1133024203761918,-0.09883373310041543,-0.37950790440896975,-0.21049468698787305,0
2020-02-29,ONGC.NS,-0.37363343285546113,-0.1560351925619703,-0.25782857102068024,0.08816992682292835,-0.302087586511977,-0.20206026706982205,-0.21049468698787305,1
2020-02-29,TATASTEEL.NS,-0.21724566841615944,-0.12981532568622045,-0.10047331941221072,0.11718716460762386,-0.10701758117188676,-0.2937786850916536,-0.21049468698787305,0
2020-02-29,COALINDIA.NS,-0.24370622426697042,-0.07319782885722315,-0.18397496328639895,0.09444591306836353,-0.17953732875261164,-0.09334102659289867,-0.21049468698787305,1
2020-02-29,HINDALCO.NS,-0.19811638238237073,-0.1766569171126201,-0.026063819221623263,0.09111049283286338,-0.22108416041933832,-0.38614496377286933,-0.21049468698787305,0
2020-02-29,GRASIM.NS,-0.10716039538969913,-0.11773001421198248,0.011980027647481295,0.09175278837231492,-0.12686620211258937,-0.3071886216784244,-0.21049468698787305,0
2020-02-29,ADANIPORTS.NS,0.050729047983320896,-0.07363291316779685,0.1342469555739343,0.07471678864522664,-0.10430565506904232,-0.25751817524944787,-0.21049468698787305,0
2020-02-29,DRREDDY.NS,0.12079544727070157,-0.06017027227505389,0.19255160185645637,0.06678204420594602,0.004547160309046783,0.06615771728144626,-0.21049468698787305,1
2020-02-29,CIPLA.NS,-0.2707000089307148,-0.10024617904532329,-0.18944496362853203,0.06884877087561057,-0.1384186575396612,0.06261561361554469,-0.21049468698787305,1
2020-02-29,BRITANNIA.NS,-0.022734784524226948,-0.07201552525372401,0.0531051349139986,0.06650638771907247,-0.028616155218420092,-0.09469055517843972,-0.21049468698787305,1
2020-02-29,EICHERMOT.NS,-0.15826007931748876,-0.18171909859873747,0.028668662852910698,0.10750903049138966,-0.2744172140991399,-0.20497292129394828,-0.21049468698787305,1
2020-02-29,HEROMOTOCO.NS,-0.18693700886875153,-0.1566444719662874,-0.03591905892060898,0.0819055931194322,-0.13297468361615483,-0.22190795195905844,-0.21049468698787305,0
2020-02-29,BPCL.NS,0.2933027591071482,-0.06696592032371385,0.38612595968183316,0.11162309271533936,-0.16655268157675984,-0.2160164526817978,-0.21049468698787305,0
2020-02-29,INDUSINDBK.NS,-0.2469476792809484,-0.12296935089618521,-0.14136145471249972,0.11862619606766311,-0.29638003016943626,-0.6818079529499749,-0.21049468698787305,0
2020-02-29,APOLLOHOSP.NS,0.530319237287497,0.047430877604843324,0.4610216960443949,0.07905105515094336,0.20659482701836862,-0.34378968775156915,-0.21049468698787305,0
2020-02-29,TATACONSUM.NS,0.8064103408515828,-0.09715711478023126,1.0008025431931813,0.09278883970974189,0.07117430157080329,-0.1482016180180935,-0.21049468698787305,1
2020-02-29,SBILIFE.NS,0.5441573140607081,-0.10431538789097161,0.7239966983743866,0.07955102536566643,-0.07254832828257707,-0.2800988612541233,-0.21049468698787305,0
2020-02-29,HDFCLIFE.NS,0.5515486730550636,-0.0919560034244471,0.7086712526114571,0.0748952531973686,-0.04794420136226263,-0.18884385547942928,-0.21049468698787305,1
2020-03-31,RELIANCE.NS,-0.17615054387860674,-0.1617430236438785,-0.01718747429619638,0.11104090236486952,-0.26439034236780146,0.31627399990885885,0.1313953975869825,1
2020-03-31,TCS.NS,-0.0477603621972047,-0.08034795743556089,0.035434701093563614,0.09041882880354218,-0.14714376803840956,0.10314329796599808,0.1313953975869825,0
2020-03-31,HDFCBANK.NS,-0.24510408151424623,-0.2681187612152165,0.03144592111581357,0.08367566773950552,-0.32245894077528947,0.1623157496834866,0.1313953975869825,1
2020-03-31,INFY.NS,-0.10714157191221363,-0.1232746655048429,0.018401536898576376,0.11634197566452285,-0.1226150753179106,0.11535459122321456,0.1313953975869825,0
2020-03-31,ICICIBANK.NS,-0.18976151431057064,-0.34891904092365844,0.2444512074794465,0.10566541596700403,-0.39923913520792775,0.17420838756615753,0.1313953975869825,1
2020-03-31,HINDUNILVR.NS,0.38199754640772254,0.056903312056498345,0.3075912722031906,0.08213219113303973,0.19526798974986814,-0.0450294449538049,0.1313953975869825,0
2020-03-31,BHARTIARTL.NS,0.4553414037031136,-0.15778415410000557,0.7279910022922109,0.1301907920101386,-0.032689762756368146,0.16647771627144925,0.1313953975869825,1
2020-03-31,ITC.NS,-0.4162716782399344,-0.13085285438233107,-0.3283895313891497,0.10257616582037853,-0.27766088843811887,0.0602794875920476,0.1313953975869825,0
2020-03-31,LT.NS,-0.401148201057947,-0.3096519385682127,-0.13253642271402966,0.09097948795037895,-0.36849271109254156,0.11014204076023382,0.1313953975869825,0
2020-03-31,KOTAKBANK.NS,-0.03281859440585744,-0.20014201490957972,0.2091914110038009,0.09477582123349593,-0.2305340732350608,0.047181902605144765,0.1313953975869825,0
2020-03-31,AXISBANK.NS,-0.5139353034368404,-0.4564748675382627,-0.10571808453148701,0.11871619640690627,-0.4974140511537857,0.17387841537068915,0.1313953975869825,1
2020-03-31,SBIN.NS,-0.3829154549177566,-0.350330081275965,-0.05015681456483312,0.13528950334878176,-0.41018730916397417,-0.032257996768412234,0.1313953975869825,0
2020-03-31,BAJFINANCE.NS,-0.25737741377042056,-0.5026941439375294,0.4932914567092741,0.11928051066918577,-0.47555511411536233,0.04616829123542732,0.1313953975869825,0
2020-03-31,ASIANPAINT.NS,0.12580842012645932,-0.0693872043872793,0.20974956011132506,0.08114911394201803,-0.06260941386562979,0.055325599253134294,0.1313953975869825,0
2020-03-31,MARUTI.NS,-0.34082017298772027,-0.3174866176766197,-0.03418768908481995,0.10222035470703728,-0.41803059685983823,0.24963267374734022,0.1313953975869825,1
2020-03-31,HCLTECH.NS,-0.18686583003800916,-0.18330667620554097,-0.004358005298649714,0.08288426950939719,-0.2292518068790247,0.24553126779189816,0.1313953975869825,1
2020-03-31,SUNPHARMA.NS,-0.24881929860260144,-0.05524283251300022,-0.20489547235138061,0.09239104459303936,-0.17964791406859493,0.31833681450709417,0.1313953975869825,1
2020-03-31,TITAN.NS,-0.1730757997345589,-0.2557192638424358,0.11103802650399563,0.10046428944461588,-0.21402405368001487,0.038931088425500304,0.1313953975869825,0
2020-03-31,ULTRACEMCO.NS,-0.1677647794938485,-0.23100526641837316,0.08223786739081995,0.09828048523832689,-0.19802030336535736,0.08920300728083164,0.1313953975869825,0
2020-03-31,WIPRO.NS,-0.22475321444899787,-0.11176325578607105,-0.12720703055683713,0.07874579764330807,-0.1965250293023587,-0.02923243104596518,0.1313953975869825,0
2020-03-31,ADANIENT.NS,0.008595690416119739,-0.3662214552671639,0.5914008115268157,0.13938098385470613,-0.334889955866121,0.027615901637011664,0.1313953975869825,0
2020-03-31,NESTLEIND.NS,0.510326619405943,0.033066589888970155,0.4619838006456747,0.08504380906814979,0.10248328982209931,0.09963124646515698,0.1313953975869825,0
2020-03-31,POWERGRID.NS,-0.15797269243489365,-0.09115438255743147,-0.07351997808547994,0.08513869912844489,-0.13295413116417365,0.018541450540763726,0.1313953975869825,0
2020-03-31,NTPC.NS,-0.36297283323673635,-0.2047717222833192,-0.19893798471007096,0.07965452422272588,-0.28826890236120817,0.12885962922881533,0.1313953975869825,0
2020-03-31,TECHM.NS,-0.24113806532573456,-0.22998369448282474,-0.01448588914674731,0.09468294149700884,-0.24806472824582415,-0.0340406527428293,0.1313953975869825,0
2020-03-31,BAJAJFINSV.NS,-0.33905157940205566,-0.4924424318280368,0.3022137035182806,0.10956049207322098,-0.5109544222819621,0.11176813246360551,0.1313953975869825,0
2020-03-31,JSWSTEEL.NS,-0.48470475456689543,-0.37950790440896975,-0.16953777639620649,0.1380088660709351,-0.45843363555450467,0.2352136397613407,0.1313953975869825,1
2020-03-31,ONGC.NS,-0.5264438520069382,-0.20206026706982205,-0.406526422422808,0.1292200560364692,-0.43035304252813367,0.16983900424007214,0.1313953975869825,1
2020-03-31,TATASTEEL.NS,-0.45358948863165216,-0.2937786850916536,-0.22628997478041124,0.14194735489180246,-0.4288741120050047,0.10645408130143275,0.1313953975869825,0
2020-03-31,COALINDIA.NS,-0.35331916935418595,-0.09334102659289867,-0.28674303170940296,0.1101096027610402,-0.27759001312510523,0.06033565372491423,0.1313953975869825,0
2020-03-31,HINDALCO.NS,-0.5238149668750582,-0.38614496377286933,-0.2242711959297995,0.12471363730843583,-0.5572518839826788,0.3605013862400923,0.1313953975869825,1
2020-03-31,GRASIM.NS,-0.4209969246069346,-0.3071886216784244,-0.16427025665228745,0.12777432478003,-0.3597794108458757,0.06049148296729556,0.1313953975869825,0
2020-03-31,ADANIPORTS.NS,-0.33330453079497346,-0.25751817524944787,-0.10207166427405423,0.10598688839842618,-0.3057996939896177,0.15439706520373875,0.1313953975869825,1
2020-03-31,DRREDDY.NS,0.15732246638508052,0.06615771728144626,0.08550775145734679,0.0826822417784027,0.0856483436562856,0.26133125659644274,0.1313953975869825,1
2020-03-31,CIPLA.NS,-0.18234945301339645,0.06261561361554469,-0.23053027217946542,0.08872430775360263,-0.10648733895433515,0.3943478227966146,0.1313953975869825,1
2020-03-31,BRITANNIA.NS,-0.12660110039287575,-0.09469055517843972,-0.03524821860300553,0.08708138407091041,-0.11191286865992922,0.19036245471221624,0.1313953975869825,1
2020-03-31,EICHERMOT.NS,-0.3637723055418052,-0.20497292129394828,-0.19974084971585027,0.11072341750308752,-0.4137610659437857,0.12309583601952312,0.1313953975869825,0
2020-03-31,HEROMOTOCO.NS,-0.3417259138657893,-0.22190795195905844,-0.1539894440617986,0.09337607291786038,-0.32799781472919265,0.3571985625312015,0.1313953975869825,1
2020-03-31,BPCL.NS,-0.1129936129342296,-0.2160164526817978,0.13140944105266206,0.13346372871404333,-0.3200052315406916,0.16756087248064166,0.1313953975869825,1
2020-03-31,INDUSINDBK.NS,-0.8060749230307833,-0.6818079529499749,-0.3905407794848864,0.19197605574707333,-0.7673510185521429,0.3326218450006715,0.1313953975869825,1
2020-03-31,APOLLOHOSP.NS,-0.03148523214750265,-0.34378968775156915,0.47592128586640214,0.11437257310514255,-0.20865931268269644,0.2241341848935423,0.1313953975869825,1
2020-03-31,TATACONSUM.NS,0.49809362601172236,-0.1482016180180935,0.7587420423669509,0.1266126917601339,-0.0824645625126712,0.1924707729956252,0.1313953975869825,1
2020-03-31,SBILIFE.NS,0.04371913030707231,-0.2800988612541233,0.4498089725560257,0.10848728236387965,-0.33340265550830217,0.13393116594514964,0.1313953975869825,1
2020-03-31,HDFCLIFE.NS,0.18786184747368795,-0.18884385547942928,0.4644059044584654,0.11630336100027534,-0.2950243987227814,0.13526676440041108,0.1313953975869825,1
2020-04-30,RELIANCE.NS,0.058874170573449236,0.31627399990885885,-0.1955518602914228,0.13170656487385424,0.03850117246313145,0.008377237679095817,0.015989018035693525,0
2020-04-30,TCS.NS,-0.07039680178213381,0.10314329796599808,-0.15731419487215248,0.10983580039566894,-0.023992659224503,-0.02089895149678256,0.015989018035693525,0
2020-04-30,HDFCBANK.NS,-0.12811932377347524,0.1623157496834866,-0.24987622643507235,0.10044586984548948,-0.18307102626706961,-0.05005982391231345,0.015989018035693525,0
2020-04-30,INFY.NS,-0.022105722912883152,0.11535459122321456,-0.12324359913679495,0.1133839039062146,-0.07790456377408028,-0.021095451721968583,0.015989018035693525,0
2020-04-30,ICICIBANK.NS,-0.06483745171380617,0.17420838756615753,-0.2035804221901757,0.13607704071858218,-0.2768001769099713,-0.1267919752443929,0.015989018035693525,0
2020-04-30,HINDUNILVR.NS,0.26435429362986507,-0.0450294449538049,0.3239720187694206,0.10780665491675694,0.07902192942961483,-0.06271087543179787,0.015989018035693525,0
2020-04-30,BHARTIARTL.NS,0.6056821873084115,0.16647771627144925,0.37652195572226055,0.13661640702711972,0.03595525834793567,0.07447005036237919,0.015989018035693525,1
2020-04-30,ITC.NS,-0.38385753065618267,0.0602794875920476,-0.418886740190447,0.1122982149583714,-0.22581340172721032,0.0840429437755581,0.015989018035693525,1
2020-04-30,LT.NS,-0.3163822925142976,0.11014204076023382,-0.38420699119046453,0.10407295572357267,-0.3353394776185411,0.03866095246895451,0.015989018035693525,1
2020-04-30,KOTAKBANK.NS,-0.02064004677465614,0.047181902605144765,-0.06476615878394743,0.11938400248137511,-0.1977537934771051,-0.09814320927218967,0.015989018035693525,0
2020-04-30,AXISBANK.NS,-0.41911387594528915,0.17387841537068915,-0.505156482606184,0.16275190240900264,-0.389962918409576,-0.13474935880723504,0.015989018035693525,0
2020-04-30,SBIN.NS,-0.38538472479962427,-0.032257996768412234,-0.36489759342057426,0.13448676355525221,-0.40178994279494673,-0.153280777238752,0.015989018035693525,0
2020-04-30,BAJFINANCE.NS,-0.24821118712026435,0.04616829123542732,-0.28138826307577813,0.14869902475918761,-0.46782380993863826,-0.1572191862232576,0.015989018035693525,0
2020-04-30,ASIANPAINT.NS,0.2155809692856263,0.055325599253134294,0.15185395876486507,0.09366907784248431,-0.016642634961399172,-0.04298633192760293,0.015989018035693525,0
2020-04-30,MARUTI.NS,-0.1849354760424472,0.24963267374734022,-0.3477567119677055,0.13234636089732738,-0.22487894623669347,0.04702553787035102,0.015989018035693525,1
2020-04-30,HCLTECH.NS,-0.07318739739414026,0.24553126779189816,-0.2558897343067661,0.1066108342671403,-0.08090998334326582,0.012326614377878187,0.015989018035693525,0
2020-04-30,SUNPHARMA.NS,0.02882668029179558,0.31833681450709417,-0.21960255606117007,0.11492082551117923,0.07714265015069621,0.02110026645344809,0.015989018035693525,1
2020-04-30,TITAN.NS,-0.15890230686950568,0.038931088425500304,-0.19042013228694732,0.12476272682232072,-0.18328775111996243,-0.08252147129785847,0.015989018035693525,0
2020-04-30,ULTRACEMCO.NS,-0.23250773658740076,0.08920300728083164,-0.29536343704317836,0.10501107927944613,-0.1996783822191296,0.10484392877096904,0.015989018035693525,1
2020-04-30,WIPRO.NS,-0.35782644894200133,-0.02923243104596518,-0.33848887046163245,0.09328424903057699,-0.19362333773249374,0.11442790727430041,0.015989018035693525,1
2020-04-30,ADANIENT.NS,0.12414514884261552,0.027615901637011664,0.09393514352184607,0.14047383340135636,-0.37937425810747005,0.04915151269956275,0.015989018035693525,1
2020-04-30,NESTLEIND.NS,0.6825145166804734,0.09963124646515698,0.5300715781668046,0.10538804285759824,0.16701120248841383,-0.02141478298319499,0.015989018035693525,0
2020-04-30,POWERGRID.NS,-0.08783763520297505,0.018541450540763726,-0.1044425690159787,0.09180488203103525,-0.10080815619946426,-0.02776872221298654,0.015989018035693525,0
2020-04-30,NTPC.NS,-0.2717657874603634,0.12885962922881533,-0.3548939180001215,0.09381212985106742,-0.15241420176755693,0.029458262438113225,0.015989018035693525,1
2020-04-30,TECHM.NS,-0.32343125390184024,-0.0340406527428293,-0.2995887994466142,0.11174515093768422,-0.30493586198155775,-0.028924411543109985,0.015989018035693525,0
2020-04-30,BAJAJFINSV.NS,-0.32066808587063267,0.11176813246360551,-0.3889625954433392,0.13262436882889614,-0.45906173644655146,-0.13703012315928154,0.015989018035693525,0
2020-04-30,JSWSTEEL.NS,-0.40499102797071174,0.2352136397613407,-0.5182946877559969,0.1570002502626912,-0.279417656630382,0.019651421693508864,0.015989018035693525,1
2020-04-30,ONGC.NS,-0.48956166519162436,0.16983900424007214,-0.5636678782650468,0.15033820310298876,-0.21219174779813887,0.041301573970537575,0.015989018035693525,1
2020-04-30,TATASTEEL.NS,-0.4506498457922796,0.10645408130143275,-0.5035038837205389,0.1502675990890811,-0.3200364283436016,-0.01039224251933868,0.015989018035693525,0
2020-04-30,COALINDIA.NS,-0.3579477111144749,0.06033565372491423,-0.3944820334674001,0.11491011402822547,-0.10900683701284253,-0.048484693985355154,0.015989018035693525,0
2020-04-30,HINDALCO.NS,-0.36378292180151184,0.3605013862400923,-0.532365725876436,0.16259333858591907,-0.31238450748329816,0.066436381900838,0.015989018035693525,1
2020-04-30,GRASIM.NS,-0.4343817790491018,0.06049148296729556,-0.4666452017433682,0.13615488311757748,-0.3517780966656665,0.16696386046607126,0.015989018035693525,1
2020-04-30,ADANIPORTS.NS,-0.2529012749595305,0.15439706520373875,-0.3528234369613419,0.10775916797939461,-0.20599331762122464,0.11616691425626247,0.015989018035693525,1
2020-04-30,DRREDDY.NS,0.35201668577407985,0.26133125659644274,0.07189660028115163,0.10128883884891787,0.2638623916539129,0.03428354485826146,0.015989018035693525,1
2020-04-30,CIPLA.NS,0.06058569507904665,0.3943478227966146,-0.2393679125543785,0.10645148955341233,0.333125437980776,0.09930471374482464,0.015989018035693525,1
2020-04-30,BRITANNIA.NS,0.11163923440407841,0.19036245471221624,-0.06613382335481166,0.10142102004765534,3.9103421720199094e-05,0.06731416441304305,0.015989018035693525,1
2020-04-30,EICHERMOT.NS,-0.2668378036438377,0.12309583601952312,-0.34719533913095424,0.12255037767791198,-0.26936385537478846,0.12513632451013712,0.015989018035693525,1
2020-04-30,HEROMOTOCO.NS,-0.10164742513090652,0.3571985625312015,-0.33808316655327975,0.11924306904759839,-0.10939513347616658,0.08960616386576015,0.015989018035693525,1
2020-04-30,BPCL.NS,0.051992391757771816,0.16756087248064166,-0.09898283117121676,0.13675664194429626,-0.1459486411742873,-0.07351358529051555,0.015989018035693525,0
2020-04-30,INDUSINDBK.NS,-0.7070497064965622,0.3326218450006715,-0.7801699749989539,0.2308404210492936,-0.6281129808211272,-0.1591370134171014,0.015989018035693525,0
2020-04-30,APOLLOHOSP.NS,0.15289462558357902,0.2241341848935423,-0.0581958744303499,0.1305753347676429,-0.1586097994937039,-0.026822611247631856,0.015989018035693525,0
2020-04-30,TATACONSUM.NS,0.6989042985164542,0.1924707729956252,0.4246926104935964,0.13768951182577238,-0.08294214697784008,0.043515302920906995,0.015989018035693525,1
2020-04-30,SBILIFE.NS,0.1359692249938591,0.13393116594514964,0.001797339300583456,0.1235570583850996,-0.2688362264083404,0.057508555311313714,0.015989018035693525,1
2020-04-30,HDFCLIFE.NS,0.23853668724984112,0.13526676440041108,0.09096533615512992,0.1356476876486196,-0.16380170514963965,0.04420712241080449,0.015989018035693525,1
2020-05-31,RELIANCE.NS,0.11803520249301558,0.008377237679095817,0.10874696563590724,0.13949839306509024,0.11261910507534711,0.16368473062621436,0.053093566699045525,1
2020-05-31,TCS.NS,-0.06338800868235883,-0.02089895149678256,-0.043395987830398663,0.11347659236719182,-0.006694166002217616,0.058772666938058826,0.053093566699045525,1
2020-05-31,HDFCBANK.NS,-0.20861239342432947,-0.05005982391231345,-0.1669079522091721,0.12099166652979175,-0.19190765463113957,0.12000198263756623,0.053093566699045525,1
2020-05-31,INFY.NS,-0.025088214813365428,-0.021095451721968583,-0.004078807375469284,0.11978900863182235,-0.04276876348285408,0.06505056598140269,0.053093566699045525,1
2020-05-31,ICICIBANK.NS,-0.21463065918933755,-0.1267919752443929,-0.10059307914574989,0.1590674229105539,-0.3324283407975229,0.058743818929005265,0.053093566699045525,1
2020-05-31,HINDUNILVR.NS,0.16465740390735428,-0.06271087543179787,0.24258072923218643,0.11484790564258357,-0.05398326787164376,0.06684722653489406,0.053093566699045525,1
2020-05-31,BHARTIARTL.NS,0.5842887028063224,0.07447005036237919,0.47448381857828426,0.13818931198518505,0.05558733146158046,0.0131198607918388,0.053093566699045525,0
2020-05-31,ITC.NS,-0.2915094641216385,0.0840429437755581,-0.3464368363389776,0.12784354995426755,-0.0010122686665406944,-0.013681279205604358,0.053093566699045525,0
2020-05-31,LT.NS,-0.38523058964961,0.03866095246895451,-0.4081134860330995,0.12188300700916548,-0.20398644316348924,0.012228339813168176,0.053093566699045525,0
2020-05-31,KOTAKBANK.NS,-0.19544078645479357,-0.09814320927218967,-0.10788583972859311,0.13368918707131114,-0.24460763203897207,0.1114787768785177,0.053093566699045525,1
2020-05-31,AXISBANK.NS,-0.5231621216414142,-0.13474935880723504,-0.44890202253851497,0.1896171567537033,-0.44794203844772185,0.05637103959434442,0.053093566699045525,1
2020-05-31,SBIN.NS,-0.5424113117973557,-0.153280777238752,-0.4595744658891817,0.1435660009602301,-0.4676567285714598,0.10632347884426463,0.053093566699045525,1
2020-05-31,BAJFINANCE.NS,-0.43423246313447517,-0.1572191862232576,-0.3286895861687237,0.17233591175123172,-0.5615301193699237,0.44908243501601297,0.053093566699045525,1
2020-05-31,ASIANPAINT.NS,0.20949519588522159,-0.04298633192760293,0.2638222799067951,0.10440252409663821,-0.06011734915693223,0.002584602670887781,0.053093566699045525,0
2020-05-31,MARUTI.NS,-0.1718797832971729,0.04702553787035102,-0.2090735261460548,0.1494028121079418,-0.10700131808593727,0.04054677412956509,0.053093566699045525,0
2020-05-31,HCLTECH.NS,0.014308549824561867,0.012326614377878187,0.001957802371818307,0.11422171429474774,0.029755913555492564,0.011994485829251778,0.053093566699045525,0
2020-05-31,SUNPHARMA.NS,0.17305698335628938,0.02110026645344809,0.14881664601912914,0.11360668529496741,0.2717887086009845,-0.0027411433335697843,0.053093566699045525,0
2020-05-31,TITAN.NS,-0.27651999579975006,-0.08252147129785847,-0.21144748180245754,0.12740397336338977,-0.29055386012117446,0.0672470329045256,0.053093566699045525,1
2020-05-31,ULTRACEMCO.NS,-0.17756824538023153,0.10484392877096904,-0.25561273117132177,0.11936060456021282,-0.07459225299328642,-0.002893836121969473,0.053093566699045525,0
2020-05-31,WIPRO.NS,-0.2539834816021481,0.11442790727430041,-0.33058341995178464,0.10574444630947472,-0.039060660517361456,0.03218985408357211,0.053093566699045525,0
2020-05-31,ADANIENT.NS,-0.031711773448652836,0.04915151269956275,-0.07707493643139018,0.1408811335632474,-0.3167076473637145,0.05325245932267064,0.053093566699045525,1
2020-05-31,NESTLEIND.NS,0.5581715111597312,-0.02141478298319499,0.5922696195123218,0.11348167188572483,0.11166527330489662,-0.0172600653431334,0.053093566699045525,0
2020-05-31,POWERGRID.NS,-0.12675285562354976,-0.02776872221298654,-0.10181130320747367,0.09798737430785703,-0.10000848749241542,0.10980618256782648,0.053093566699045525,1
2020-05-31,NTPC.NS,-0.24581244680270375,0.029458262438113225,-0.2673937538651453,0.10882109333134156,-0.07585418670694477,-0.02095040436604778,0.053093566699045525,0
2020-05-31,TECHM.NS,-0.2775469484286289,-0.028924411543109985,-0.25602799600863035,0.1244214991010334,-0.27770965810259773,0.024413379750924058,0.053093566699045525,0
2020-05-31,BAJAJFINSV.NS,-0.4615488123590926,-0.13703012315928154,-0.37604868710812334,0.14815857317259504,-0.5130378955694277,0.32696537330599273,0.053093566699045525,1
2020-05-31,JSWSTEEL.NS,-0.3114593334765502,0.019651421693508864,-0.32472936154997656,0.1690482176985072,-0.21849805862684302,0.02795874407625054,0.053093566699045525,0
2020-05-31,ONGC.NS,-0.47698036714025593,0.041301573970537575,-0.49772511063683234,0.16143097787246283,-0.02798556791123974,-0.02223592021236498,0.053093566699045525,0
2020-05-31,TATASTEEL.NS,-0.37965013203592113,-0.01039224251933868,-0.37313560521861444,0.1535377379374821,-0.2267190572552078,0.10670727293951043,0.053093566699045525,1
2020-05-31,COALINDIA.NS,-0.3923309638034358,-0.048484693985355154,-0.3613670401774792,0.1234963972680329,-0.08524854760393508,-0.05980188577212742,0.053093566699045525,0
2020-05-31,HINDALCO.NS,-0.29034595205571023,0.066436381900838,-0.3345556659653829,0.17710021981500945,-0.10936498621343538,0.05293467407542041,0.053093566699045525,0
2020-05-31,GRASIM.NS,-0.32869592236075307,0.16696386046607126,-0.4247430444237269,0.143193149292852,-0.14260765192181157,0.05176503608566141,0.053093566699045525,0
2020-05-31,ADANIPORTS.NS,-0.21337473034078758,0.11616691425626247,-0.2952440539026674,0.12677246891203442,-0.04331230980996714,0.062075334707758056,0.053093566699045525,1
2020-05-31,DRREDDY.NS,0.5317130832842343,0.03428354485826146,0.4809411702418034,0.10857006955665555,0.39088181198224103,-0.03102244517937125,0.053093566699045525,0
2020-05-31,CIPLA.NS,0.17873726793724742,0.09930471374482464,0.07225708504590367,0.11225342678734157,0.6287911691560608,-0.012188596660603568,0.053093566699045525,0
2020-05-31,BRITANNIA.NS,0.17595160227081186,0.06731416441304305,0.1017858110386014,0.10400293705345261,0.1501872381439917,0.06657610108533119,0.053093566699045525,1
2020-05-31,EICHERMOT.NS,-0.15770138978768233,0.12513632451013712,-0.25138083993596205,0.13943770838802869,0.004624774829920186,0.10791662585357398,0.053093566699045525,1
2020-05-31,HEROMOTOCO.NS,-0.08265070539991803,0.08960616386576015,-0.15809094604837437,0.1387902744791986,0.15065179497396963,0.07882765644449474,0.053093566699045525,1
2020-05-31,BPCL.NS,-0.09558244830019358,-0.07351358529051555,-0.023819953168550345,0.1457659534900477,-0.15194203657520633,0.09101515091991375,0.053093566699045525,1
2020-05-31,INDUSINDBK.NS,-0.7534924977966824,-0.1591370134171014,-0.7068398703038703,0.24719362564081448,-0.6434491429259692,0.20614750123949,0.053093566699045525,1
2020-05-31,APOLLOHOSP.NS,0.10177389354426092,-0.026822611247631856,0.13214086792209168,0.1371982040642869,-0.21825684562312497,-0.005232227446619553,0.053093566699045525,0
2020-05-31,TATACONSUM.NS,0.503688413898542,0.043515302920906995,0.4409835770396111,0.1388562966856237,0.05994511222123999,0.06368498582878623,0.053093566699045525,1
2020-05-31,SBILIFE.NS,0.10716603522572798,0.057508555311313714,0.04695704792647848,0.13046903667267062,-0.13673637410579498,0.049177185370033794,0.053093566699045525,0
2020-05-31,HDFCLIFE.NS,0.18464841434831802,0.04420712241080449,0.1344956272786868,0.1428011806658483,-0.038411994877535105,0.049311935434392495,0.053093566699045525,0
2020-06-30,RELIANCE.NS,0.3810380457742757,0.16368473062621436,0.18678024161329065,0.14549074440350898,0.5445596041530996,0.21795186906337083,0.08550078449782217,1
2020-06-30,TCS.NS,-0.029838511936383427,0.058772666938058826,-0.08369235591498925,0.11412937707031849,0.1435684566244786,0.09815193591453486,0.08550078449782217,1
2020-06-30,HDFCBANK.NS,-0.12575176039737013,0.12000198263756623,-0.2194225964280837,0.13255137554020321,0.23662826836514572,-0.031008100157069785,0.08550078449782217,0
2020-06-30,INFY.NS,0.03190957716707721,0.06505056598140269,-0.031116821935855632,0.12748845173326112,0.1628495608772622,0.3125891444730118,0.08550078449782217,1
2020-06-30,ICICIBANK.NS,-0.19398614764050093,0.058743818929005265,-0.23870738326969465,0.17255733537567164,0.08555988010383464,-0.013230941938347507,0.08550078449782217,0
2020-06-30,HINDUNILVR.NS,0.23421684978802304,0.06684722653489406,0.15688246553983487,0.11825502503744519,-0.04508263394221501,0.018050092911451987,0.08550078449782217,0
2020-06-30,BHARTIARTL.NS,0.6150296147571956,0.0131198607918388,0.5941150472510859,0.13883887455716767,0.2697890873344728,-0.00893089618146825,0.08550078449782217,0
2020-06-30,ITC.NS,-0.2892093654070672,-0.013681279205604358,-0.2793499508754619,0.13547271072524383,0.13366339201158417,0.05079838129964931,0.08550078449782217,0
2020-06-30,LT.NS,-0.37597015989394933,0.012228339813168176,-0.3835088234921077,0.12997003058605652,0.16716121348160184,-0.0320032402240823,0.08550078449782217,0
2020-06-30,KOTAKBANK.NS,-0.07847580477339822,0.1114787768785177,-0.17090257196397873,0.14931723565405766,0.04968957096774762,0.0038957051621668626,0.08550078449782217,0
2020-06-30,AXISBANK.NS,-0.4964379872033936,0.05637103959434442,-0.5233095248521973,0.20233433677250937,0.0729550630344935,0.06147786890768159,0.08550078449782217,0
2020-06-30,SBIN.NS,-0.5060208175651904,0.10632347884426463,-0.5534948033907302,0.15250700645171172,-0.09347217254131601,0.07284963308110948,0.08550078449782217,0
2020-06-30,BAJFINANCE.NS,-0.22781765287969613,0.44908243501601297,-0.46712324401905336,0.1976128357851313,0.2776423091723985,0.14846344870572792,0.08550078449782217,1
2020-06-30,ASIANPAINT.NS,0.24976180586517605,0.002584602670887781,0.24653999526404835,0.1115492091569955,0.012571370708839735,0.017522838418605025,0.08550078449782217,0
2020-06-30,MARUTI.NS,-0.09410067023680702,0.04054677412956509,-0.1294006648370103,0.15597815159588913,0.36144861307256515,0.07270094062004162,0.08550078449782217,0
2020-06-30,HCLTECH.NS,0.053374332305170746,0.011994485829251778,0.04088939915716172,0.11835032619361346,0.27600811211050646,0.2703171074755333,0.08550078449782217,1
2020-06-30,SUNPHARMA.NS,0.1958086688694538,-0.0027411433335697843,0.19909556167465126,0.1180269520663631,0.3424640713066047,0.12422027326175766,0.08550078449782217,1
2020-06-30,TITAN.NS,-0.28511134149949746,0.0672470329045256,-0.33015634013530637,0.13788350087335818,0.01729663419765859,0.09833142507665449,0.08550078449782217,1
2020-06-30,ULTRACEMCO.NS,-0.14318342150893948,-0.002893836121969473,-0.14069673869163912,0.12344797442943363,0.19991688934359875,0.06080076025839731,0.08550078449782217,0
2020-06-30,WIPRO.NS,-0.21377271167384304,0.03218985408357211,-0.2382919816391652,0.11361878467971333,0.1166750790990243,0.27908058069222474,0.08550078449782217,1
2020-06-30,ADANIENT.NS,0.048651616798198294,0.05325245932267064,-0.004368223861001996,0.14179724563501508,0.13553757354458207,0.12159982974369443,0.08550078449782217,1
2020-06-30,NESTLEIND.NS,0.4779966204471904,-0.0172600653431334,0.5039549817045419,0.114069029779485,0.057509621103298825,-0.037977816203961234,0.08550078449782217,0
2020-06-30,POWERGRID.NS,-0.1133046949800367,0.10980618256782648,-0.20103589352118933,0.10900142370130946,0.09899429085666855,0.01973138078465242,0.08550078449782217,0
2020-06-30,NTPC.NS,-0.30392591626082266,-0.02095040436604778,-0.2890308245432073,0.11610462447793103,0.13776711689536647,-0.09185808167243337,0.08550078449782217,0
2020-06-30,TECHM.NS,-0.20361184494163254,0.024413379750924058,-0.22259102545888143,0.13138561310002858,-0.039080231154839606,0.26464902535557466,0.08550078449782217,1
2020-06-30,BAJAJFINSV.NS,-0.31371488993233676,0.32696537330599273,-0.4828161127084597,0.17245261987754,0.27312031425104566,0.06171793213682575,0.08550078449782217,0
2020-06-30,JSWSTEEL.NS,-0.30474729505528675,0.02795874407625054,-0.32365699601156206,0.17186910411190479,0.2947010281926228,0.17550193744580622,0.08550078449782217,1
2020-06-30,ONGC.NS,-0.475806420758494,-0.02223592021236498,-0.4638854197268547,0.1681822071680985,0.19106839465372283,-0.03749207077837946,0.08550078449782217,0
2020-06-30,TATASTEEL.NS,-0.33536815559574273,0.10670727293951043,-0.39945109185111116,0.15703391493809235,0.21179526204508292,0.12121216337878438,0.08550078449782217,1
2020-06-30,COALINDIA.NS,-0.42934611255550725,-0.05980188577212742,-0.393049317150422,0.131037635817872,-0.05141004969261398,-0.02709814165538804,0.08550078449782217,0
2020-06-30,HINDALCO.NS,-0.2890498995733316,0.05293467407542041,-0.32479182428772024,0.18536512234873478,0.5276904686247923,0.11559528215797621,0.08550078449782217,1
2020-06-30,GRASIM.NS,-0.315573142696999,0.05176503608566141,-0.34925878516534226,0.14740762327109044,0.3016173263503439,0.021542731845105578,0.08550078449782217,0
2020-06-30,ADANIPORTS.NS,-0.15191716445357972,0.062075334707758056,-0.20148523571561916,0.12552361748287472,0.36848386707746883,-0.0834543993874356,0.08550078449782217,0
2020-06-30,DRREDDY.NS,0.5586250759722269,-0.03102244517937125,0.6085254691588291,0.11184432739090477,0.2641030828492894,0.15341829018484687,0.08550078449782217,1
2020-06-30,CIPLA.NS,0.17573110942821524,-0.012188596660603568,0.1902384457736943,0.1156651790923796,0.5141302931513108,0.1247949291278232,0.08550078449782217,1
2020-06-30,BRITANNIA.NS,0.3357261144053021,0.06657610108533119,0.25234956328581526,0.10730686711209286,0.3550750265502014,0.060991162641225394,0.08550078449782217,0
2020-06-30,EICHERMOT.NS,-0.02735939132613663,0.10791662585357398,-0.12209945588233195,0.14095966819827455,0.40000324591459613,0.12568783480400114,0.08550078449782217,1
2020-06-30,HEROMOTOCO.NS,0.027519342971200844,0.07882765644449474,-0.047559323462647796,0.14378302519749073,0.5953831972462227,0.06040066230909047,0.08550078449782217,0
2020-06-30,BPCL.NS,0.0292250259394089,0.09101515091991375,-0.05663544170619916,0.1558343563752266,0.1801830409831282,0.10641732779049473,0.08550078449782217,1
2020-06-30,INDUSINDBK.NS,-0.6616024051839222,0.20614750123949,-0.7194392937279017,0.2684407065491252,0.35155145866052795,0.10309603657613309,0.08550078449782217,1
2020-06-30,APOLLOHOSP.NS,-0.0010770695019658438,-0.005232227446619553,0.00417701302685769,0.13549382287164743,0.18506655849981568,0.24058220427271215,0.08550078449782217,1
2020-06-30,TATACONSUM.NS,0.4470373450669016,0.06368498582878623,0.3604002729618494,0.13826512846377384,0.3236086443943136,0.10478762764176985,0.08550078449782217,1
2020-06-30,SBILIFE.NS,0.11434299509485046,0.049177185370033794,0.06211134842951549,0.13362026655599238,0.2581123330709547,0.13193626400076797,0.08550078449782217,1
2020-06-30,HDFCLIFE.NS,0.18306213319007147,0.049311935434392495,0.12746466826407477,0.14865041080322464,0.24391065463964057,0.1422585735538795,0.08550078449782217,1
2020-07-31,RELIANCE.NS,0.807298478548006,0.21795186906337083,0.4838833327115415,0.1510571974889033,0.429185152094705,0.006579288814271278,0.032762304201321535,0
2020-07-31,TCS.NS,0.07326265381064978,0.09815193591453486,-0.022664698107696224,0.11848463378388367,0.13839418397271097,-0.010585027034422545,0.032762304201321535,0
2020-07-31,HDFCBANK.NS,-0.08058678261966978,-0.031008100157069785,-0.05116521868824342,0.13827061892045298,0.03094428126687876,0.08041243777192664,0.032762304201321535,1
2020-07-31,INFY.NS,0.24925908290676935,0.3125891444730118,-0.04824819848077333,0.1379124466358603,0.36848292217881573,-0.038716483938674884,0.032762304201321535,0
2020-07-31,ICICIBANK.NS,-0.18323127313520549,-0.013230941938347507,-0.17227975462748701,0.1821360832162531,-0.08772845458896228,0.13783151476508548,0.032762304201321535,1
2020-07-31,HINDUNILVR.NS,0.3008483550336678,0.018050092911451987,0.27778423094433435,0.12259277209274035,0.01799339058245697,-0.041879690352476295,0.032762304201321535,0
2020-07-31,BHARTIARTL.NS,0.6435131773750253,-0.00893089618146825,0.6583234923202272,0.13698481722313324,0.07884506945032421,-0.07192483692284324,0.032762304201321535,0
2020-07-31,ITC.NS,-0.2430128721005127,0.05079838129964931,-0.27960763799119115,0.14002416274504761,0.12352608081652106,-0.015709341532611387,0.032762304201321535,0
2020-07-31,LT.NS,-0.33234147902985645,-0.0320032402240823,-0.3102678141973323,0.12882162305596515,0.017715059248289977,0.043516999791912925,0.032762304201321535,1
2020-07-31,KOTAKBANK.NS,-0.10121415644970888,0.0038957051621668626,-0.10470197359286104,0.14994558458793206,0.006299716817568246,0.02606632013742094,0.032762304201321535,0
2020-07-31,AXISBANK.NS,-0.3596647134058175,0.06147786890768159,-0.39675116613300454,0.21694570397391444,-0.02978192730129392,0.1508166379669298,0.032762304201321535,1
2020-07-31,SBIN.NS,-0.4236905954246505,0.07284963308110948,-0.46282369233771326,0.15604719724022426,0.004986911614005773,0.10733870693983683,0.032762304201321535,1
2020-07-31,BAJFINANCE.NS,0.002067386169416041,0.14846344870572792,-0.12747124229447127,0.20900123230925394,0.4025711779810379,0.07274007963295981,0.032762304201321535,1
2020-07-31,ASIANPAINT.NS,0.13543265057096754,0.017522838418605025,0.11587927828294586,0.11477639950860115,-0.02369989323272248,0.10702417633734052,0.032762304201321535,1
2020-07-31,MARUTI.NS,0.16096031779610143,0.07270094062004162,0.0822777102489014,0.16142161815349468,0.1686851972822787,0.10198812519093536,0.032762304201321535,1
2020-07-31,HCLTECH.NS,0.37705145424796704,0.2703171074755333,0.08402181324987734,0.1259874763881044,0.3014004353059392,-0.015314748909032061,0.032762304201321535,0
2020-07-31,SUNPHARMA.NS,0.2630769692644861,0.12422027326175766,0.1235137804443398,0.12400398510029087,0.1447949480593691,-0.019670997355316744,0.032762304201321535,0
2020-07-31,TITAN.NS,-0.012401197679566489,0.09833142507665449,-0.10081895157328569,0.14203188458197524,0.0754600323466208,0.05893675376700691,0.032762304201321535,1
2020-07-31,ULTRACEMCO.NS,-0.04983297729153602,0.06080076025839731,-0.10429266427277484,0.12615649235536536,0.16862764788014695,-0.05184217824978943,0.032762304201321535,0
2020-07-31,WIPRO.NS,0.06326555964116443,0.27908058069222474,-0.16872668095255072,0.13249381344193045,0.47132790000130886,-0.03434804356804544,0.032762304201321535,0
2020-07-31,ADANIENT.NS,0.3702839780548415,0.12159982974369443,0.22172270511843406,0.1481014265439725,0.23939182638792578,0.5951499089842052,0.032762304201321535,1
2020-07-31,NESTLEIND.NS,0.45069025281846375,-0.037977816203961234,0.5079592521392717,0.11282762154141056,-0.07482829507668698,-0.03465958024314453,0.032762304201321535,0
2020-07-31,POWERGRID.NS,-0.11253737004347653,0.01973138078465242,-0.12970940516349727,0.11186662887478586,0.1002782116473806,0.0036455331381781697,0.032762304201321535,0
2020-07-31,NTPC.NS,-0.29393802598248264,-0.09185808167243337,-0.22252022534341276,0.11571568589518655,-0.08469221026776008,0.14216952961068996,0.032762304201321535,1
2020-07-31,TECHM.NS,0.09480220528053906,0.26464902535557466,-0.13430352348334795,0.13925288442590217,0.25805113079091346,0.08706810462250103,0.032762304201321535,1
2020-07-31,BAJAJFINSV.NS,-0.12517408260729568,0.06171793213682575,-0.17602793462099708,0.180293997691421,0.21580627105468353,-0.002505785159159446,0.032762304201321535,0
2020-07-31,JSWSTEEL.NS,-0.0626181691053751,0.17550193744580622,-0.20256887629516085,0.17005121467491824,0.2321136344863879,0.22497151233806667,0.032762304201321535,1
2020-07-31,ONGC.NS,-0.3904454252465528,-0.03749207077837946,-0.36670176291805356,0.16860371782242614,-0.020025174451945404,0.046615608033599765,0.032762304201321535,1
2020-07-31,TATASTEEL.NS,-0.1521814682966366,0.12121216337878438,-0.2438375542159179,0.1581828437465119,0.22795840359829778,0.15671578811504205,0.032762304201321535,1
2020-07-31,COALINDIA.NS,-0.3107981281081489,-0.02709814165538804,-0.2916018548216931,0.12576478992056636,-0.12962945061875142,0.03945828826522213,0.032762304201321535,1
2020-07-31,HINDALCO.NS,-0.13818895862463176,0.11559528215797621,-0.22748773219235463,0.1928596082632297,0.25268838138086647,0.13580612004187098,0.032762304201321535,1
2020-07-31,GRASIM.NS,-0.18930371036962668,0.021542731845105578,-0.20640002189032514,0.1531736620885181,0.25381272809133715,0.07239629814590742,0.032762304201321535,1
2020-07-31,ADANIPORTS.NS,-0.15591704506182225,-0.0834543993874356,-0.07906060061382314,0.1285842967334099,0.0865220518017833,0.12864832840117169,0.032762304201321535,1
2020-07-31,DRREDDY.NS,0.767333627228822,0.15341829018484687,0.5322573278646285,0.11631121387743924,0.15595297334640978,-0.056701531807954675,0.032762304201321535,0
2020-07-31,CIPLA.NS,0.39645131970549596,0.1247949291278232,0.2415163720450959,0.12463542067077939,0.22142126084406577,-0.009164582000628307,0.032762304201321535,0
2020-07-31,BRITANNIA.NS,0.49265010698206346,0.060991162641225394,0.4068449950763666,0.11424858732111536,0.20780239849985338,-0.004305160643883199,0.032762304201321535,0
2020-07-31,EICHERMOT.NS,0.27242584552933957,0.12568783480400114,0.13035408768620815,0.14432673490898365,0.40323432076617505,0.013629690692587904,0.032762304201321535,0
2020-07-31,HEROMOTOCO.NS,0.17881108076123153,0.06040066230909047,0.11166573415212211,0.1504332997707882,0.24649807751162855,0.12312729575610826,0.032762304201321535,1
2020-07-31,BPCL.NS,0.29349761239243066,0.10641732779049473,0.1690865461909692,0.17343656705302682,0.11837849082242369,-0.014500037996460269,0.032762304201321535,0
2020-07-31,INDUSINDBK.NS,-0.6273358342437652,0.10309603657613309,-0.6621652572400349,0.2747034465977353,0.11876528429291078,0.20324582813532133,0.032762304201321535,1
2020-07-31,APOLLOHOSP.NS,0.2462144515741278,0.24058220427271215,0.004540003300077533,0.139624114520309,0.20098964761892746,-0.023916022972033657,0.032762304201321535,0
2020-07-31,TATACONSUM.NS,0.713676732470671,0.10478762764176985,0.5511367882790368,0.13181344548290588,0.22628284674269095,0.24366291883865876,0.032762304201321535,1
2020-07-31,SBILIFE.NS,0.14456778592176156,0.13193626400076797,0.011159216576689612,0.14177410910528435,0.2558989617351366,-0.0932245120605093,0.032762304201321535,0
2020-07-31,HDFCLIFE.NS,0.2707193108456831,0.1422585735538795,0.11246204691826223,0.15137541139718055,0.25157157291359344,-0.08339980552437265,0.032762304201321535,0
2020-08-31,RELIANCE.NS,0.6891359054581367,0.006579288814271278,0.6780952322671994,0.1523855226227837,0.4266368976063877,0.07384542888339807,-0.024990530751283657,1
2020-08-31,TCS.NS,0.03657141067947456,-0.010585027034422545,0.04766092994585969,0.1114650061234123,0.15038611436624283,0.10413110496326206,-0.024990530751283657,1
2020-08-31,HDFCBANK.NS,0.001683206025620665,0.08041243777192664,-0.07286960885850657,0.14138782736255875,0.1725422844182969,-0.03338256234889281,-0.024990530751283657,0
2020-08-31,INFY.NS,0.1695766770328928,-0.038716483938674884,0.21668233928010006,0.13243038459617806,0.3438491806131607,0.08577434370623438,-0.024990530751283657,1
2020-08-31,ICICIBANK.NS,-0.03673870573080584,0.13783151476508548,-0.15342361169521024,0.18310170480012297,0.18873313685206283,-0.10098825529772604,-0.024990530751283657,0
2020-08-31,HINDUNILVR.NS,0.14354813990418824,-0.041879690352476295,0.19353292941350997,0.10972366711852598,0.040618222315694785,-0.023189346420104284,-0.024990530751283657,1
2020-08-31,BHARTIARTL.NS,0.4848399180739631,-0.07192483692284324,0.5999134306652261,0.13309363992210702,-0.06814590743835836,-0.1795946253418369,-0.024990530751283657,0
2020-08-31,ITC.NS,-0.18044055247198454,-0.015709341532611387,-0.16736033154665053,0.1262973424630824,0.02014060627577896,-0.1015174820000202,-0.024990530751283657,0
2020-08-31,LT.NS,-0.2723132474253246,0.043516999791912925,-0.3026594174126699,0.1304502916657215,0.022473178321938958,-0.04587561763845116,-0.024990530751283657,0
2020-08-31,KOTAKBANK.NS,-0.021027663736354563,0.02606632013742094,-0.045897602279225236,0.15706397491903812,0.14489379911090472,-0.09501547124057164,-0.024990530751283657,0
2020-08-31,AXISBANK.NS,-0.251769876783009,0.1508166379669298,-0.3498268112122199,0.2222378732870326,0.290427359844198,-0.1451434815262006,-0.024990530751283657,0
2020-08-31,SBIN.NS,-0.2258535237718542,0.10733870693983683,-0.30089459406009356,0.15302318945616708,0.31432106096392465,-0.12547171835004756,-0.024990530751283657,0
2020-08-31,BAJFINANCE.NS,0.049007045474329214,0.07274007963295981,-0.02212375076612305,0.20997263269012598,0.7852735759559526,-0.059980405986249874,-0.024990530751283657,0
2020-08-31,ASIANPAINT.NS,0.18298999913434466,0.10702417633734052,0.06862164749494615,0.11732907504273726,0.12933373640212498,0.04596916256894468,-0.024990530751283657,1
2020-08-31,MARUTI.NS,0.12700161084123862,0.10198812519093536,0.02269850743261781,0.16206658237816166,0.23003419010298254,-0.014108218647931325,-0.024990530751283657,1
2020-08-31,HCLTECH.NS,0.27249963649358966,-0.015314748909032061,0.29229074476716477,0.12343712631043895,0.26586597270945656,0.1720266997352613,-0.024990530751283657,1
2020-08-31,SUNPHARMA.NS,0.1656393596584227,-0.019670997355316744,0.18902874087558175,0.1259240992031862,0.09908470943962655,-0.03805852715269864,-0.024990530751283657,0
2020-08-31,TITAN.NS,-0.00032961154935451376,0.05893675376700691,-0.0559678045978953,0.14030317299316122,0.2412760842156072,0.0916401446713686,-0.024990530751283657,1
2020-08-31,ULTRACEMCO.NS,-0.03358431506622128,-0.05184217824978943,0.01925614361316552,0.12976880807573077,0.0028958988657359352,0.037322144923433775,-0.024990530751283657,1
2020-08-31,WIPRO.NS,0.07073606011486855,-0.03434804356804544,0.10882192386498724,0.12746193664768685,0.27490585610350826,0.15573171716096912,-0.024990530751283657,1
2020-08-31,ADANIENT.NS,1.0497421699356844,0.5951499089842052,0.2849840371686223,0.1759052436920947,0.8843948992375994,0.06277948242396647,-0.024990530751283657,1
2020-08-31,NESTLEIND.NS,0.24819125837942413,-0.03465958024314453,0.29300631449143255,0.1044205084703861,-0.08735015975364002,-0.0019372061899864956,-0.024990530751283657,1
2020-08-31,POWERGRID.NS,-0.07463299902068399,0.0036455331381781697,-0.0779942017119356,0.10960285860712389,0.1358298560839688,-0.07140920707479137,-0.024990530751283657,0
2020-08-31,NTPC.NS,-0.17800187175651394,0.14216952961068996,-0.2803186331510128,0.12439087531603121,0.01552117826663224,-0.11721975625441083,-0.024990530751283657,0
2020-08-31,TECHM.NS,0.09164089650130358,0.08706810462250103,0.004206536701203634,0.13685831922713015,0.4083221476510066,0.06848864732182003,-0.024990530751283657,1
2020-08-31,BAJAJFINSV.NS,-0.13002590535265812,-0.002505785159159446,-0.1278404609232202,0.1780241340009812,0.4053326243369042,-0.05460110046906452,-0.024990530751283657,0
2020-08-31,JSWSTEEL.NS,0.2538780051463767,0.22497151233806667,0.02359768575608512,0.16030945997174972,0.4802157581483917,0.02946627682599212,-0.024990530751283657,1
2020-08-31,ONGC.NS,-0.2736477079404567,0.046615608033599765,-0.30599898713126683,0.16402288612875524,-0.015024106813058768,-0.15497271663591405,-0.024990530751283657,0
2020-08-31,TATASTEEL.NS,0.22848643176869432,0.15671578811504205,0.06204691281218522,0.14860654913263585,0.43531501431106245,-0.12893459780930505,-0.024990530751283657,0
2020-08-31,COALINDIA.NS,-0.2072134796826659,0.03945828826522213,-0.23730800045816625,0.12011679322531814,-0.049186202578680116,-0.1365836223557756,-0.024990530751283657,0
2020-08-31,HINDALCO.NS,0.004337174546052314,0.13580612004187098,-0.11574946038411205,0.18936912041597073,0.33417347178430434,-0.049134651077063274,-0.024990530751283657,0
2020-08-31,GRASIM.NS,-0.04510801451663893,0.07239629814590742,-0.10957172536468318,0.1530057999905004,0.15220717086847957,0.10276352715525006,-0.024990530751283657,1
2020-08-31,ADANIPORTS.NS,-0.016457160041911445,0.12864832840117169,-0.12856572307924974,0.13058678807899843,0.09867196552248436,-0.03935351986441682,-0.024990530751283657,0
2020-08-31,DRREDDY.NS,0.678269981602075,-0.056701531807954675,0.7791505426895249,0.10963879597937955,0.05426473666767895,0.2164515015186652,-0.024990530751283657,1
2020-08-31,CIPLA.NS,0.5261335280793165,-0.009164582000628307,0.5402492688046847,0.13084186844674228,0.10090262545956175,0.0856981840273372,-0.024990530751283657,1
2020-08-31,BRITANNIA.NS,0.42480359737350293,-0.004305160643883199,0.43096412781939986,0.11559373964074547,0.12675597799229177,0.019350251702568544,-0.024990530751283657,1
2020-08-31,EICHERMOT.NS,0.2968764373903614,0.013629690692587904,0.2794380919369459,0.14894856821926958,0.2641667854308323,0.052963724373541465,-0.024990530751283657,1
2020-08-31,HEROMOTOCO.NS,0.21279527217226946,0.12312729575610826,0.07983776794935382,0.15122348658809887,0.2848459024808718,0.04698861266794685,-0.024990530751283657,1
2020-08-31,BPCL.NS,0.21077683344888887,-0.014500037996460269,0.22859145624659094,0.16799995677221313,0.18961481000957403,-0.1342567812903187,-0.024990530751283657,0
2020-08-31,INDUSINDBK.NS,-0.5484865483543241,0.20324582813532133,-0.6247537775839294,0.2840949023684186,0.6009143968371811,-0.16312268555755827,-0.024990530751283657,0
2020-08-31,APOLLOHOSP.NS,0.0901432373364639,-0.023916022972033657,0.11685394186655063,0.1449124552544422,0.20457664262027997,0.3162967725948107,-0.024990530751283657,1
2020-08-31,TATACONSUM.NS,0.9253822099476925,0.24366291883865876,0.5481543919839855,0.1371388938003363,0.46148551941014304,-0.060862091855498845,-0.024990530751283657,0
2020-08-31,SBILIFE.NS,-0.013055997133697317,-0.0932245120605093,0.08841054482955069,0.1359662029507331,0.07688811415320251,-0.01969200428139617,-0.024990530751283657,1
2020-08-31,HDFCLIFE.NS,0.03167893800029975,-0.08339980552437265,0.1255495517219556,0.1456149689949667,0.09862375242585908,-0.02679171508246303,-0.024990530751283657,0
2020-09-30,RELIANCE.NS,0.6999126234710644,0.07384542888339807,0.5830142567526326,0.11366111448291698,0.3164970467100676,-0.08049338792608818,0.030676204909653282,0
2020-09-30,TCS.NS,0.23190452005954176,0.10413110496326206,0.11572304640446762,0.0947635211405524,0.1996693258647393,0.07379173317764987,0.030676204909653282,1
2020-09-30,HDFCBANK.NS,-0.1212677344692017,-0.03338256234889281,-0.09092032555699703,0.10843877498260197,0.011962332274513043,0.09730222014421797,0.030676204909653282,1
2020-09-30,INFY.NS,0.28447668165086104,0.08577434370623438,0.1830051880452126,0.10412610239820592,0.36999782801476266,0.06322201940866012,0.030676204909653282,1
2020-09-30,ICICIBANK.NS,-0.18203828559692503,-0.10098825529772604,-0.09015458449437763,0.1527479879714773,0.009389648600575562,0.10669480145106891,0.030676204909653282,1
2020-09-30,HINDUNILVR.NS,0.06064168557583538,-0.023189346420104284,0.08582116880964485,0.08277205874020813,-0.04720475379696165,0.007957685276134496,0.030676204909653282,0
2020-09-30,BHARTIARTL.NS,0.15096473353495798,-0.1795946253418369,0.40292198111760125,0.11956997007595192,-0.24540211329264017,0.030407354369207162,0.030676204909653282,0
2020-09-30,ITC.NS,-0.30387994394950235,-0.1015174820000202,-0.22522693307371244,0.09343372431537901,-0.07070759044047947,-0.037565616987916495,0.030676204909653282,0
2020-09-30,LT.NS,-0.3744556374115512,-0.04587561763845116,-0.3443786007856052,0.09893290040036858,-0.03621885361584043,0.0309450554500994,0.030676204909653282,1
2020-09-30,KOTAKBANK.NS,-0.22879993649037778,-0.09501547124057164,-0.14783066560618519,0.12159957112751131,-0.06780840370358354,0.22015458338578986,0.030676204909653282,1
2020-09-30,AXISBANK.NS,-0.380073055887978,-0.1451434815262006,-0.27481755041326006,0.18354801616137728,0.044263993268273794,0.15977870361069058,0.030676204909653282,1
2020-09-30,SBIN.NS,-0.3153619085090619,-0.12547171835004756,-0.2171344187986154,0.12257582006202607,0.03894652961886935,0.02076591654601523,0.030676204909653282,0
2020-09-30,BAJFINANCE.NS,-0.18781635000634778,-0.059980405986249874,-0.13599285039820985,0.17117408116846103,0.158106745014162,0.009272161280758917,0.030676204909653282,0
2020-09-30,ASIANPAINT.NS,0.1348857828708787,0.04596916256894468,0.08500883533081494,0.09489237891760828,0.17820307570906224,0.11502012646289872,0.030676204909653282,1
2020-09-30,MARUTI.NS,0.013149385527960522,-0.014108218647931325,0.027647663457048166,0.1292125688858762,0.1654263210022504,0.0328762996080485,0.030676204909653282,1
2020-09-30,HCLTECH.NS,0.5186613075926216,0.1720266997352613,0.2957565795520345,0.1109737939739117,0.4660442710674564,0.04218142466492303,0.030676204909653282,1
2020-09-30,SUNPHARMA.NS,0.29675964942980726,-0.03805852715269864,0.3480650185415748,0.10666503064431672,0.06016121803763563,-0.06933762534922772,0.030676204909653282,0
2020-09-30,TITAN.NS,-0.05268926941375773,0.0916401446713686,-0.13221336242501025,0.12192898445309754,0.26964682250042293,-0.029633362099647176,0.030676204909653282,0
2020-09-30,ULTRACEMCO.NS,-0.06425174742785211,0.037322144923433775,-0.0979193328209369,0.09755814852657514,0.043345395539623466,0.1295205190437272,0.030676204909653282,1
2020-09-30,WIPRO.NS,0.3128265875875025,0.15573171716096912,0.13592676232199774,0.10722113521542037,0.42749817629362585,0.08658914340726054,0.030676204909653282,1
2020-09-30,ADANIENT.NS,1.0514676022120946,0.06277948242396647,0.930285290729501,0.14731085957751675,0.9014398855351351,0.14338624981491543,0.030676204909653282,1
2020-09-30,NESTLEIND.NS,0.1547864145129374,-0.0019372061899864956,0.15702781596000182,0.08467500020345797,-0.0731201437900374,0.08665054726713062,0.030676204909653282,1
2020-09-30,POWERGRID.NS,-0.13445334219818916,-0.07140920707479137,-0.06789226815915195,0.09099592303198417,-0.04963482520095053,0.05263138880691387,0.030676204909653282,1
2020-09-30,NTPC.NS,-0.24872718238545388,-0.11721975625441083,-0.14896960717320096,0.10823895494162135,-0.08433440218262156,0.029376816131299277,0.030676204909653282,0
2020-09-30,TECHM.NS,0.13236865331908776,0.06848864732182003,0.05978538579458359,0.10879318918763899,0.4689150457043578,0.06701736661166713,0.030676204909653282,1
2020-09-30,BAJAJFINSV.NS,-0.3121537749637202,-0.05460110046906452,-0.2724275167047918,0.13999372795188242,0.0012317904068330776,-0.04764770276724062,0.030676204909653282,0
2020-09-30,JSWSTEEL.NS,0.22065627059032145,0.02946627682599212,0.18571758790758874,0.1333755200058852,0.48238653955859045,0.11251131537629488,0.030676204909653282,1
2020-09-30,ONGC.NS,-0.43557628483309785,-0.15497271663591405,-0.33206450693531475,0.11645148054036429,-0.1487399461640554,-0.06281571279696097,0.030676204909653282,0
2020-09-30,TATASTEEL.NS,0.023785697761657287,-0.12893459780930505,0.17532586552843998,0.1194825230464626,0.12970546121959403,0.14120914929229933,0.030676204909653282,1
2020-09-30,COALINDIA.NS,-0.36721439460596583,-0.1365836223557756,-0.26711419683681625,0.0961669713370502,-0.12683487409687044,-0.015517356178491148,0.030676204909653282,0
2020-09-30,HINDALCO.NS,-0.07944714969366518,-0.049134651077063274,-0.0318788550355078,0.16397289909065962,0.2048414350927139,-0.02624830239427256,0.030676204909653282,0
2020-09-30,GRASIM.NS,0.02540016373237064,0.10276352715525006,-0.07015408246448818,0.1225798568177996,0.20807594868271595,0.04588813859013441,0.030676204909653282,1
2020-09-30,ADANIPORTS.NS,-0.16529330872799286,-0.03935351986441682,-0.13109899579895523,0.10051619820788153,-0.006251890038259655,0.052962855673355014,0.030676204909653282,1
2020-09-30,DRREDDY.NS,0.9321761028124584,0.2164515015186652,0.5883708478309699,0.10368130815136357,0.3235207725270579,-0.05766419706561665,0.030676204909653282,0
2020-09-30,CIPLA.NS,0.8397463153233715,0.0856981840273372,0.6945283158703783,0.12001433510961879,0.20999613611638535,-0.02607465587749236,0.030676204909653282,0
2020-09-30,BRITANNIA.NS,0.3327468753126823,0.019350251702568544,0.3074474382938184,0.08361971155389646,0.07686548442728158,-0.08554160321183646,0.030676204909653282,0
2020-09-30,EICHERMOT.NS,0.2497439776824375,0.052963724373541465,0.1868822721561183,0.12562784870380175,0.20146384263440287,-0.053204961879625534,0.030676204909653282,0
2020-09-30,HEROMOTOCO.NS,0.20748513099455912,0.04698861266794685,0.15329347080254618,0.12368415798459982,0.24692671799312094,-0.11041203846950587,0.030676204909653282,0
2020-09-30,BPCL.NS,-0.20786896792292742,-0.1342567812903187,-0.08502773691062993,0.13651743879438982,-0.056015900627951254,0.003965367298208067,0.030676204909653282,0
2020-09-30,INDUSINDBK.NS,-0.6188066508730208,-0.16312268555755827,-0.5445050994351015,0.20807418795976332,0.1107836642703619,0.11054213192908358,0.030676204909653282,1
2020-09-30,APOLLOHOSP.NS,0.5445720869086423,0.3162967725948107,0.17342237637173064,0.11730969501802407,0.5939200995165763,-0.013314208858015708,0.030676204909653282,0
2020-09-30,TATACONSUM.NS,0.8245782630958487,-0.060862091855498845,0.942822504844633,0.10864022564985858,0.29035990144477686,-0.014201416055451443,0.030676204909653282,0
2020-09-30,SBILIFE.NS,-0.04129263324129895,-0.01969200428139617,-0.022034533079645646,0.10427691927590428,0.006199947463006339,-0.05212884055544631,0.030676204909653282,0
2020-09-30,HDFCLIFE.NS,-0.06945008976096212,-0.02679171508246303,-0.043832728655935904,0.09645860845572014,0.01894365418174515,0.054254514710570856,0.030676204909653282,1
2020-10-31,RELIANCE.NS,0.4220743149958064,-0.08049338792608818,0.5465623589028603,0.09397312549278375,-0.0060955855697282235,-0.06069606882459422,0.10908489429550094,0
2020-10-31,TCS.NS,0.19661971197457095,0.07379173317764987,0.11438715255651921,0.08022426898655302,0.17305717226420003,0.005553665630235738,0.10908489429550094,0
2020-10-31,HDFCBANK.NS,-0.038037598070183476,0.09730222014421797,-0.12333868986122509,0.09572127830341522,0.14596263816770794,0.2173965263919102,0.10908489429550094,1
2020-10-31,INFY.NS,0.5848686655469721,0.06322201940866012,0.49062814409020605,0.08806986222137199,0.10972413829625705,0.037148797908324704,0.10908489429550094,0
2020-10-31,ICICIBANK.NS,-0.1521433456685295,0.10669480145106891,-0.2338839459444616,0.12561504185301922,0.13206455717117116,0.20568018212279537,0.10908489429550094,1
2020-10-31,HINDUNILVR.NS,-0.031001471697717164,0.007957685276134496,-0.03865157986585377,0.05840339992638033,-0.05665025955805214,0.03229849059363121,0.10908489429550094,0
2020-10-31,BHARTIARTL.NS,0.16314648826099165,0.030407354369207162,0.1288219977554843,0.10793727900506685,-0.21545005382682547,0.06801156026378252,0.10908489429550094,0
2020-10-31,ITC.NS,-0.3243095411622554,-0.037565616987916495,-0.29793607671925704,0.08155180300825336,-0.14885387839478947,0.17186067022372087,0.10908489429550094,1
2020-10-31,LT.NS,-0.35457276060320264,0.0309450554500994,-0.3739460352569315,0.09144370213949844,0.026455303043357636,0.2309088510824997,0.10908489429550094,1
2020-10-31,KOTAKBANK.NS,-0.017211843652728764,0.22015458338578986,-0.19453799565285723,0.10929536072073635,0.13300399928601414,0.23245436535304864,0.10908489429550094,1
2020-10-31,AXISBANK.NS,-0.33116041741959557,0.15977870361069058,-0.42330413509220843,0.1430432672630015,0.1409706936106967,0.22152278336000752,0.10908489429550094,1
2020-10-31,SBIN.NS,-0.3942061881755464,0.02076591654601523,-0.406530133887807,0.11259003270711322,-0.011491290253785813,0.2906209154952839,0.10908489429550094,1
2020-10-31,BAJFINANCE.NS,-0.17652039029877142,0.009272161280758917,-0.18408567947000642,0.14822457635750783,0.017746710921892506,0.48346940846812325,0.10908489429550094,1
2020-10-31,ASIANPAINT.NS,0.22996447715769608,0.11502012646289872,0.10308724297150329,0.08741547970677856,0.2910964676899326,0.001718385467342154,0.10908489429550094,0
2020-10-31,MARUTI.NS,-0.0703227775375872,0.0328762996080485,-0.0999142658078197,0.09719101611904953,0.12215919677188003,0.01014324640205344,0.10908489429550094,0
2020-10-31,HCLTECH.NS,0.4683341559133398,0.04218142466492303,0.40890455458408437,0.09163154932184897,0.20275803423544603,-0.02357649469599421,0.10908489429550094,0
2020-10-31,SUNPHARMA.NS,0.08446229397110061,-0.06933762534922772,0.16525855509957754,0.0884977193558341,-0.12236758208519327,0.09855068035489767,0.10908489429550094,0
2020-10-31,TITAN.NS,-0.12091568859639978,-0.029633362099647176,-0.09406993494156635,0.09726617977446793,0.12172236024715066,0.16766036792007788,0.10908489429550094,1
2020-10-31,ULTRACEMCO.NS,0.10747035189397569,0.1295205190437272,-0.01952170569545697,0.08664616008935962,0.11093437793609406,0.04983545657167099,0.10908489429550094,0
2020-10-31,WIPRO.NS,0.3192267764145744,0.08658914340726054,0.21409898526854687,0.10628249423397867,0.21267107327583412,0.02876451209839126,0.10908489429550094,0
2020-10-31,ADANIENT.NS,0.7135421894828033,0.14338624981491543,0.4986555853371344,0.14123152081556986,0.9383742421460037,0.17279935607031427,0.10908489429550094,1
2020-10-31,NESTLEIND.NS,0.16608129972603325,0.08665054726713062,0.07309686877595278,0.06919694525647425,0.04695558997106608,0.042382518883963494,0.10908489429550094,0
2020-10-31,POWERGRID.NS,-0.08568310775753818,0.05263138880691387,-0.1313987954712449,0.08806434542169063,-0.018972807277261916,0.1251463977781,0.10908489429550094,1
2020-10-31,NTPC.NS,-0.25761614160066615,0.029376816131299277,-0.2788026243009526,0.10053056582975568,0.03790488986351659,0.08105033690265029,0.10908489429550094,0
2020-10-31,TECHM.NS,0.16819984424509005,0.06701736661166713,0.09482739531665718,0.09838176422557333,0.23936193554020635,0.07813846187409501,0.10908489429550094,0
2020-10-31,BAJAJFINSV.NS,-0.31443480875464935,-0.04764770276724062,-0.28013488995890423,0.120398268935823,-0.10190327694914225,0.5715082542514243,0.10908489429550094,1
2020-10-31,JSWSTEEL.NS,0.369608481464337,0.11251131537629488,0.2310962257503706,0.11174019060091843,0.40295115344841603,0.1333334167985678,0.10908489429550094,1
2020-10-31,ONGC.NS,-0.5079878783815946,-0.06281571279696097,-0.47501027456746947,0.09534920928619704,-0.17113664983120647,0.2095528893593941,0.10908489429550094,1
2020-10-31,TATASTEEL.NS,0.10679683210191526,0.14120914929229933,-0.030154259814447193,0.10926683263343401,0.14985392636498807,0.4062843765380397,0.10908489429550094,1
2020-10-31,COALINDIA.NS,-0.400145184502692,-0.015517356178491148,-0.39069030900450863,0.0894705199343701,-0.11644128925348529,0.16767213296382866,0.10908489429550094,1
2020-10-31,HINDALCO.NS,-0.08715164908105844,-0.02624830239427256,-0.0625450480204921,0.1298803060084588,0.05165055063500623,0.32639936952060933,0.10908489429550094,1
2020-10-31,GRASIM.NS,0.018534737996467765,0.04588813859013441,-0.02615327546456292,0.10267655808594918,0.23686681511709917,0.12513651359516764,0.10908489429550094,1
2020-10-31,ADANIPORTS.NS,-0.0807807536258327,0.052962855673355014,-0.12701645511860016,0.10055148711199295,0.14165606925173768,0.1436708945912375,0.10908489429550094,1
2020-10-31,DRREDDY.NS,0.7678014863312257,-0.05766419706561665,0.8759782667987213,0.0849176935980631,0.08130850749708851,-0.012212103338870794,0.10908489429550094,0
2020-10-31,CIPLA.NS,0.6330738459605636,-0.02607465587749236,0.6767957172651042,0.10100384324013702,0.04769844950122004,-0.011795938626718683,0.10908489429550094,0
2020-10-31,BRITANNIA.NS,0.0984378622053137,-0.08554160321183646,0.20118954133215672,0.07089415424088596,-0.07185967318101572,0.04741935076050363,0.10908489429550094,0
2020-10-31,EICHERMOT.NS,-0.0673261138377178,-0.053204961879625534,-0.014914687328871357,0.10905817210508813,0.010528824703301076,0.2153096864980637,0.10908489429550094,1
2020-10-31,HEROMOTOCO.NS,0.07438273952294638,-0.11041203846950587,0.20773075399370455,0.10467140881373212,0.046067808767626284,0.11038267832140347,0.10908489429550094,1
2020-10-31,BPCL.NS,-0.2900541639869625,0.003965367298208067,-0.2928582407941148,0.12496850380827217,-0.14342687949190935,0.05233459714228217,0.10908489429550094,0
2020-10-31,INDUSINDBK.NS,-0.5539902300432187,0.11054213192908358,-0.5983855478026453,0.17102367498813775,0.11828165248390765,0.4643162334826554,0.10908489429550094,1
2020-10-31,APOLLOHOSP.NS,0.4323493857891405,-0.013314208858015708,0.4516773208331579,0.10030820592192352,0.2677098776623299,0.10778711026959842,0.10908489429550094,0
2020-10-31,TATACONSUM.NS,0.5660314903311405,-0.014201416055451443,0.5885917426102025,0.09639374022124636,0.1513841500364348,0.09161013982424482,0.10908489429550094,0
2020-10-31,SBILIFE.NS,-0.22425618967530903,-0.05212884055544631,-0.18159361365180504,0.08107503014116221,-0.1574190692823657,0.09998040144900755,0.10908489429550094,0
2020-10-31,HDFCLIFE.NS,-0.058208225276244474,0.054254514710570856,-0.10667513244436067,0.07491712748064462,-0.059559741964045676,0.09673573186964868,0.10908489429550094,0
2020-11-30,RELIANCE.NS,0.26101274952612585,-0.06069606882459422,0.34249704240899637,0.09676597232995658,-0.07252381003519448,0.02875949576874226,0.07905971759473307,0
2020-11-30,TCS.NS,0.3300819343430008,0.005553665630235738,0.3227359014293536,0.07491740932305502,0.1921913168835212,0.06832995406366948,0.07905971759473307,0
2020-11-30,HDFCBANK.NS,0.13012256646914344,0.2173965263919102,-0.07168901670963956,0.08356600893830805,0.29125775149099,-0.003157711231364213,0.07905971759473307,0
2020-11-30,INFY.NS,0.6183689317734222,0.037148797908324704,0.5604018777607189,0.08409042753379947,0.1973044755407931,0.14163664972338696,0.07905971759473307,1
2020-11-30,ICICIBANK.NS,-0.07657027887144985,0.20568018212279537,-0.23410060576536762,0.1122975969580091,0.19956934199233833,0.13034745389366553,0.07905971759473307,1
2020-11-30,HINDUNILVR.NS,0.06912661059104797,0.03229849059363121,0.03567584408288593,0.051267102173296754,0.016384376110728516,0.12028787306229805,0.07905971759473307,1
2020-11-30,BHARTIARTL.NS,0.05077070550625562,0.06801156026378252,-0.0161429476973719,0.09665194966893775,-0.09715457814959538,0.10026987460900938,0.07905971759473307,1
2020-11-30,ITC.NS,-0.17203249557495037,0.17186067022372087,-0.29345908992151626,0.07006481594299457,0.013343625627479483,0.0792666300012479,0.07905971759473307,1
2020-11-30,LT.NS,-0.12045225947279403,0.2309088510824997,-0.28544852061653125,0.0834159236637816,0.21078326276293224,0.14718457092651405,0.07905971759473307,1
2020-11-30,KOTAKBANK.NS,0.1807206411027975,0.23245436535304864,-0.04197617835158651,0.10050216760649155,0.3609020172258397,0.04640548696395319,0.07905971759473307,0
2020-11-30,AXISBANK.NS,-0.18598200882765137,0.22152278336000752,-0.33360392269290884,0.12518253985390862,0.21107190442930213,0.03133319002448132,0.07905971759473307,0
2020-11-30,SBIN.NS,-0.28550530803310203,0.2906209154952839,-0.44639461255537904,0.11142878853225457,0.15212265944663317,0.1256909238135473,0.07905971759473307,1
2020-11-30,BAJFINANCE.NS,0.2076193211978925,0.48346940846812325,-0.1859492927158385,0.1350069407492418,0.4074202501488131,0.07871567353772391,0.07905971759473307,0
2020-11-30,ASIANPAINT.NS,0.30678329131358373,0.001718385467342154,0.3045415860106395,0.07883571721835246,0.16828078080097786,0.24791212040371446,0.07905971759473307,1
2020-11-30,MARUTI.NS,-0.02025469457805662,0.01014324640205344,-0.030092703275878985,0.07966296909896119,0.028633165906996494,0.08723962528908391,0.07905971759473307,1
2020-11-30,HCLTECH.NS,0.4783424591245491,-0.02357649469599421,0.5140381720575977,0.09312785895074444,0.1926666054148456,0.15089443480854703,0.07905971759473307,1
2020-11-30,SUNPHARMA.NS,0.14777219000017494,0.09855068035489767,0.04480586150961696,0.08802404028353002,-0.016530483948899333,0.15772507791878998,0.07905971759473307,1
2020-11-30,TITAN.NS,0.17826967215955802,0.16766036792007788,0.00908595044497229,0.09083000835457244,0.23689232544907335,0.15130022133539112,0.07905971759473307,1
2020-11-30,ULTRACEMCO.NS,0.13102274279970527,0.04983545657167099,0.07733334373479672,0.07164432956787072,0.2300676882344619,0.10123906268321181,0.07905971759473307,1
2020-11-30,WIPRO.NS,0.480500884047927,0.02876451209839126,0.43910571042941626,0.0978323136853309,0.29192817010810423,0.10199689214073548,0.07905971759473307,1
2020-11-30,ADANIENT.NS,0.8670303583856314,0.17279935607031427,0.5919435398067314,0.13815619806924598,0.42514759911171884,0.2036898636634168,0.07905971759473307,1
2020-11-30,NESTLEIND.NS,0.25696581928551154,0.042382518883963494,0.2058584986932568,0.06451789844635547,0.13051125043387635,0.028022751994126738,0.07905971759473307,0
2020-11-30,POWERGRID.NS,0.05561677931794229,0.1251463977781,-0.06179606369221147,0.08551753918859865,0.0997898915197819,0.012550275165798208,0.07905971759473307,0
2020-11-30,NTPC.NS,-0.15571427285339356,0.08105033690265029,-0.21901349240998824,0.09190507898885404,-0.017634946677042462,0.04910234921985146,0.07905971759473307,0
2020-11-30,TECHM.NS,0.2223476167537637,0.07813846187409501,0.13375754597326428,0.09340308494651156,0.2291812860728113,0.10988197085607387,0.07905971759473307,1
2020-11-30,BAJAJFINSV.NS,-0.03803793991766935,0.5715082542514243,-0.38787336466103783,0.11523022607655543,0.41491187857743617,0.01684603621752867,0.07905971759473307,0
2020-11-30,JSWSTEEL.NS,0.3531136242016699,0.1333334167985678,0.19392369813283694,0.097910991869733,0.2979986949283233,0.10565390695056998,0.07905971759473307,1
2020-11-30,ONGC.NS,-0.3599412621530865,0.2095528893593941,-0.47083030144642724,0.09068350266848092,-0.04209907401974644,0.18535084153073367,0.07905971759473307,1
2020-11-30,TATASTEEL.NS,0.3855321406961647,0.4062843765380397,-0.014756784750010854,0.10683616064306027,0.39794202565788983,0.11483496288091422,0.07905971759473307,1
2020-11-30,COALINDIA.NS,-0.2917172389464988,0.16767213296382866,-0.39342325550262836,0.07984772461555073,-0.007457157229469269,0.07885280518821824,0.07905971759473307,0
2020-11-30,HINDALCO.NS,0.13669554291828612,0.32639936952060933,-0.14302165016173563,0.11921337035210346,0.2281221263949973,0.06273463415233849,0.07905971759473307,0
2020-11-30,GRASIM.NS,0.11934464767246267,0.12513651359516764,-0.005147700614744233,0.09213825801442337,0.2976956546273608,0.05949188315858556,0.07905971759473307,0
2020-11-30,ADANIPORTS.NS,0.0891201096077503,0.1436708945912375,-0.047697974339885874,0.0855464944879727,0.15685177143376272,0.1754343803174372,0.07905971759473307,1
2020-11-30,DRREDDY.NS,0.6679169798432141,-0.012212103338870794,0.6885375752031613,0.08129772598443426,0.13230699749729657,0.07789477652032972,0.07905971759473307,0
2020-11-30,CIPLA.NS,0.61432886621269,-0.011795938626718683,0.6335986961734394,0.09870614442079557,0.04491608200894137,0.09971845153785064,0.07905971759473307,1
2020-11-30,BRITANNIA.NS,0.22912845100547052,0.04741935076050363,0.17348266490688058,0.06426133250849848,-0.023644494170481867,-0.016932436327402267,0.07905971759473307,0
2020-11-30,EICHERMOT.NS,0.1164816061222651,0.2153096864980637,-0.08131925670778906,0.09897186009643931,0.21159184702678924,-0.001479570610322667,0.07905971759473307,0
2020-11-30,HEROMOTOCO.NS,0.3256542711582584,0.11038267832140347,0.19387153369709176,0.08909906090066928,0.034197619089324505,0.0003700457966164805,0.07905971759473307,0
2020-11-30,BPCL.NS,-0.23091962153477263,0.05233459714228217,-0.2691674486862443,0.11787939620373566,-0.08533580472167346,0.021716051788366775,0.07905971759473307,0
2020-11-30,INDUSINDBK.NS,-0.45341279159928227,0.4643162334826554,-0.626728710709747,0.16267374633382828,0.3609172282572286,0.043490996932899595,0.07905971759473307,0
2020-11-30,APOLLOHOSP.NS,0.6347411007875807,0.10778711026959842,0.47568164102373345,0.10436300148126594,0.43876213019276067,0.027641883488009,0.07905971759473307,0
2020-11-30,TATACONSUM.NS,0.6769617637799261,0.09161013982424482,0.536227726915331,0.09127544679256373,0.01061356254503365,0.0964682866313995,0.07905971759473307,1
2020-11-30,SBILIFE.NS,-0.11874394181127224,0.09998040144900755,-0.19884385482882572,0.06941560371199107,0.022108033081182032,0.06879046015501245,0.07905971759473307,0
2020-11-30,HDFCLIFE.NS,0.13175828946866197,0.09673573186964868,0.031933451770837396,0.06954294262837686,0.12526098171602462,0.04591853599055473,0.07905971759473307,0
2020-12-31,RELIANCE.NS,0.3290668848612208,0.02875949576874226,0.2919121430495992,0.08922915102713859,-0.11146435803349453,-0.07220573729654989,-0.02427641514358142,0
2020-12-31,TCS.NS,0.3496782971970982,0.06832995406366948,0.26335341629545006,0.07052773341451578,0.15353483755324193,0.08890807568930326,-0.02427641514358142,1
2020-12-31,HDFCBANK.NS,0.12907789720926655,-0.003157711231364213,0.1326544930231408,0.07695586462317898,0.3316336766222483,-0.0318874650840808,-0.02427641514358142,0
2020-12-31,INFY.NS,0.7596508875383234,0.14163664972338696,0.5413405727336087,0.07993899075617432,0.25890492631223094,-0.013338215381122676,-0.02427641514358142,1
2020-12-31,ICICIBANK.NS,-0.007144107615966733,0.13034745389366553,-0.1216365472722748,0.1037816994692542,0.50824520311354,0.003644344354745588,-0.02427641514358142,1
2020-12-31,HINDUNILVR.NS,0.2676748950870431,0.12028787306229805,0.1315617401283331,0.052790726295417416,0.16567431646434883,-0.054896832577079224,-0.02427641514358142,0
2020-12-31,BHARTIARTL.NS,0.12226930421058113,0.10026987460900938,0.019994575975634366,0.09511863411572863,0.21083265636158233,0.08612904240483998,-0.02427641514358142,1
2020-12-31,ITC.NS,-0.07369608176198983,0.0792666300012479,-0.14172838065331528,0.06655345994527606,0.21723899792587886,-0.027511849942284727,-0.02427641514358142,0
2020-12-31,LT.NS,0.03414718160660746,0.14718457092651405,-0.09853461438085154,0.07864134858142634,0.45577652500590315,0.03657968464442107,-0.02427641514358142,1
2020-12-31,KOTAKBANK.NS,0.18478942848168023,0.04640548696395319,0.13224695707515344,0.08813555891883701,0.5735687106138221,-0.1416366444197088,-0.02427641514358142,0
2020-12-31,AXISBANK.NS,-0.1772310849305836,0.03133319002448132,-0.20222783187081783,0.11325890174778504,0.4610857185414061,0.06841809173693858,-0.02427641514358142,1
2020-12-31,SBIN.NS,-0.17617972982989805,0.1256909238135473,-0.26816477530154226,0.103557319661966,0.48300981005680677,0.026004741213523364,-0.02427641514358142,1
2020-12-31,BAJFINANCE.NS,0.2532900997229619,0.07871567353772391,0.16183544048517318,0.11443306177460781,0.6150794012786305,-0.10587891490516865,-0.02427641514358142,0
2020-12-31,ASIANPAINT.NS,0.5587581536587924,0.24791212040371446,0.24909288736975777,0.07651972697946682,0.3938381728344289,-0.129191556891338,-0.02427641514358142,0
2020-12-31,MARUTI.NS,0.047472855975961625,0.08723962528908391,-0.03657590138195055,0.07835037496149005,0.13437474478881906,-0.05790499658680337,-0.02427641514358142,0
2020-12-31,HCLTECH.NS,0.6886128104689229,0.15089443480854703,0.4672178085124079,0.09230368545489999,0.17116219200808236,-0.030097504416604526,-0.02427641514358142,0
2020-12-31,SUNPHARMA.NS,0.38195074980285026,0.15772507791878998,0.19367782227464958,0.08871364960508278,0.18363471608189474,-0.010382504232720136,-0.02427641514358142,1
2020-12-31,TITAN.NS,0.3242829198171906,0.15130022133539112,0.15024986122312844,0.08372993289802612,0.3044906922933488,-0.0937049968314605,-0.02427641514358142,0
2020-12-31,ULTRACEMCO.NS,0.3111114581112524,0.10123906268321181,0.19057841529583808,0.07370357192350398,0.3058610525741825,0.007393912856899831,-0.02427641514358142,1
2020-12-31,WIPRO.NS,0.5777436625936923,0.10199689214073548,0.43171335041496595,0.09553678136494402,0.23186099956267525,0.08437427601703873,-0.02427641514358142,1
2020-12-31,ADANIENT.NS,1.317975825845775,0.2036898636634168,0.925725135535362,0.14767249872366764,0.6141031584110928,0.05651124553755338,-0.02427641514358142,1
2020-12-31,NESTLEIND.NS,0.25834444341473795,0.028022751994126738,0.22404337936474694,0.06658529200809692,0.16444706088561434,-0.07233442835321491,-0.02427641514358142,0
2020-12-31,POWERGRID.NS,0.08600036109948461,0.012550275165798208,0.07253969282824935,0.0761971616680328,0.19922851461290603,-0.028443402958344355,-0.02427641514358142,0
2020-12-31,NTPC.NS,-0.1343459281099152,0.04910234921985146,-0.17486213567835895,0.09257787830566717,0.1674496484649597,-0.10468034903138657,-0.02427641514358142,0
2020-12-31,TECHM.NS,0.35514912401677057,0.10988197085607387,0.22098489713416747,0.09017460415375884,0.2767998534616116,-0.01212497801361434,-0.02427641514358142,1
2020-12-31,BAJAJFINSV.NS,-0.051313075657524965,0.01684603621752867,-0.06702992335849822,0.0958862047943576,0.521841770751378,-0.02061450292285194,-0.02427641514358142,1
2020-12-31,JSWSTEEL.NS,0.4489852854552907,0.10565390695056998,0.31052337114390527,0.09496476038935646,0.39405958268880625,-0.052556907473915504,-0.02427641514358142,0
2020-12-31,ONGC.NS,-0.22392889982124675,0.18535084153073367,-0.3452815208900062,0.09867246562374125,0.34368285032584756,-0.05104810641215629,-0.02427641514358142,0
2020-12-31,TATASTEEL.NS,0.39886338181468695,0.11483496288091422,0.25477171813825894,0.10147179351771522,0.7891591634387976,-0.06626271952947849,-0.02427641514358142,0
2020-12-31,COALINDIA.NS,-0.25792155472539824,0.07885280518821824,-0.3121596924937896,0.07448583887459695,0.24019842328460905,-0.07050567991316004,-0.02427641514358142,0
2020-12-31,HINDALCO.NS,0.11858593568891118,0.06273463415233849,0.05255432517367886,0.1179855609239171,0.37261066476674976,-0.059239226063192985,-0.02427641514358142,0
2020-12-31,GRASIM.NS,0.2551490056809609,0.05949188315858556,0.18467071398326995,0.08957692436551858,0.24677501479815822,0.13773766234997642,-0.02427641514358142,1
2020-12-31,ADANIPORTS.NS,0.33632873692469123,0.1754343803174372,0.13688076450835385,0.09252012797245258,0.41550859050923217,0.05364342534161337,-0.02427641514358142,1
2020-12-31,DRREDDY.NS,0.8224187970274661,0.07789477652032972,0.6907205014116646,0.07971027426391811,0.0033345320352062835,-0.11573260346628367,-0.02427641514358142,0
2020-12-31,CIPLA.NS,0.7326137497671827,0.09971845153785064,0.5755066647688678,0.09760302940468059,0.058409705938070156,0.007256515829099586,-0.02427641514358142,1
2020-12-31,BRITANNIA.NS,0.2202485147554225,-0.016932436327402267,0.24126617523291216,0.06361345143832374,-0.058396829950248086,-0.021040980344878113,-0.02427641514358142,1
2020-12-31,EICHERMOT.NS,0.13295926045312423,-0.001479570610322667,0.13463803754683257,0.0949390182470889,0.14894671424506045,0.08431792917021164,-0.02427641514358142,1
2020-12-31,HEROMOTOCO.NS,0.3209880359187556,0.0003700457966164805,0.32049939066980326,0.08427802624632484,-0.011851411702739179,0.04696131098990919,-0.02427641514358142,1
2020-12-31,BPCL.NS,-0.1822464897901217,0.021716051788366775,-0.19962742214089868,0.1098520006322289,0.07945066171559634,0.006559876691554889,-0.02427641514358142,1
2020-12-31,INDUSINDBK.NS,-0.4073178492446057,0.043490996932899595,-0.4320198712806853,0.14943785140036353,0.696909273019809,-0.05458409737015968,-0.02427641514358142,0
2020-12-31,APOLLOHOSP.NS,0.6789963966717749,0.027641883488009,0.6338341436346939,0.10443959843407742,0.12325142486514173,0.0615258734810018,-0.02427641514358142,1
2020-12-31,TATACONSUM.NS,0.8490349765745335,0.0964682866313995,0.6863551815576814,0.09386052038034987,0.17991799900777528,-0.05102562649271525,-0.02427641514358142,0
2020-12-31,SBILIFE.NS,-0.0596400707869994,0.06879046015501245,-0.1201643687232995,0.06657550362780416,0.11436336312261264,-0.044014476753548415,-0.02427641514358142,0
2020-12-31,HDFCLIFE.NS,0.08058457950040077,0.04591853599055473,0.03314411430428943,0.06652797687582741,0.20933138038733823,0.0021434152659827177,-0.02427641514358142,1
2021-01-31,RELIANCE.NS,0.32254904367562887,-0.07220573729654989,0.42547663511296574,0.08810369204949008,-0.10345585339000751,0.13238695931080358,0.07936419319378396,1
2021-01-31,TCS.NS,0.5246382432764845,0.08890807568930326,0.4001533070744785,0.07024890463383077,0.1697737665418062,-0.06976098804627817,0.07936419319378396,0
2021-01-31,HDFCBANK.NS,0.13389882949189413,-0.0318874650840808,0.17124692491495708,0.07455119468862753,0.17485523184737106,0.10348776597756149,0.07936419319378396,1
2021-01-31,INFY.NS,0.6359407312719592,-0.013338215381122676,0.6580562425490939,0.07444238957063891,0.1682540039488245,0.011500513568665438,0.07936419319378396,0
2021-01-31,ICICIBANK.NS,0.02159217653588641,0.003644344354745588,0.01788266160427554,0.09681122394275128,0.36780417330984205,0.11312864327418848,0.07936419319378396,1
2021-01-31,HINDUNILVR.NS,0.13256232224523434,-0.054896832577079224,0.19834782199859902,0.054462470622304505,0.09298485915328225,-0.0582400462506919,0.07936419319378396,0
2021-01-31,BHARTIARTL.NS,0.11912160370703972,0.08612904240483998,0.03037628128343739,0.09779887951106969,0.276311264656687,0.004877226378739552,0.07936419319378396,0
2021-01-31,ITC.NS,-0.08941188400045375,-0.027511849942284727,-0.06365119621714188,0.06606970282027445,0.2299545009669326,0.027662533800967504,0.07936419319378396,0
2021-01-31,LT.NS,0.016314245797333093,0.03657968464442107,-0.019550295213473734,0.08001250988926233,0.4637330701824305,0.08076723422227094,0.07936419319378396,1
2021-01-31,KOTAKBANK.NS,0.012531376444330888,-0.1416366444197088,0.17960694601159366,0.08329744082986874,0.10698573530790778,0.039347421534330795,0.07936419319378396,0
2021-01-31,AXISBANK.NS,-0.09104604473960609,0.06841809173693858,-0.14925256106184248,0.1104163986121559,0.345989894803336,0.09337742564253726,0.07936419319378396,1
2021-01-31,SBIN.NS,-0.11414661858728026,0.026004741213523364,-0.13659913465413165,0.10365374942775461,0.4906209853998973,0.3830200445350742,0.07936419319378396,1
2021-01-31,BAJFINANCE.NS,0.08693100697384315,-0.10587891490516865,0.21564184660577834,0.10533925228181147,0.43080984712095605,0.11201672159485532,0.07936419319378396,1
2021-01-31,ASIANPAINT.NS,0.3492911862112622,-0.129191556891338,0.5494695726588101,0.07940182585871576,0.08855976715121461,-0.05406353250707341,0.07936419319378396,0
2021-01-31,MARUTI.NS,0.05177897951699828,-0.05790499658680337,0.1164256000789925,0.08054903218310751,0.03467257353974329,-0.0472481144922815,0.07936419319378396,0
2021-01-31,HCLTECH.NS,0.5680108207094878,-0.030097504416604526,0.6166685082775569,0.09473920177797857,0.08993799532242863,-0.004978055862647657,0.07936419319378396,0
2021-01-31,SUNPHARMA.NS,0.3620921384806759,-0.010382504232720136,0.37638243493725354,0.08982269205454134,0.25861499888369655,0.02319679520008311,0.07936419319378396,0
2021-01-31,TITAN.NS,0.20039294686363873,-0.0937049968314605,0.32450575438117846,0.08091253129724812,0.2183574227814049,-0.009434749463685721,0.07936419319378396,0
2021-01-31,ULTRACEMCO.NS,0.21012791069620507,0.007393912856899831,0.20124600243450508,0.07153930194011364,0.16466806332467132,0.14787177731884715,0.07936419319378396,1
2021-01-31,WIPRO.NS,0.7687481126483318,0.08437427601703873,0.63112326783058,0.08621859350714095,0.2293500148231613,-0.018186175503055235,0.07936419319378396,0
2021-01-31,ADANIENT.NS,1.2237629440336515,0.05651124553755338,1.104817107651514,0.14567721372489087,0.491462870569809,0.6454161226899835,0.07936419319378396,1
2021-01-31,NESTLEIND.NS,0.12369102467459303,-0.07233442835321491,0.21131047547644255,0.06506477710177948,-0.005920117460426866,-0.056178043961240154,0.07936419319378396,0
2021-01-31,POWERGRID.NS,0.07431008485457924,-0.028443402958344355,0.10576171076991625,0.07473182934372376,0.10686265593240263,0.16183246788607675,0.07936419319378396,1
2021-01-31,NTPC.NS,-0.1823823078102157,-0.10468034903138657,-0.08678683495304296,0.09480830816975326,0.015411067557747904,0.24366154625063374,0.07936419319378396,1
2021-01-31,TECHM.NS,0.2810753311646508,-0.01212497801361434,0.29679899041146696,0.09216192173179245,0.1820976141334456,-0.04425841898614402,0.07936419319378396,0
2021-01-31,BAJAJFINSV.NS,-0.07559831472874956,-0.02061450292285194,-0.05614113336371607,0.09337630638521648,0.5650403358620009,0.10614186205119114,0.07936419319378396,1
2021-01-31,JSWSTEEL.NS,0.4787915600549397,-0.052556907473915504,0.560823622780517,0.09595398379103154,0.18721679854695372,0.07796115216529698,0.07936419319378396,0
2021-01-31,ONGC.NS,-0.12936854401589704,-0.05104810641215629,-0.08253362276102649,0.10330115911846284,0.3605545916733648,0.27864587007531827,0.07936419319378396,1
2021-01-31,TATASTEEL.NS,0.4054661996908244,-0.06626271952947849,0.5052051889612814,0.11043629980119979,0.46388995622253115,0.1899333620831205,0.07936419319378396,1
2021-01-31,COALINDIA.NS,-0.197687011748784,-0.07050567991316004,-0.13682851964468357,0.07848199904652274,0.17092708282696645,0.208896119472463,0.07936419319378396,1
2021-01-31,HINDALCO.NS,0.20126409882621799,-0.059239226063192985,0.27690708637784844,0.12146457200322898,0.3261063107514395,0.5035349273769434,0.07936419319378396,1
2021-01-31,GRASIM.NS,0.363403175299865,0.13773766234997642,0.1983458229586781,0.08911172724819555,0.3562663524657299,0.13749848948353138,0.07936419319378396,1
2021-01-31,ADANIPORTS.NS,0.39505429970546246,0.05364342534161337,0.3240288565869962,0.09773457734689305,0.41642348718072375,0.3260741204298314,0.07936419319378396,1
2021-01-31,DRREDDY.NS,0.4873502734494297,-0.11573260346628367,0.6820141501086299,0.07784296006721497,-0.05849272442753073,-0.03827088922313204,0.07936419319378396,0
2021-01-31,CIPLA.NS,0.8674157776668812,0.007256515829099586,0.8539624696592423,0.09424024421367926,0.09463223147089783,-0.04703950058840323,0.07936419319378396,0
2021-01-31,BRITANNIA.NS,0.13004303937748718,-0.021040980344878113,0.15433130160605768,0.056656128319544835,0.00801842871545655,-0.03923067548637349,0.07936419319378396,0
2021-01-31,EICHERMOT.NS,0.36326602160075483,0.08431792917021164,0.2572567370937153,0.09278768832938587,0.31583233092390817,-0.08953113381325661,0.07936419319378396,0
2021-01-31,HEROMOTOCO.NS,0.3505183984774045,0.04696131098990919,0.28994107451829354,0.08430576496605464,0.1629578930863993,0.010271804019252206,0.07936419319378396,0
2021-01-31,BPCL.NS,-0.11455637436532529,0.006559876691554889,-0.12032692129053968,0.09444819666704422,0.08224024487523507,0.21938631855348323,0.07936419319378396,1
2021-01-31,INDUSINDBK.NS,-0.3278786559415706,-0.05458409737015968,-0.28907336740496337,0.1457502719953116,0.44459626150898224,0.2562935518027649,0.07936419319378396,1
2021-01-31,APOLLOHOSP.NS,0.5480510410104635,0.0615258734810018,0.4583262449685068,0.10201100513482629,0.20845000568896244,0.19420229675495482,0.07936419319378396,1
2021-01-31,TATACONSUM.NS,0.47070563054167947,-0.05102562649271525,0.5497843478176805,0.09170946699725674,0.1358425160421579,0.0881565450421613,0.07936419319378396,1
2021-01-31,SBILIFE.NS,-0.13041943517981525,-0.044014476753548415,-0.09038312435196971,0.06194243781442258,0.1239030032369739,0.002834165208740691,0.07936419319378396,0
2021-01-31,HDFCLIFE.NS,0.13142536304083285,0.0021434152659827177,0.1290054355548873,0.06562361273522142,0.14955493461880698,0.033483182815057466,0.07936419319378396,0
2021-02-28,RELIANCE.NS,0.5911940030292917,0.13238695931080358,0.40516807434600666,0.08720502421598973,0.08083748653874578,-0.03964913560081684,0.012737569800910009,0
2021-02-28,TCS.NS,0.47422490754003266,-0.06976098804627817,0.5847807806337983,0.07635895031924671,0.08215924220734472,0.09796859435726302,0.012737569800910009,1
2021-02-28,HDFCBANK.NS,0.3029335509811717,0.10348776597756149,0.1807412743057688,0.08226703829766624,0.06492695439230278,-0.02655753341309275,0.012737569800910009,0
2021-02-28,INFY.NS,0.7548270340701322,0.011500513568665438,0.7348750796763746,0.07521782161777078,0.13936353911421806,0.09155837998769023,0.012737569800910009,1
2021-02-28,ICICIBANK.NS,0.20211157310444938,0.11312864327418848,0.07993948441441923,0.1113206253351629,0.26280752248948436,-0.026181496013697347,0.012737569800910009,0
2021-02-28,HINDUNILVR.NS,-0.002306144789442688,-0.0582400462506919,0.059392949592480315,0.05632773814329064,-0.0028762225420232435,0.14045154770666413,0.012737569800910009,1
2021-02-28,BHARTIARTL.NS,0.06647121791013788,0.004877226378739552,0.06129504173695288,0.10333691192681782,0.20086352183995682,-0.07010606593098434,0.012737569800910009,0
2021-02-28,ITC.NS,0.11388542209026054,0.027662533800967504,0.08390194782170801,0.07573092776417312,0.07860788491372062,0.07186664807986531,0.012737569800910009,1
2021-02-28,LT.NS,0.2665051423749063,0.08076723422227094,0.17185745669491337,0.08770952191024288,0.28519243363106717,-0.016360468947792528,0.012737569800910009,0
2021-02-28,KOTAKBANK.NS,0.09874414488735916,0.039347421534330795,0.05714809323849024,0.08667361031868637,-0.06646217335765203,-0.015362126005666554,0.012737569800910009,0
2021-02-28,AXISBANK.NS,0.03943778440456369,0.09337742564253726,-0.04933304819813278,0.1167658580910399,0.20478716088524118,-0.03773436684115883,0.012737569800910009,0
2021-02-28,SBIN.NS,0.2876236986130911,0.3830200445350742,-0.06897683536759747,0.11716845166228625,0.5973386738595865,-0.06625659840578613,0.012737569800910009,0
2021-02-28,BAJFINANCE.NS,0.18163400868144897,0.11201672159485532,0.06260453258899612,0.10974422368094483,0.07254282854682192,-0.021851958934038462,0.012737569800910009,0
2021-02-28,ASIANPAINT.NS,0.2747111067643173,-0.05406353250707341,0.34756524414664147,0.08027571850118988,0.02794198023383787,0.11426310466143885,0.012737569800910009,1
2021-02-28,MARUTI.NS,0.10262621525748084,-0.0472481144922815,0.15730677842730767,0.08028104326501224,-0.02411242283279602,-0.0010119881906268668,0.012737569800910009,0
2021-02-28,HCLTECH.NS,0.7267811745731019,-0.004978055862647657,0.7354201932402185,0.09287128430094371,0.11069860281295929,0.08048820156950987,0.012737569800910009,1
2021-02-28,SUNPHARMA.NS,0.6115322849753899,0.02319679520008311,0.5749973930090932,0.08560947052158334,0.17228167646531722,0.0053815798981273755,0.012737569800910009,0
2021-02-28,TITAN.NS,0.12579930218910107,-0.009434749463685721,0.1365221034955224,0.08056597667152339,0.03357325374500153,0.10743479778362652,0.012737569800910009,1
2021-02-28,ULTRACEMCO.NS,0.45375862761139873,0.14787177731884715,0.2664817241234294,0.08094901325507182,0.2734277466687205,0.10187256149533108,0.012737569800910009,1
2021-02-28,WIPRO.NS,0.8569541310626918,-0.018186175503055235,0.8913505643640185,0.09020729068035084,0.1732450191511532,0.009383363987029547,0.012737569800910009,0
2021-02-28,ADANIENT.NS,2.839748695248393,0.6454161226899835,1.3336034224406639,0.11941636779029496,1.0924952259966245,0.23690987716640932,0.012737569800910009,1
2021-02-28,NESTLEIND.NS,0.03237469657232994,-0.056178043961240154,0.09382356488635613,0.06757137581413002,-0.09991351332156839,0.06605543429626226,0.012737569800910009,1
2021-02-28,POWERGRID.NS,0.2849600562746466,0.16183246788607675,0.10597705933678814,0.08532704997112561,0.14295257372054615,0.024913164212046146,0.012737569800910009,1
2021-02-28,NTPC.NS,0.07696247724940353,0.24366154625063374,-0.13403893487242668,0.08698796037507471,0.16814884122513774,-0.006989753894701578,0.012737569800910009,0
2021-02-28,TECHM.NS,0.31023452466436297,-0.04425841898614402,0.37090877983404136,0.09398033393557624,0.04789865364857193,0.07901181944827074,0.012737569800910009,1
2021-02-28,BAJAJFINSV.NS,0.06665355168847786,0.10614186205119114,-0.03569913744109421,0.10598160406278018,0.10158927044276855,0.0020728113831036676,0.012737569800910009,0
2021-02-28,JSWSTEEL.NS,0.695527308464774,0.07796115216529698,0.5729020522297801,0.10056679926079132,0.12921190627799972,0.1845997170647551,0.012737569800910009,1
2021-02-28,ONGC.NS,0.31904708080316047,0.27864587007531827,0.03159687265518052,0.11833277283142674,0.4382732040568522,-0.0797297759226433,0.012737569800910009,0
2021-02-28,TATASTEEL.NS,0.9219036713225714,0.1899333620831205,0.6151355467150275,0.11750190594881994,0.23867656242888624,0.13521644531452104,0.012737569800910009,1
2021-02-28,COALINDIA.NS,0.04651573798464126,0.208896119472463,-0.13432120334597575,0.09036426638196111,0.21226598345015057,-0.11413015760178669,0.012737569800910009,0
2021-02-28,HINDALCO.NS,1.1936694035920605,0.5035349273769434,0.4590079443110249,0.12405105346753975,0.5032027317310874,-0.039382694168777266,0.012737569800910009,0
2021-02-28,GRASIM.NS,0.7578168558861902,0.13749848948353138,0.5453355517722995,0.09248844345622324,0.3711677726443421,0.20798628395257612,0.012737569800910009,1
2021-02-28,ADANIPORTS.NS,0.9969895624852485,0.3260741204298314,0.5059411323387775,0.10511009296257652,0.6423278224551259,0.039206963710148646,0.012737569800910009,1
2021-02-28,DRREDDY.NS,0.5220076719225522,-0.03827088922313204,0.5825741935721391,0.08375892780213291,-0.08333058343101463,0.020207529871201002,0.012737569800910009,1
2021-02-28,CIPLA.NS,0.9778448622828009,-0.04703950058840323,1.0754741287849985,0.08848624256999645,0.055592988076684335,0.035639268514876754,0.012737569800910009,1
2021-02-28,BRITANNIA.NS,0.16996643495666497,-0.03923067548637349,0.21773916496443202,0.05622331233647734,-0.07537207122337997,0.0776812245648717,0.012737569800910009,1
2021-02-28,EICHERMOT.NS,0.516852302030077,-0.08953113381325661,0.6660122694617876,0.08575941473660992,-0.014222972351780716,0.04216365470130712,0.012737569800910009,1
2021-02-28,HEROMOTOCO.NS,0.6178119588212603,0.010271804019252206,0.6013630711903253,0.08484788025082661,0.05810689556411286,-0.09627780473076664,0.012737569800910009,0
2021-02-28,BPCL.NS,0.15719014607045567,0.21938631855348323,-0.05100612622651768,0.09929800584459651,0.25403930610332837,-0.03748951446967019,0.012737569800910009,0
2021-02-28,INDUSINDBK.NS,-0.03722667909903066,0.2562935518027649,-0.23363984514654068,0.1506914426960524,0.23937502487136886,-0.10207433707121183,0.012737569800910009,0
2021-02-28,APOLLOHOSP.NS,0.7649719405790087,0.19420229675495482,0.47795054939604853,0.11216395557415533,0.3027176060534651,-0.05100303739009249,0.012737569800910009,0
2021-02-28,TATACONSUM.NS,0.7725763628460451,0.0881565450421613,0.6289718339904538,0.08365379977155872,0.13224898054485723,0.0488386494851738,0.012737569800910009,1
2021-02-28,SBILIFE.NS,-0.026392674370245506,0.002834165208740691,-0.029144239987977105,0.06306693333894582,0.02464401051330567,0.01609177561479047,0.012737569800910009,1
2021-02-28,HDFCLIFE.NS,0.28772294043335034,0.033483182815057466,0.246002800863949,0.07090952069177958,0.08325611916125997,-0.006351271200606967,0.012737569800910009,0
2021-03-31,RELIANCE.NS,0.8229547493640941,-0.03964913560081684,0.8982174296313827,0.08633027563670659,0.008965864948726754,-0.0042931741977589866,-0.0033445069750405176,0
2021-03-31,TCS.NS,0.7600707382594416,0.09796859435726302,0.6030246650996105,0.0709133575281808,0.11218154795489998,-0.0447471934194702,-0.0033445069750405176,0
2021-03-31,HDFCBANK.NS,0.7329735788444145,-0.02655753341309275,0.7802526993922732,0.08693241795632235,0.03992891643778207,-0.05446389412321695,-0.0033445069750405176,0
2021-03-31,INFY.NS,1.184830389977487,0.09155837998769023,1.001569893130339,0.07507963928075445,0.08938498012821783,-0.01001418333036519,-0.0033445069750405176,0
2021-03-31,ICICIBANK.NS,0.7979922119146692,-0.026181496013697347,0.8463319443557822,0.10859817323165337,0.08793568573742627,0.03160982156698844,-0.0033445069750405176,1
2021-03-31,HINDUNILVR.NS,0.07656158168182992,0.14045154770666413,-0.05602163998401388,0.0605012618227442,0.015070664068348893,-0.031976123353212316,-0.0033445069750405176,0
2021-03-31,BHARTIARTL.NS,0.177495200573071,-0.07010606593098434,0.26626828870751496,0.09013404537459181,0.01491073269687715,0.037598848983578126,-0.0033445069750405176,1
2021-03-31,ITC.NS,0.37368757377950024,0.07186664807986531,0.2815843988058726,0.0761629930664984,0.0712124196720938,-0.07276900902341465,-0.0033445069750405176,0
2021-03-31,LT.NS,0.8045745239540405,-0.016360468947792528,0.8345892646503053,0.08718792279900717,0.10197270323093255,-0.0552893409022811,-0.0033445069750405176,0
2021-03-31,KOTAKBANK.NS,0.3525714802525992,-0.015362126005666554,0.3736740338513358,0.08886010196675354,-0.12156739201991895,-0.0023958397523220487,-0.0033445069750405176,1
2021-03-31,AXISBANK.NS,0.8402373653065489,-0.03773436684115883,0.9124005907449686,0.10808434375854958,0.12410353065759439,0.025019710869749412,-0.0033445069750405176,1
2021-03-31,SBIN.NS,0.8506476868710069,-0.06625659840578613,0.9819660130516898,0.11302206528278956,0.32496799545545985,-0.029645877100125118,-0.0033445069750405176,0
2021-03-31,BAJFINANCE.NS,1.3241491664708804,-0.021851958934038462,1.3760709717703672,0.10105382435159677,-0.027449315479209258,0.05865206386387056,-0.0033445069750405176,1
2021-03-31,ASIANPAINT.NS,0.5262669523412815,0.11426310466143885,0.3697545453638862,0.08254298409772952,-0.08214865167217567,-0.00039424760377970713,-0.0033445069750405176,1
2021-03-31,MARUTI.NS,0.613902963776702,-0.0010119881906268668,0.6155378690216622,0.07739954114040816,-0.10332555235510565,-0.05883357815046297,-0.0033445069750405176,0
2021-03-31,HCLTECH.NS,1.2845376978839398,0.08048820156950987,1.1143569125192077,0.08605471191455237,0.04275135889311987,-0.0690540807471629,-0.0033445069750405176,0
2021-03-31,SUNPHARMA.NS,0.7149431943819484,0.0053815798981273755,0.7057634918631779,0.08218128023249231,0.01802269506767984,0.09476447260163035,-0.0033445069750405176,1
2021-03-31,TITAN.NS,0.6751062629959002,0.10743479778362652,0.512600350240382,0.07691231113893404,-0.005806681833150584,-0.04261737645235153,-0.0033445069750405176,0
2021-03-31,ULTRACEMCO.NS,1.0830529428223663,0.10187256149533108,0.8904662985667717,0.08445515782920032,0.2741602987477114,-0.06812154253784009,-0.0033445069750405176,0
2021-03-31,WIPRO.NS,1.1102241263847485,0.009383363987029547,1.090607198091155,0.09086146144216169,0.07464368788852949,0.18978619910458616,-0.0033445069750405176,1
2021-03-31,ADANIENT.NS,6.493821187953984,0.23690987716640932,5.058502180547947,0.12471916439836223,1.1502449186383767,0.1236967633401973,-0.0033445069750405176,1
2021-03-31,NESTLEIND.NS,0.065341446797899,0.06605543429626226,-0.0006697470651086945,0.06578629374019233,-0.0666139551883631,-0.04469649537005416,-0.0033445069750405176,0
2021-03-31,POWERGRID.NS,0.44906071161833894,0.024913164212046146,0.4138375446981186,0.08873371020976384,0.1569076297810632,0.020403496803038212,-0.0033445069750405176,1
2021-03-31,NTPC.NS,0.3448148217895919,-0.006989753894701578,0.35428091206924783,0.0881854748973833,0.10569170793983718,-0.03847962913660141,-0.0033445069750405176,0
2021-03-31,TECHM.NS,0.8360111704550137,0.07901181944827074,0.7015672464031195,0.09227220300926625,0.018752500320922794,-0.031317742990227826,-0.0033445069750405176,0
2021-03-31,BAJAJFINSV.NS,1.1058981095718954,0.0020728113831036676,1.101542009372797,0.10340135427176421,0.08558485543026806,0.14201123344916877,-0.0033445069750405176,1
2021-03-31,JSWSTEEL.NS,2.236981073819777,0.1845997170647551,1.7325526312301411,0.09626671418936457,0.209839802739352,0.532394081614437,-0.0033445069750405176,1
2021-03-31,ONGC.NS,0.5212674623454623,-0.0797297759226433,0.6530660479324457,0.11880884757677905,0.1166314287781598,0.058737115584976074,-0.0033445069750405176,1
2021-03-31,TATASTEEL.NS,2.089366757896409,0.13521644531452104,1.7213900667554851,0.12067745119690863,0.2613221247216446,0.27363436239242866,-0.0033445069750405176,1
2021-03-31,COALINDIA.NS,0.022519777631357485,-0.11413015760178669,0.15425509334780774,0.09074094429327344,-0.004581653271648833,0.020713578388848797,-0.0033445069750405176,1
2021-03-31,HINDALCO.NS,2.4328573816298924,-0.039382694168777266,2.5735951880019883,0.117252211142992,0.3587611731741678,0.11488451980103531,-0.0033445069750405176,1
2021-03-31,GRASIM.NS,2.0649303952764373,0.20798628395257612,1.5372228443255755,0.0821509463941801,0.5633454948368357,-0.033642590398102246,-0.0033445069750405176,0
2021-03-31,ADANIPORTS.NS,1.79506567112047,0.039206963710148646,1.6896140698880635,0.10487521537327893,0.4519896119844442,0.039364938241721825,-0.0033445069750405176,1
2021-03-31,DRREDDY.NS,0.45641086890638993,0.020207529871201002,0.42756334006891583,0.07399595409354522,-0.13238930036815022,0.14329048204284822,-0.0033445069750405176,1
2021-03-31,CIPLA.NS,0.9276338312412151,0.035639268514876754,0.8612985137242553,0.07914467442094124,-0.005915060811777395,0.11685675241710003,-0.0033445069750405176,1
2021-03-31,BRITANNIA.NS,0.3927291574566685,0.0776812245648717,0.29233870435016795,0.05522097345791103,0.013617166686143767,-0.032819901218936076,-0.0033445069750405176,0
2021-03-31,EICHERMOT.NS,0.9883704355059257,0.04216365470130712,0.9079253306677726,0.0840100547110838,0.028863265704436314,-0.07000897945640805,-0.0033445069750405176,0
2021-03-31,HEROMOTOCO.NS,0.8790226408814781,-0.09627780473076664,1.0792038202864842,0.08663127881059285,-0.044119033245099915,-0.032417246609253825,-0.0033445069750405176,0
2021-03-31,BPCL.NS,0.4207028363735761,-0.03748951446967019,0.4760388148818855,0.09349104394962438,0.18137126188720165,-0.014370930336612076,-0.0033445069750405176,0
2021-03-31,INDUSINDBK.NS,1.716909113332553,-0.10207433707121183,2.0257617367463783,0.1382198568945402,0.06648418059764905,-0.0204306223264068,-0.0033445069750405176,0
2021-03-31,APOLLOHOSP.NS,1.5524637139001292,-0.05100303739009249,1.6896437127474124,0.1088253266897199,0.20302127730239983,0.10157972093440182,-0.0033445069750405176,1
2021-03-31,TATACONSUM.NS,1.1826134421517116,0.0488386494851738,1.0809811339647477,0.07619495447029147,0.08306506090025323,0.047894734856090304,-0.0033445069750405176,1
2021-03-31,SBILIFE.NS,0.3741809020806621,0.01609177561479047,0.3524180935813681,0.0678587539346783,-0.025877951919103137,0.05731466518407746,-0.0033445069750405176,1
2021-03-31,HDFCLIFE.NS,0.5774327439308033,-0.006351271200606967,0.5875154853131905,0.07216843798902454,0.029120365238914037,-0.04467097502818973,-0.0033445069750405176,0
2021-04-30,RELIANCE.NS,0.37898985104630545,-0.0042931741977589866,0.3849356209195949,0.08587667340227977,0.08282001637255165,0.08312852036524898,0.06529324908367296,1
2021-04-30,TCS.NS,0.5241107076502578,-0.0447471934194702,0.5955050821635792,0.06848421319039723,-0.02433036467429639,0.04577390310237517,0.06529324908367296,0
2021-04-30,HDFCBANK.NS,0.4097624417238679,-0.05446389412321695,0.49096627084019584,0.0870993521015071,0.015677726063780595,0.07332005463932845,0.06529324908367296,1
2021-04-30,INFY.NS,0.9392497371928874,-0.01001418333036519,0.9588661822617088,0.07118189414271202,0.09305508334495372,0.04019633851059212,0.06529324908367296,0
2021-04-30,ICICIBANK.NS,0.5796399042564511,0.03160982156698844,0.5312377521348324,0.11079071939674133,0.11824985110786557,0.10366344692202878,0.06529324908367296,1
2021-04-30,HINDUNILVR.NS,0.09127690926369003,-0.031976123353212316,0.1273243724564399,0.06313702643371605,0.03968822999634125,-0.0058204042712516335,0.06529324908367296,0
2021-04-30,BHARTIARTL.NS,0.04739906108415548,0.037598848983578126,0.009445087675432173,0.08659491340221707,-0.030437298927467604,-0.003446525282124524,0.06529324908367296,0
2021-04-30,ITC.NS,0.2013112629581162,-0.07276900902341465,0.2955900683311523,0.07771553522852967,0.02136088072644715,0.0691015826605863,0.06529324908367296,1
2021-04-30,LT.NS,0.5356600554899382,-0.0552893409022811,0.625534803382686,0.08806721011268283,0.004308085715668097,0.09493081056648545,0.06529324908367296,1
2021-04-30,KOTAKBANK.NS,0.2885353847077874,-0.0023958397523220487,0.2916299230226538,0.08102332391496768,0.020928978993645764,0.033680225316967016,0.06529324908367296,0
2021-04-30,AXISBANK.NS,0.6068781463390105,0.025019710869749412,0.5676558502231561,0.11100908772414804,0.07844324697752203,0.05007690184170044,0.06529324908367296,0
2021-04-30,SBIN.NS,0.8556429368506535,-0.029645877100125118,0.9123358092251095,0.11830116336118747,0.2531015749302681,0.20042446508679235,0.06529324908367296,1
2021-04-30,BAJFINANCE.NS,1.3518828972595909,0.05865206386387056,1.2215824986688104,0.11019460825916055,0.1515138235118969,0.03229154714072613,0.06529324908367296,0
2021-04-30,ASIANPAINT.NS,0.44568200215395426,-0.00039424760377970713,0.4462521836118045,0.0818744784953389,0.053606559391883524,0.17390793231914148,0.06529324908367296,1
2021-04-30,MARUTI.NS,0.21551821550497796,-0.05883357815046297,0.29150189306190644,0.08135385776232565,-0.10420936487684818,0.09768966484917385,0.06529324908367296,1
2021-04-30,HCLTECH.NS,0.7075292304742562,-0.0690540807471629,0.8341873519835534,0.08436229842187258,0.0008687747246161059,0.05144876931711839,0.06529324908367296,0
2021-04-30,SUNPHARMA.NS,0.42411169974136076,0.09476447260163035,0.30083843181087166,0.0812353271441416,0.12618772771206688,0.021162704334542815,0.06529324908367296,0
2021-04-30,TITAN.NS,0.5436227163233178,-0.04261737645235153,0.6123362575803974,0.07943230262315654,0.05023574435741884,0.07012380190631196,0.06529324908367296,1
2021-04-30,ULTRACEMCO.NS,0.7821766467716222,-0.06812154253784009,0.9124561068029515,0.09053669541955828,0.17864771526091894,0.06833131179699126,0.06529324908367296,1
2021-04-30,WIPRO.NS,1.5863199625583975,0.18978619910458616,1.173768669114518,0.08901904672123417,0.1791097014039995,0.09396256454172658,0.06529324908367296,1
2021-04-30,ADANIENT.NS,7.194484535067643,0.1236967633401973,6.292434046627913,0.13657816430559358,1.2869829977373066,0.13601463882035292,0.06529324908367296,1
2021-04-30,NESTLEIND.NS,-0.07448572325939484,-0.04469649537005416,-0.03118299864384988,0.060789492839223414,-0.03880559219379054,0.08500064603618407,0.06529324908367296,1
2021-04-30,POWERGRID.NS,0.4517098115449498,0.020403496803038212,0.4226821214286409,0.09280113196072481,0.21507341363469434,0.02544874723981283,0.06529324908367296,0
2021-04-30,NTPC.NS,0.14546291913467324,-0.03847962913660141,0.19130384945053547,0.08718284386493545,0.18744752215448335,0.0785751652382134,0.06529324908367296,1
2021-04-30,TECHM.NS,0.8411866395222294,-0.031317742990227826,0.9007126704331234,0.08773914614763918,-0.001040162589696303,0.06377553917701917,0.06529324908367296,0
2021-04-30,BAJAJFINSV.NS,1.1631842354585573,0.14201123344916877,0.894188228713988,0.1130826706495417,0.2658448623790479,0.06925140844641264,0.06529324908367296,1
2021-04-30,JSWSTEEL.NS,3.015767378327989,0.532394081614437,1.6205839780438338,0.1087381419200058,0.9567944165135374,-0.00968163855108295,0.06529324908367296,0
2021-04-30,ONGC.NS,0.37678972856882287,0.058737115584976074,0.30040754055185404,0.12250140306407808,0.24581566891270712,0.05085544111206386,0.06529324908367296,0
2021-04-30,TATASTEEL.NS,2.5561563081421865,0.27363436239242866,1.7921328233184664,0.12554666997096028,0.7204659529946142,0.08863632058689652,0.06529324908367296,1
2021-04-30,COALINDIA.NS,-0.01568921356836428,0.020713578388848797,-0.03566406162115854,0.09090339237602345,0.09310729579077126,0.11010887207652686,0.06529324908367296,1
2021-04-30,HINDALCO.NS,1.8131096316196444,0.11488451980103531,1.5232296095757776,0.12591618730344734,0.6102518727894259,0.08191549155950861,0.06529324908367296,1
2021-04-30,GRASIM.NS,1.7928731583040896,-0.033642590398102246,1.8901037344502245,0.08672039808555321,0.32785487612574404,0.049545405803011144,0.06529324908367296,0
2021-04-30,ADANIPORTS.NS,1.5165459495801525,0.039364938241721825,1.421234214266796,0.12168612664983625,0.43231292208608063,0.054105953163776865,0.06529324908367296,0
2021-04-30,DRREDDY.NS,0.32011370974625053,0.14329048204284822,0.15466168089447585,0.08038838139623224,0.12175463993804359,0.028287323510343798,0.06529324908367296,0
2021-04-30,CIPLA.NS,0.5440127817544025,0.11685675241710003,0.3824626823564006,0.07937809954045887,0.10225196795538416,0.04284078412188208,0.06529324908367296,0
2021-04-30,BRITANNIA.NS,0.13160484754189117,-0.032819901218936076,0.17000427218059122,0.05214075305751779,0.0014212359441305722,0.0033783309696031605,0.06529324908367296,0
2021-04-30,EICHERMOT.NS,0.6464905230961229,-0.07000897945640805,0.7704370114603123,0.09134670695595992,-0.11757098842356051,0.10509352891054147,0.06529324908367296,1
2021-04-30,HEROMOTOCO.NS,0.3396049411936022,-0.032417246609253825,0.38448617082018166,0.0845713074542695,-0.11659205739701983,0.06681095899032674,0.06529324908367296,1
2021-04-30,BPCL.NS,0.19932591772104047,-0.014370930336612076,0.21681264751113138,0.09343856128880262,0.1568053572810515,0.11901394940077359,0.06529324908367296,1
2021-04-30,INDUSINDBK.NS,0.9971164207814271,-0.0204306223264068,1.038769755670022,0.13855592836999173,0.10501128887378308,0.08348029040208504,0.06529324908367296,1
2021-04-30,APOLLOHOSP.NS,1.2969232461209441,0.10157972093440182,1.085117583839149,0.10935098047674502,0.2484140764117162,-0.00899146475687862,0.06529324908367296,0
2021-04-30,TATACONSUM.NS,0.917991774768049,0.047894734856090304,0.8303286684911639,0.07361169694604162,0.19596293272850307,-0.008439326362504218,0.06529324908367296,0
2021-04-30,SBILIFE.NS,0.2813314106017353,0.05731466518407746,0.2118732982660907,0.0719063824014627,0.07737356065543777,0.05055446295381372,0.06529324908367296,0
2021-04-30,HDFCLIFE.NS,0.32741249235277614,-0.04467097502818973,0.38948200845456915,0.07732705827234117,-0.0189542333704964,0.0012028628695333055,0.06529324908367296,0
2021-05-31,RELIANCE.NS,0.4812147489566878,0.08312852036524898,0.3675336962387412,0.077820693885493,0.03571772220804248,-0.019576847195886926,0.020089864095492627,0
2021-05-31,TCS.NS,0.6278965342097635,0.04577390310237517,0.5566429123737675,0.06492550539120369,0.09684697111347562,0.05906632557633351,0.020089864095492627,1
2021-05-31,HDFCBANK.NS,0.592864834090207,0.07332005463932845,0.484053919616235,0.0860181646294637,-0.012089389619120428,-0.007564778345770962,0.020089864095492627,0
2021-05-31,INFY.NS,1.0606712673202723,0.04019633851059212,0.9810406853295117,0.06494542864367435,0.12406457558227091,0.13420637235278887,0.020089864095492627,1
2021-05-31,ICICIBANK.NS,0.9965355015091595,0.10366344692202878,0.8090075439910893,0.1031642436095196,0.10874110791321034,-0.04805725504041913,0.020089864095492627,0
2021-05-31,HINDUNILVR.NS,0.15751394958274534,-0.0058204042712516335,0.1642905915145747,0.06347941256346896,0.09755869323877575,0.0637297947103086,0.020089864095492627,1
2021-05-31,BHARTIARTL.NS,-0.02855442700555133,-0.003446525282124524,-0.025194736018089636,0.08235088202783646,-0.038468527948795406,-0.017292938145016534,0.020089864095492627,0
2021-05-31,ITC.NS,0.184753592900484,0.0691015826605863,0.10817682072089352,0.07519988451159847,0.06254582427321997,-0.03711554245713544,0.020089864095492627,0
2021-05-31,LT.NS,0.6188550318708839,0.09493081056648545,0.4784998433219132,0.08100748870199219,0.01746965630619557,0.022381936897744925,0.020089864095492627,1
2021-05-31,KOTAKBANK.NS,0.4768792124065977,0.033680225316967016,0.428758310582684,0.07993071277751748,0.015362212070407777,-0.05634229375733624,0.020089864095492627,0
2021-05-31,AXISBANK.NS,0.9501235193755695,0.05007690184170044,0.8571244791265311,0.10284975074621018,0.03573415459237461,-0.0031970894313084752,0.020089864095492627,0
2021-05-31,SBIN.NS,1.630812103918824,0.20042446508679235,1.1915682164380184,0.11085076723970692,0.08765870294437028,-0.003015712287345984,0.020089864095492627,0
2021-05-31,BAJFINANCE.NS,1.8807357678518093,0.03229154714072613,1.7906222576664144,0.10377951815424458,0.06895693503798883,0.06892395036086785,0.020089864095492627,1
2021-05-31,ASIANPAINT.NS,0.7733263657120113,0.17390793231914148,0.5106179257249541,0.0871421128609654,0.30752660471128235,0.010080604747194188,0.020089864095492627,0
2021-05-31,MARUTI.NS,0.274335471615728,0.09768966484917385,0.16092508877800737,0.07946266932805646,0.03206316040966262,0.060623992464462706,0.020089864095492627,1
2021-05-31,HCLTECH.NS,0.7735180350449513,0.05144876931711839,0.6867374681476812,0.07357143902120447,0.057627168559070574,0.04052063583273635,0.020089864095492627,1
2021-05-31,SUNPHARMA.NS,0.4241987808242822,0.021162704334542815,0.39468350614350367,0.08264400540406343,0.12394889332500747,0.010698861123025427,0.020089864095492627,0
2021-05-31,TITAN.NS,0.8004425806428157,0.07012380190631196,0.6824619520054767,0.07957848283971615,0.13458680994631234,0.0853561013183306,0.020089864095492627,1
2021-05-31,ULTRACEMCO.NS,0.7232797007061933,0.06833131179699126,0.6130573743154109,0.09011145127667369,0.09697466622306972,0.010137060272719989,0.020089864095492627,0
2021-05-31,WIPRO.NS,1.5388248091219467,0.09396256454172658,1.3207602265489675,0.09071369556366458,0.313794775180376,0.012243665169101359,0.020089864095492627,0
2021-05-31,ADANIENT.NS,7.872936155304,0.13601463882035292,6.810582585905523,0.14324677157972965,0.5789599532521039,0.14529356276902838,0.020089864095492627,1
2021-05-31,NESTLEIND.NS,0.02615855085211627,0.08500064603618407,-0.054232313500489515,0.057311504374360146,0.10497170230406905,-0.00353474000150944,0.020089864095492627,0
2021-05-31,POWERGRID.NS,0.5311727174556429,0.02544874723981283,0.49317332687477644,0.09159229388502749,0.07243991217008738,0.029913597715536255,0.020089864095492627,1
2021-05-31,NTPC.NS,0.20011456739772138,0.0785751652382134,0.11268514803292828,0.08570231299250104,0.029823114882552293,0.053393576097025,0.020089864095492627,1
2021-05-31,TECHM.NS,1.016948354448552,0.06377553917701917,0.8960281376736174,0.07921799588856625,0.11187904844534247,0.07223600913281403,0.020089864095492627,1
2021-05-31,BAJAJFINSV.NS,1.6802648071110546,0.06925140844641264,1.5066740954827376,0.10532671021861782,0.22362822383700132,0.02564328948881922,0.020089864095492627,1
2021-05-31,JSWSTEEL.NS,2.9002428530533413,-0.00968163855108295,2.9383727545422524,0.10877076022276573,0.7976987726890938,-0.037980053068951136,0.020089864095492627,0
2021-05-31,ONGC.NS,0.38942167542972017,0.05085544111206386,0.3221815494996818,0.11779385538630814,0.02387393174191943,0.035635391014970486,0.020089864095492627,1
2021-05-31,TATASTEEL.NS,2.912015532884952,0.08863632058689652,2.593500840368746,0.12890132463177587,0.5740055573231784,0.059571598259070324,0.020089864095492627,1
2021-05-31,COALINDIA.NS,0.14837053065919314,0.11010887207652686,0.03446658210297482,0.10008022661495125,0.003781952512551312,-0.007109048335907531,0.020089864095492627,0
2021-05-31,HINDALCO.NS,1.8539413523005241,0.08191549155950861,1.63785977238089,0.1286458198291911,0.15870700092278223,-0.056309528192341696,0.020089864095492627,0
2021-05-31,GRASIM.NS,1.5118577289256399,0.049545405803011144,1.3932816198683735,0.08652425896617501,0.22518315206174022,0.018726129428090488,0.020089864095492627,0
2021-05-31,ADANIPORTS.NS,1.3766213036606727,0.054105953163776865,1.2546322753680683,0.12343761012425176,0.13855594849777741,-0.0791633177692842,0.020089864095492627,0
2021-05-31,DRREDDY.NS,0.31246039838167317,0.028287323510343798,0.2763557114574027,0.07598427702669572,0.19938771054297644,0.021453598762894766,0.020089864095492627,1
2021-05-31,CIPLA.NS,0.46470717344047197,0.04284078412188208,0.40453576014848713,0.0747558241878716,0.20621296189319493,0.02375303285664221,0.020089864095492627,1
2021-05-31,BRITANNIA.NS,0.06381777840277247,0.0033783309696031605,0.06023595045625951,0.05357527039833182,0.04583310757533243,0.058529081184415466,0.020089864095492627,1
2021-05-31,EICHERMOT.NS,0.6171605012203696,0.10509352891054147,0.4633698043772372,0.0843124784026954,0.07105978757985887,-0.001868292864499188,0.020089864095492627,0
2021-05-31,HEROMOTOCO.NS,0.3115796141540488,0.06681095899032674,0.229439576994392,0.08237940164180423,-0.06715274970695184,-0.03487938516792033,0.020089864095492627,0
2021-05-31,BPCL.NS,0.44855057829267264,0.11901394940077359,0.29448840121105224,0.08516548488909824,0.06158426730147459,-0.008262680218593665,0.020089864095492627,0
2021-05-31,INDUSINDBK.NS,1.5733517993798696,0.08348029040208504,1.3750794750727637,0.13061049079484938,-0.04699188302885182,0.0033070077943411214,0.020089864095492627,0
2021-05-31,APOLLOHOSP.NS,1.3390088672553464,-0.00899146475687862,1.3602307993054001,0.09778668485340976,0.035996169663651933,0.14235901504298498,0.020089864095492627,1
2021-05-31,TATACONSUM.NS,0.822498636001632,-0.008439326362504218,0.8380102039705524,0.07616256803923788,0.08979706699811518,0.14290651090247408,0.020089864095492627,1
2021-05-31,SBILIFE.NS,0.27290547690584477,0.05055446295381372,0.21165110595680403,0.07315855630542965,0.12864084779103857,0.033311100928362425,0.020089864095492627,1
2021-05-31,HDFCLIFE.NS,0.2727448022802632,0.0012028628695333055,0.2712157041106209,0.06868915381002254,-0.049596697374353904,0.033676641628910264,0.020089864095492627,1
2021-06-30,RELIANCE.NS,0.24794731419272464,-0.019576847195886926,0.2728660177225155,0.07878598869014485,0.05736525291471084,-0.03569984086148337,-0.002767204305117954,0
2021-06-30,TCS.NS,0.6283480436738966,0.05906632557633351,0.5375316959377079,0.06416193168764643,0.05798444271230285,-0.05122547397899335,-0.002767204305117954,0
2021-06-30,HDFCBANK.NS,0.41143961277887753,-0.007564778345770962,0.42219822713087085,0.08058616809759941,0.007185652199385606,-0.04770013489361946,-0.002767204305117954,0
2021-06-30,INFY.NS,1.1944746638064894,0.13420637235278887,0.934810734006271,0.061290001522497084,0.16798260902529316,0.018787927648926894,-0.002767204305117954,1
2021-06-30,ICICIBANK.NS,0.7951344335955246,-0.04805725504041913,0.8857588264636076,0.09820550404419048,0.08383446134565742,0.0849553813230215,-0.002767204305117954,1
2021-06-30,HINDUNILVR.NS,0.15413158073547262,0.0637297947103086,0.0849856669190916,0.06018874019774079,0.023722477109296758,-0.05584092931661322,-0.002767204305117954,0
2021-06-30,BHARTIARTL.NS,-0.05771620739596539,-0.017292938145016534,-0.04113460747360953,0.07661514951002187,0.01614144706358167,0.0684868154698326,-0.002767204305117954,1
2021-06-30,ITC.NS,0.15660465179363192,-0.03711554245713544,0.20118737272498088,0.06908818719255523,-0.04548867020674119,0.011100194168938149,-0.002767204305117954,1
2021-06-30,LT.NS,0.6350936621141257,0.022381936897744925,0.5992982691728268,0.07870106738403708,0.05754452226645945,0.0793220333171023,-0.002767204305117954,1
2021-06-30,KOTAKBANK.NS,0.253886694886849,-0.05634229375733624,0.3287516083341442,0.07521575995946635,-0.026896688260691137,-0.029926661839553947,-0.002767204305117954,0
2021-06-30,AXISBANK.NS,0.840157224329529,-0.0031970894313084752,0.8460592408179173,0.09966034958864413,0.07290833663458907,-0.05265272353916961,-0.002767204305117954,0
2021-06-30,SBIN.NS,1.370805990912677,-0.003015712287345984,1.3779772862338024,0.10545851983900056,0.16132401618909786,0.03005712655202264,-0.002767204305117954,1
2021-06-30,BAJFINANCE.NS,1.1249912237629025,0.06892395036086785,0.9879723183726095,0.10653519879849495,0.16816025979179883,0.03695445791573193,-0.002767204305117954,1
2021-06-30,ASIANPAINT.NS,0.7865849556444062,0.010080604747194188,0.7687548372355468,0.08454352499644253,0.18527415839646366,-0.011444484530897747,-0.002767204305117954,0
2021-06-30,MARUTI.NS,0.2989236132847426,0.060623992464462706,0.22467870094713538,0.07690690811480526,0.09573982543252502,-0.07160804326659898,-0.002767204305117954,0
2021-06-30,HCLTECH.NS,0.8235100480549051,0.04052063583273635,0.7524977259057786,0.06954094394190329,0.018505238932277956,0.048434011634581386,-0.002767204305117954,1
2021-06-30,SUNPHARMA.NS,0.44339263188251166,0.010698861123025427,0.42811344447217836,0.07154657679268676,0.1298932556126351,0.14582855873398026,-0.002767204305117954,1
2021-06-30,TITAN.NS,0.8309925253723458,0.0853561013183306,0.6869970354875474,0.08055893646292528,0.11196678948057714,-0.007986535074236856,-0.002767204305117954,0
2021-06-30,ULTRACEMCO.NS,0.7458007521774195,0.010137060272719989,0.7282810628748564,0.08338012905106253,0.005646935275749776,0.12443934016441816,-0.002767204305117954,1
2021-06-30,WIPRO.NS,1.4897641842154443,0.012243665169101359,1.4596490646345655,0.08718831552544604,0.3175176904596657,0.0760563458722272,-0.002767204305117954,1
2021-06-30,ADANIENT.NS,8.648319898598038,0.14529356276902838,7.424320377101271,0.1546566500606733,0.4620084322331177,-0.057302301540171796,-0.002767204305117954,0
2021-06-30,NESTLEIND.NS,0.04049027735049271,-0.00353474000150944,0.04418118635873847,0.05233559894937331,0.0328411442827532,0.003950006157433128,-0.002767204305117954,1
2021-06-30,POWERGRID.NS,0.42094685263860265,0.029913597715536255,0.3796757861925719,0.09467888624034361,0.07767222321315814,-0.018072524321950945,-0.002767204305117954,0
2021-06-30,NTPC.NS,0.29124508249107883,0.053393576097025,0.22579547833899638,0.08168926989244292,0.09244497525403816,0.015463881043221495,-0.002767204305117954,1
2021-06-30,TECHM.NS,1.1111054355095762,0.07223600913281403,0.9688813074063447,0.07481375318761106,0.10489684362589169,0.1337709023673097,-0.002767204305117954,1
2021-06-30,BAJAJFINSV.NS,1.0716408044753027,0.02564328948881922,1.0198453260565952,0.10461047924274026,0.25241006676483946,0.1747945029981406,-0.002767204305117954,1
2021-06-30,JSWSTEEL.NS,2.650060320158392,-0.037980053068951136,2.7941628256279847,0.10786990516069629,0.45992106277519595,0.0881056587593303,-0.002767204305117954,1
2021-06-30,ONGC.NS,0.4716579283939968,0.035635391014970486,0.4210193482782625,0.1073943849590747,0.1522268697899818,-0.020390568146704924,-0.002767204305117954,0
2021-06-30,TATASTEEL.NS,2.7453992143591655,0.059571598259070324,2.534824093542188,0.12845563923818534,0.4691221140471664,0.22947009678977115,-0.002767204305117954,1
2021-06-30,COALINDIA.NS,0.2127302658818746,-0.007109048335907531,0.22141335244251126,0.09729721415069285,0.12504791380562508,-0.02284353714999099,-0.002767204305117954,0
2021-06-30,HINDALCO.NS,1.5578388931191705,-0.056309528192341696,1.7104638327221617,0.12033913090002392,0.13828967035055095,0.1955381834497658,-0.002767204305117954,1
2021-06-30,GRASIM.NS,1.4329531920797192,0.018726129428090488,1.3882308716726164,0.08284629557423526,0.033228693836198975,0.035095896106353,-0.002767204305117954,1
2021-06-30,ADANIPORTS.NS,1.0605695327478037,-0.0791633177692842,1.2377144313539934,0.1374935015578811,0.008869377092782127,-0.04149486056832097,-0.002767204305117954,0
2021-06-30,DRREDDY.NS,0.3835381330467551,0.021453598762894766,0.3544796696809225,0.0746656984272633,0.200852627896974,-0.12727278534342135,-0.002767204305117954,0
2021-06-30,CIPLA.NS,0.5180007094343686,0.02375303285664221,0.48278018302773296,0.07008355274964663,0.19236901839379517,-0.05334911327786884,-0.002767204305117954,0
2021-06-30,BRITANNIA.NS,0.05579156927897544,0.058529081184415466,-0.002586147092318858,0.05132756681498748,0.02724695689204637,-0.06199225793802865,-0.002767204305117954,0
2021-06-30,EICHERMOT.NS,0.4569139356958434,-0.001868292864499188,0.45964097250951363,0.08227620504071893,0.02580696361712298,-0.05274881336667947,-0.002767204305117954,0
2021-06-30,HEROMOTOCO.NS,0.1733408168135,-0.03487938516792033,0.21574526414778572,0.07917345339115307,-0.0037755889363492168,-0.03610846002368251,-0.002767204305117954,0
2021-06-30,BPCL.NS,0.31673851355088467,-0.008262680218593665,0.3277089480116706,0.0757682110674328,0.09381949786821009,-0.048280349238242315,-0.002767204305117954,0
2021-06-30,INDUSINDBK.NS,1.1405855346752913,0.0033070077943411214,1.133529934552267,0.12171507836042006,0.0648539870475584,-0.03478132225626285,-0.002767204305117954,0
2021-06-30,APOLLOHOSP.NS,1.6860418476526822,0.14235901504298498,1.351311463630907,0.10182328518412344,0.2470846700188576,0.11468708544847495,-0.002767204305117954,1
2021-06-30,TATACONSUM.NS,0.9582353656841218,0.14290651090247408,0.7133819319463315,0.06996881410900341,0.187538392150157,0.0024521264640009477,-0.002767204305117954,1
2021-06-30,SBILIFE.NS,0.2536560821758864,0.033311100928362425,0.21324166657026966,0.07070126087703289,0.14776749991706373,0.08971885325325424,-0.002767204305117954,1
2021-06-30,HDFCLIFE.NS,0.2537802425044191,0.033676641628910264,0.2129327412571309,0.06741005224972706,-0.01131087317131696,-0.03242021280187335,-0.002767204305117954,0
2021-07-31,RELIANCE.NS,-0.011951273084408465,-0.03569984086148337,0.0246277754410944,0.06983419092768188,0.02401375106742676,0.10949250421456069,0.06288618966026682,1
2021-07-31,TCS.NS,0.40685008404353584,-0.05122547397899335,0.48280760650648724,0.05538285756828642,0.05080946243453166,0.19542523464772033,0.06288618966026682,1
2021-07-31,HDFCBANK.NS,0.38712589142695886,-0.04770013489361946,0.4566062038368599,0.07893664595951928,0.01439041276711106,0.10862637742741321,0.06288618966026682,1
2021-07-31,INFY.NS,0.7032780626226314,0.018787927648926894,0.6718671436883958,0.05334473991905082,0.2019632622433336,0.05957756943047232,0.06288618966026682,0
2021-07-31,ICICIBANK.NS,0.9737554071198202,0.0849553813230215,0.8192042189909912,0.09631291216277549,0.13988060865311414,0.05355303611117557,0.06288618966026682,0
2021-07-31,HINDUNILVR.NS,0.07036363760572883,-0.05584092931661322,0.13366875438796,0.05459609430634143,-0.0015154729722794968,0.16748811599238755,0.06288618966026682,1
2021-07-31,BHARTIARTL.NS,0.015890622509682206,0.0684868154698326,-0.04922493398949701,0.07484064694163017,0.04639065463830083,0.18231969599432163,0.06288618966026682,1
2021-07-31,ITC.NS,0.11290920200966315,0.011100194168938149,0.10069131469646853,0.06397329604931722,0.04084807376200672,0.030983144753938596,0.06288618966026682,0
2021-07-31,LT.NS,0.8231389704914491,0.0793220333171023,0.6891519993234634,0.0795756645512756,0.2082335401890827,0.04417878022538546,0.06288618966026682,0
2021-07-31,KOTAKBANK.NS,0.21164185236489885,-0.029926661839553947,0.24902087780552762,0.07544292985285328,-0.05375136190333085,0.06029189306408833,0.06288618966026682,0
2021-07-31,AXISBANK.NS,0.6423026666794458,-0.05265272353916961,0.7335803960031224,0.08783617565438025,-0.008392931546215676,0.10946538498017055,0.06288618966026682,1
2021-07-31,SBIN.NS,1.2762421977052663,0.03005712655202264,1.2098213186725673,0.09978791997615145,0.2327768294905559,-0.013316298655027925,0.06288618966026682,0
2021-07-31,BAJFINANCE.NS,0.9186671765618888,0.03695445791573193,0.8502906872288207,0.1027368467390279,0.1442182283478426,0.20815361499425022,0.06288618966026682,1
2021-07-31,ASIANPAINT.NS,0.7357236074438032,-0.011444484530897747,0.7558180398398211,0.08069640657834566,0.1721714324042669,0.0821039343911818,0.06288618966026682,1
2021-07-31,MARUTI.NS,0.1241812040246768,-0.07160804326659898,0.2108907190236451,0.0660984031474922,0.08086733332975582,-0.012604633395422726,0.06288618966026682,0
2021-07-31,HCLTECH.NS,0.5050021318987825,0.048434011634581386,0.43547625811221047,0.06422714641182294,0.1470435730376629,0.15351972807613867,0.06288618966026682,1
2021-07-31,SUNPHARMA.NS,0.4711356292114328,0.14582855873398026,0.2839055354292117,0.07561839622880367,0.182595885236569,0.028673797706841864,0.06288618966026682,0
2021-07-31,TITAN.NS,0.6537533187862912,-0.007986535074236856,0.6670674111364496,0.07633834225694662,0.15218931342981912,0.12076040825588752,0.06288618966026682,1
2021-07-31,ULTRACEMCO.NS,0.8505332192246446,0.12443934016441816,0.6457385944483722,0.08007283655179251,0.2134511397756511,0.03300490303948145,0.06288618966026682,0
2021-07-31,WIPRO.NS,1.094572140795464,0.0760563458722272,0.9465264517330181,0.0829608914723715,0.1915781782348791,0.09162887323595026,0.06288618966026682,1
2021-07-31,ADANIENT.NS,7.109353016299053,-0.057302301540171796,7.602283669036266,0.14925880503302352,0.22651593308698037,0.1178313450945776,0.06288618966026682,1
2021-07-31,NESTLEIND.NS,0.0858379754101859,0.003950006157433128,0.08156578390409575,0.04986181057279642,0.08543606103904189,0.099708246497616,0.06288618966026682,1
2021-07-31,POWERGRID.NS,0.368268920988267,-0.018072524321950945,0.3934521182874917,0.0882503898021258,0.0370367889402714,0.024540023075359185,0.06288618966026682,0
2021-07-31,NTPC.NS,0.4438412283171489,0.015463881043221495,0.4218538495272133,0.07653903181090156,0.15373365766707536,-0.019035546852039453,0.06288618966026682,0
2021-07-31,TECHM.NS,0.8926278094724771,0.1337709023673097,0.6693212054751774,0.07529431078692672,0.29319999654735307,0.19685021205967868,0.06288618966026682,1
2021-07-31,BAJAJFINSV.NS,1.2922775961653334,0.1747945029981406,0.9512158001380788,0.10297062397062634,0.28836251241687694,0.205773541342668,0.06288618966026682,1
2021-07-31,JSWSTEEL.NS,2.3786854471776175,0.0881056587593303,2.1051078725479937,0.10744053285821503,0.03664480880403076,-0.06696527786983741,0.06288618966026682,0
2021-07-31,ONGC.NS,0.49780582928007844,-0.020390568146704924,0.5289826542874567,0.09975456085434613,0.06611196742395742,0.0455332935725814,0.06288618966026682,0
2021-07-31,TATASTEEL.NS,3.1070338736940872,0.22947009678977115,2.340491065555663,0.12277540829980456,0.418179158075376,0.011120440444454927,0.06288618966026682,0
2021-07-31,COALINDIA.NS,0.2180336658176416,-0.02284353714999099,0.2465083250486637,0.09036362034555008,0.07703851821620544,0.017795038724160328,0.06288618966026682,0
2021-07-31,HINDALCO.NS,1.741132122683017,0.1955381834497658,1.2928018198242635,0.12099132045180135,0.22063652383781784,0.060116264115431806,0.06288618966026682,0
2021-07-31,GRASIM.NS,1.4652320319405097,0.035095896106353,1.3816460302990268,0.07569907194960727,0.1067238374772399,-0.027013760453729718,0.06288618966026682,0
2021-07-31,ADANIPORTS.NS,1.1549025885619733,-0.04149486056832097,1.248190958933895,0.13026114286607163,-0.06961794901939,0.10941426008411526,0.06288618966026682,1
2021-07-31,DRREDDY.NS,0.0468460501277046,-0.12727278534342135,0.19951117891934023,0.08044653231980362,-0.08333290128948923,-0.001517562759740465,0.06288618966026682,0
2021-07-31,CIPLA.NS,0.27758107759709216,-0.05334911327786884,0.34957997242345407,0.06931265705497479,0.010655293187446402,0.03584475187756153,0.06288618966026682,0
2021-07-31,BRITANNIA.NS,-0.06658914714983244,-0.06199225793802865,-0.004900694318043297,0.04937299408945747,-0.0037371532057779433,0.16769883089207527,0.06288618966026682,1
2021-07-31,EICHERMOT.NS,0.22597349970544744,-0.05274881336667947,0.29424329787619463,0.07252203714685643,0.044845425469886235,0.06548048625644531,0.06288618966026682,1
2021-07-31,HEROMOTOCO.NS,0.06655279182178941,-0.03610846002368251,0.10650705767994828,0.0681247173064017,-0.007576066876879839,-0.007762190507445976,0.06288618966026682,0
2021-07-31,BPCL.NS,0.13263403128705953,-0.048280349238242315,0.1900920931710275,0.06684824985764513,0.056187913433863645,0.05869818049222908,0.06288618966026682,0
2021-07-31,INDUSINDBK.NS,0.8730310606406171,-0.03478132225626285,0.9405250891113626,0.11133670244904652,0.04925386684624877,0.01660918179490034,0.06288618966026682,0
2021-07-31,APOLLOHOSP.NS,1.4134605093000552,0.11468708544847495,1.1651462018410674,0.09766772467385236,0.2619233539917112,0.23236206232749157,0.06288618966026682,1
2021-07-31,TATACONSUM.NS,0.7768457550862242,0.0024521264640009477,0.7724993624920324,0.0646156196774557,0.1360400495113212,0.1437356636656657,0.06288618966026682,1
2021-07-31,SBILIFE.NS,0.20689893211314914,0.08971885325325424,0.10753239563586936,0.07197850508288381,0.1829438529477163,0.0850628300406604,0.06288618966026682,1
2021-07-31,HDFCLIFE.NS,0.06204711290654097,-0.03242021280187335,0.0976325952219077,0.0646269306660767,0.0013676858297348993,0.08086741294900257,0.06288618966026682,1
2021-08-31,RELIANCE.NS,0.08906736756219846,0.10949250421456069,-0.018409440870284954,0.06349490774616336,0.04893884673890869,0.11562532782728052,0.024906549547434875,1
2021-08-31,TCS.NS,0.6997762695980745,0.19542523464772033,0.42190094397579037,0.051975277274325084,0.20118138774961736,-0.0028787825488983954,0.024906549547434875,0
2021-08-31,HDFCBANK.NS,0.4233493601941194,0.10862637742741321,0.28388552642688003,0.06528014618873303,0.04775827465647908,0.008568353172630827,0.024906549547434875,0
2021-08-31,INFY.NS,0.8774432303308082,0.05957756943047232,0.7718789869626463,0.05133598291483599,0.22435858001200248,-0.018312723158980138,0.024906549547434875,0
2021-08-31,ICICIBANK.NS,0.8275605612323513,0.05355303611117557,0.7346640354985403,0.07795093622230755,0.08812580447414753,-0.02531109232053963,0.024906549547434875,0
2021-08-31,HINDUNILVR.NS,0.3042587805646155,0.16748811599238755,0.11714951330015921,0.0571998326466823,0.1725434964822976,-0.008186163646641043,0.024906549547434875,0
2021-08-31,BHARTIARTL.NS,0.2941920436559231,0.18231969599432163,0.09462106403253112,0.07769000119276454,0.24144695901391322,0.05597915594811398,0.024906549547434875,1
2021-08-31,ITC.NS,0.1657030563513513,0.030983144753938596,0.1306713036803,0.053992376407899195,0.00373700469856586,0.11760526498579815,0.024906549547434875,1
2021-08-31,LT.NS,0.8242951736950512,0.04417878022538546,0.7471099856111594,0.06830124298542371,0.15222972268842683,0.018388940529636244,0.024906549547434875,0
2021-08-31,KOTAKBANK.NS,0.2520575016901425,0.06029189306408833,0.18086114765235028,0.06589889697961338,-0.029390584027878086,0.14358222521237596,0.024906549547434875,1
2021-08-31,AXISBANK.NS,0.583291290922257,0.10946538498017055,0.42707588029035737,0.07350637606446796,0.047688713104351965,-0.025365489870005198,0.024906549547434875,0
2021-08-31,SBIN.NS,1.0282241221352608,-0.013316298655027925,1.055597066588351,0.08146308714456689,0.0132755874532402,0.06325549196972502,0.024906549547434875,1
2021-08-31,BAJFINANCE.NS,1.1608633156758543,0.20815361499425022,0.7885666928920607,0.09500954935765464,0.33914822101348596,0.019084288486106882,0.024906549547434875,0
2021-08-31,ASIANPAINT.NS,0.6966507008409231,0.0821039343911818,0.5679184290143999,0.07652509587567459,0.08050323527481806,0.013525526824506473,0.024906549547434875,0
2021-08-31,MARUTI.NS,0.007280647316952882,-0.012604633395422726,0.02013912702543519,0.062335916641558846,-0.027736680940064318,0.07185837601009304,0.024906549547434875,1
2021-08-31,HCLTECH.NS,0.7630503229518886,0.15351972807613867,0.5284093371271041,0.06402576898664761,0.25839454006039886,0.08225496012700217,0.024906549547434875,1
2021-08-31,SUNPHARMA.NS,0.5436844881261418,0.028673797706841864,0.5006550099432698,0.07183320468844889,0.19129438947884547,0.030476726375094243,0.024906549547434875,1
2021-08-31,TITAN.NS,0.7503040083593708,0.12076040825588752,0.5617111342139316,0.07378139175035538,0.20670913309965688,0.1250260734456059,0.024906549547434875,1
2021-08-31,ULTRACEMCO.NS,1.0161304846569115,0.03300490303948145,0.9517143420372083,0.0715945551293356,0.17332606762094982,-0.05571049324764965,0.024906549547434875,0
2021-08-31,WIPRO.NS,1.3678256029392553,0.09162887323595026,1.1690756455719558,0.08086619855221436,0.18903624880801218,-0.010687201187858486,0.024906549547434875,0
2021-08-31,ADANIENT.NS,4.682781874606934,0.1178313450945776,4.083756059932391,0.14512472650017175,0.20688405625322526,-0.07527082901821402,0.024906549547434875,0
2021-08-31,NESTLEIND.NS,0.23697811826798,0.099708246497616,0.12482389961841722,0.05198872050656831,0.1001495637180625,-0.0011402922227216061,0.024906549547434875,0
2021-08-31,POWERGRID.NS,0.3967543575861405,0.024540023075359185,0.3632989694180093,0.08044434322358372,0.03611779577549945,0.10208823148615509,0.024906549547434875,1
2021-08-31,NTPC.NS,0.24005840135779044,-0.019035546852039453,0.2641216482191433,0.0713258382755692,0.04932112572962555,0.257565749455652,0.024906549547434875,1
2021-08-31,TECHM.NS,1.083762724235017,0.19685021205967868,0.7410388561898957,0.07356246522000344,0.45497488248384754,-0.04631657342124362,0.024906549547434875,0
2021-08-31,BAJAJFINSV.NS,1.7709109824859977,0.205773541342668,1.2980359806207873,0.09424099261237816,0.4528607742375397,0.037203887184711126,0.024906549547434875,1
2021-08-31,JSWSTEEL.NS,1.5734727751795967,-0.06696527786983741,1.7581747111235435,0.10580234073584459,-0.02331852181856575,-0.028068578195364013,0.024906549547434875,0
2021-08-31,ONGC.NS,0.49625693501901025,0.0455332935725814,0.43109448949856843,0.0827844118539685,0.06071255189803715,0.21744957331767667,0.024906549547434875,1
2021-08-31,TATASTEEL.NS,2.5900831837499316,0.011120440444454927,2.5505989594789025,0.1223848507809649,0.31719832218096644,-0.11125664808569802,0.024906549547434875,0
2021-08-31,COALINDIA.NS,0.19264874412342037,0.017795038724160328,0.17179657862986342,0.0787298071800277,-0.012525268530862665,0.3006818987244426,0.024906549547434875,1
2021-08-31,HINDALCO.NS,1.5584637149502223,0.060116264115431806,1.4133803070034228,0.11619465363523489,0.19604224321490804,0.04196033752608774,0.024906549547434875,1
2021-08-31,GRASIM.NS,1.2367075012417241,-0.027013760453729718,1.2988069207276363,0.0676961759609387,0.025993786347254577,0.11266994529194774,0.024906549547434875,1
2021-08-31,ADANIPORTS.NS,1.1181794192965593,0.10941426008411526,0.9092772605392325,0.12584683881268707,-0.0208013610147737,-0.013898103327185662,0.024906549547434875,0
2021-08-31,DRREDDY.NS,0.10808766344147869,-0.001517562759740465,0.1097718118148987,0.07421081495537939,-0.1099024777103349,0.037552705949714715,0.024906549547434875,1
2021-08-31,CIPLA.NS,0.33561601683466136,0.03584475187756153,0.28939787010914264,0.06620501112794124,0.0038751814707893573,0.03771896806920472,0.024906549547434875,1
2021-08-31,BRITANNIA.NS,0.09465542908703428,0.16769883089207527,-0.06255328846157937,0.05220563552182145,0.15941806351214338,-0.012145160318567716,0.024906549547434875,0
2021-08-31,EICHERMOT.NS,0.2886864429860452,0.06548048625644531,0.20948854494166436,0.07407520786438587,0.0073920287000404095,0.04141064625095314,0.024906549547434875,1
2021-08-31,HEROMOTOCO.NS,-0.05774349010637081,-0.007762190507445976,-0.05037229897990492,0.05890089359069326,-0.07694934965605416,0.03306143314947296,0.024906549547434875,1
2021-08-31,BPCL.NS,0.21676066394701832,0.05869818049222908,0.14929890913886346,0.05990936558842289,-0.0007414806499080884,0.03940101080222713,0.024906549547434875,1
2021-08-31,INDUSINDBK.NS,0.5825033667352517,0.01660918179490034,0.5566487053965246,0.09119926068473727,-0.015504827804620702,0.12041517245977218,0.024906549547434875,1
2021-08-31,APOLLOHOSP.NS,2.047132460511394,0.23236206232749157,1.4725951517498435,0.09784883193810434,0.5692563804638984,-0.09818779775198183,0.024906549547434875,0
2021-08-31,TATACONSUM.NS,0.6340777136161504,0.1437356636656657,0.4287197343999414,0.06486395346498953,0.3103883146273587,-0.0593676074741436,0.024906549547434875,0
2021-08-31,SBILIFE.NS,0.44419560108260425,0.0850628300406604,0.33097877938412656,0.06796151247381481,0.22180091572756688,0.019336372719775508,0.024906549547434875,0
2021-08-31,HDFCLIFE.NS,0.25238039690136027,0.08086741294900257,0.1586808723230979,0.05540537664956139,0.08104535068089946,0.00647861726599408,0.024906549547434875,0
2021-09-30,RELIANCE.NS,0.13143950356611245,0.11562532782728052,0.01417516736522173,0.05992630730165136,0.1935894633015396,0.00674827627114416,-0.02697704868968187,1
2021-09-30,TCS.NS,0.535037800961615,-0.0028787825488983954,0.5394695991782892,0.050858181743676435,0.13092392686615995,-0.09833795074549356,-0.02697704868968187,0
2021-09-30,HDFCBANK.NS,0.48512230825122904,0.008568353172630827,0.4725053622588029,0.05902933508645941,0.0647907435528885,-0.007586410643711683,-0.02697704868968187,1
2021-09-30,INFY.NS,0.6974633291811461,-0.018312723158980138,0.7291283784826348,0.04756299201321307,0.05971652918474746,0.004375733444924812,-0.02697704868968187,1
2021-09-30,ICICIBANK.NS,0.9814012638239078,-0.02531109232053963,1.032855045556257,0.07156609093975606,0.11412598856013423,0.1443960565855147,-0.02697704868968187,1
2021-09-30,HINDUNILVR.NS,0.32429135575919465,-0.008186163646641043,0.3352216990925121,0.05248034906495486,0.09327093150944421,-0.10879529295936974,-0.02697704868968187,0
2021-09-30,BHARTIARTL.NS,0.665810420201089,0.05597915594811398,0.5775031266648782,0.07835724320703533,0.33401108307830474,-0.004285963272944837,-0.02697704868968187,1
2021-09-30,ITC.NS,0.4499957952307492,0.11760526498579815,0.2974131749899862,0.055758265135993836,0.16502219173296173,-0.05483798709878629,-0.02697704868968187,0
2021-09-30,LT.NS,0.9471696389880486,0.018388940529636244,0.912009804402804,0.06459306635871533,0.14772959516085882,0.0374056029341816,-0.02697704868968187,1
2021-09-30,KOTAKBANK.NS,0.5821604219460466,0.14358222521237596,0.38351260369775475,0.06580081280827813,0.17624395836179607,0.012789780943414986,-0.02697704868968187,1
2021-09-30,AXISBANK.NS,0.8051337252198734,-0.025365489870005198,0.8521134912195014,0.07079920668313629,0.02438863775249578,-0.03202663418548468,-0.02697704868968187,0
2021-09-30,SBIN.NS,1.465924181133551,0.06325549196972502,1.319220732700213,0.08270174120404675,0.080629701507414,0.10849890314610855,-0.02697704868968187,1
2021-09-30,BAJFINANCE.NS,1.342612716367534,0.019084288486106882,1.2987428447627085,0.09310542381464669,0.27670907881542073,-0.03493695355236137,-0.02697704868968187,0
2021-09-30,ASIANPAINT.NS,0.6440243717927177,0.013525526824506473,0.6220848200475402,0.07213974016599607,0.0841883366739653,-0.043422089506285344,-0.02697704868968187,0
2021-09-30,MARUTI.NS,0.09511228234287272,0.07185837601009304,0.021694942963771613,0.06358324590737606,-0.01743823482601148,0.01967141775727166,-0.02697704868968187,1
2021-09-30,HCLTECH.NS,0.6280089501367088,0.08225496012700217,0.5042748798727266,0.0627797689158303,0.3088675859726342,-0.09882163653525011,-0.02697704868968187,0
2021-09-30,SUNPHARMA.NS,0.6536670710035519,0.030476726375094243,0.6047592620753826,0.0704210257452827,0.21460623914737909,-0.028414321662911912,-0.02697704868968187,0
2021-09-30,TITAN.NS,0.8038340340199239,0.1250260734456059,0.6033708698815663,0.07016963109427628,0.2508145816410585,0.10255110931202438,-0.02697704868968187,1
2021-09-30,ULTRACEMCO.NS,0.8353130415870713,-0.05571049324764965,0.9435914817047744,0.06430543924461522,0.09684075283242355,0.03244272644331092,-0.02697704868968187,1
2021-09-30,WIPRO.NS,1.0268719284586507,-0.010687201187858486,1.0487675191226646,0.0786431086422818,0.16210041087373117,0.01994951907474496,-0.02697704868968187,1
2021-09-30,ADANIENT.NS,3.9446138720988593,-0.07527082901821402,4.347094076040833,0.1323237366405491,-0.02554163483476035,-0.030311231258516536,-0.02697704868968187,0
2021-09-30,NESTLEIND.NS,0.23796579674448726,-0.0011402922227216061,0.2393790510373892,0.05097095536495558,0.1027931588185913,-0.01712239073432753,-0.02697704868968187,1
2021-09-30,POWERGRID.NS,0.6577232420359285,0.10208823148615509,0.5041656327284296,0.0766669585083007,0.1087272094381515,-0.02553977571645183,-0.02697704868968187,1
2021-09-30,NTPC.NS,0.7665268156156324,0.257565749455652,0.404719249375461,0.0719332126569548,0.25270396349586366,-0.06485737310281281,-0.02697704868968187,0
2021-09-30,TECHM.NS,0.8598699948816506,-0.04631657342124362,0.9501964100956937,0.07198010427659295,0.29410448790602395,0.07044035274344207,-0.02697704868968187,1
2021-09-30,BAJAJFINSV.NS,2.0399862359721737,0.037203887184711126,1.9309437358778387,0.09257983753694689,0.46923677853770274,0.0019340210280431869,-0.02697704868968187,1
2021-09-30,JSWSTEEL.NS,1.4296464193732938,-0.028068578195364013,1.4998126049490632,0.1080403976310712,-0.013255992490172175,0.0012718921765637603,-0.02697704868968187,1
2021-09-30,ONGC.NS,1.155690594817933,0.21744957331767667,0.7706610951806836,0.08031666589001292,0.246929232937253,0.03148802879178225,-0.02697704868968187,1
2021-09-30,TATASTEEL.NS,2.662942592315908,-0.11125664808569802,3.121485223406893,0.11877973400449753,0.1048344952945568,0.020986932960046945,-0.02697704868968187,1
2021-09-30,COALINDIA.NS,0.7966495345504976,0.3006818987244426,0.3813135527698528,0.0847447878032543,0.293586678896649,-0.11156124039248305,-0.02697704868968187,0
2021-09-30,HINDALCO.NS,1.8035701574333367,0.04196033752608774,1.6906687869615218,0.11679372175140518,0.3205904019021073,-0.057690307552575204,-0.02697704868968187,0
2021-09-30,GRASIM.NS,1.2568004397649521,0.11266994529194774,1.0282748260741434,0.06383361088859725,0.1206078033610114,0.03093833002551616,-0.02697704868968187,1
2021-09-30,ADANIPORTS.NS,1.1743073920042448,-0.013898103327185662,1.2049520433339898,0.11442702815624371,0.048600315078283884,-0.06084828072142112,-0.02697704868968187,0
2021-09-30,DRREDDY.NS,-0.054874483530273355,0.037552705949714715,-0.08908192224835998,0.06882239600619973,-0.0958736706892237,-0.045382843072774515,-0.02697704868968187,0
2021-09-30,CIPLA.NS,0.2765924223849192,0.03771896806920472,0.23019089143197036,0.06432279959274433,0.017569945047507973,-0.07981294146193652,-0.02697704868968187,0
2021-09-30,BRITANNIA.NS,0.060833272568521224,-0.012145160318567716,0.07387566467824702,0.04676247723108109,0.08200782162073272,-0.06918287550480495,-0.02697704868968187,0
2021-09-30,EICHERMOT.NS,0.27454702411841403,0.04141064625095314,0.22386594443483454,0.07345270069523453,0.05107249487882104,-0.10945427551174813,-0.02697704868968187,0
2021-09-30,HEROMOTOCO.NS,-0.0702775094901148,0.03306143314947296,-0.10003174963616679,0.05466497218138424,-0.011970096732645041,-0.061923972189015575,-0.02697704868968187,0
2021-09-30,BPCL.NS,0.46082838037802265,0.03940101080222713,0.4054521452221129,0.056648473503225806,0.04728368525463167,-0.03354903781513152,-0.02697704868968187,0
2021-09-30,INDUSINDBK.NS,1.118662738205689,0.12041517245977218,0.8909621989091354,0.09413344472534113,0.09940757870915018,0.02545174485605739,-0.02697704868968187,1
2021-09-30,APOLLOHOSP.NS,1.0876304583944214,-0.09818779775198183,1.3149281559846062,0.09986902288231943,0.23881768666626346,-0.0489894197555405,-0.02697704868968187,0
2021-09-30,TATACONSUM.NS,0.6366780810379542,-0.0593676074741436,0.7399763117268627,0.059002320695430384,0.07847289674862656,-0.005039439530214684,-0.02697704868968187,1
2021-09-30,SBILIFE.NS,0.5016924394524351,0.019336372719775508,0.47320597953906596,0.06304344515397818,0.2052770095129186,-0.05723795175408619,-0.02697704868968187,0
2021-09-30,HDFCLIFE.NS,0.2951945741718831,0.00647861726599408,0.28685751684438077,0.057579510374907335,0.052600964302096376,-0.05807036584075598,-0.02697704868968187,0
2021-10-31,RELIANCE.NS,0.238789101636935,0.00674827627114416,0.23048544590037712,0.061600631923432736,0.24613080622919958,-0.051592026755049036,-0.03217463977316559,0
2021-10-31,TCS.NS,0.2889699990539931,-0.09833795074549356,0.42954890928337575,0.05097474851264792,0.07476661470411172,0.03867264304887508,-0.03217463977316559,1
2021-10-31,HDFCBANK.NS,0.3431628347302442,-0.007586410643711683,0.35343051439013795,0.05349408903701916,0.10964292072500581,-0.056417216022336625,-0.03217463977316559,0
2021-10-31,INFY.NS,0.6035136078073318,0.004375733444924812,0.596527628467699,0.052323725229409195,0.044725342103205445,0.026922430599896074,-0.03217463977316559,1
2021-10-31,ICICIBANK.NS,1.0489007356504598,0.1443960565855147,0.7903773119978037,0.07235804099469785,0.17516481303856724,-0.10934484051708582,-0.03217463977316559,0
2021-10-31,HINDUNILVR.NS,0.17089705945591072,-0.10879529295936974,0.3138362602953906,0.05101486366631796,0.031953439293537444,-0.031590392837286596,-0.03217463977316559,1
2021-10-31,BHARTIARTL.NS,0.6097233884125568,-0.004285963272944837,0.6166523007989027,0.07687748629675993,0.24315390825525118,0.06259571003978848,-0.03217463977316559,1
2021-10-31,ITC.NS,0.4239733832341528,-0.05483798709878629,0.5065918475322635,0.06520921956308269,0.08904609668082841,-0.009184683921715009,-0.03217463977316559,1
2021-10-31,LT.NS,0.9593718236202389,0.0374056029341816,0.8887230009924589,0.06068928410476487,0.1031564963183158,-0.001075317668711273,-0.03217463977316559,1
2021-10-31,KOTAKBANK.NS,0.3132728663884634,0.012789780943414986,0.2966885044645178,0.06679074613707779,0.22803896784165079,-0.034093903682301696,-0.03217463977316559,0
2021-10-31,AXISBANK.NS,0.5065989419416934,-0.03202663418548468,0.5564466907350738,0.06814929187702332,0.04669210776838928,-0.11637459887882251,-0.03217463977316559,0
2021-10-31,SBIN.NS,1.6778659100191313,0.10849890314610855,1.415758736809655,0.07460594499564359,0.1629227233617676,-0.08284379054166457,-0.03217463977316559,0
2021-10-31,BAJFINANCE.NS,1.2399993296513112,-0.03493695355236137,1.3210911845569737,0.07651561550357415,0.18819562770913434,-0.054451304420558566,-0.03217463977316559,0
2021-10-31,ASIANPAINT.NS,0.41041166975074117,-0.043422089506285344,0.47443470550432343,0.07333114381673679,0.04911721946652081,0.014048031035035491,-0.03217463977316559,1
2021-10-31,MARUTI.NS,0.08111174006384103,0.01967141775727166,0.06025502062390364,0.06275151809403211,0.07916719965374819,-0.05540997153246563,-0.03217463977316559,0
2021-10-31,HCLTECH.NS,0.4077457212997899,-0.09882163653525011,0.5621166445757158,0.061625898766734855,0.1250332744164968,-0.004458807114084862,-0.03217463977316559,1
2021-10-31,SUNPHARMA.NS,0.7263825063601526,-0.028414321662911912,0.7768710931545766,0.06961692101028395,0.02990453308158525,-0.05207563781910263,-0.03217463977316559,0
2021-10-31,TITAN.NS,1.0495544029901853,0.10255110931202438,0.8589200860439723,0.08042566628835456,0.39018980416279736,-0.003377346973888362,-0.03217463977316559,1
2021-10-31,ULTRACEMCO.NS,0.6775751910530505,0.03244272644331092,0.6248602930568103,0.055481468917808446,0.007102132483958856,-0.02649274200658036,-0.03217463977316559,1
2021-10-31,WIPRO.NS,0.9025655292072636,0.01994951907474496,0.8653526411122685,0.07219595469302949,0.10150714666011385,-0.014688821059775314,-0.03217463977316559,1
2021-10-31,ADANIENT.NS,3.1934530333155084,-0.030311231258516536,3.324535014216992,0.12716300203071726,0.002358798425757147,0.16805967413254752,-0.03217463977316559,1
2021-10-31,NESTLEIND.NS,0.11974255727106131,-0.01712239073432753,0.13924922769137393,0.049599186242997556,0.07964609473211559,0.008021121262491882,-0.03217463977316559,1
2021-10-31,POWERGRID.NS,0.534616371325684,-0.02553977571645183,0.5748373644024096,0.07260789989812251,0.10029568571988379,0.1172654708753349,-0.03217463977316559,1
2021-10-31,NTPC.NS,0.6048103094527197,-0.06485737310281281,0.7161128829914392,0.07298911576498696,0.15361747179482288,-0.04070850853483643,-0.03217463977316559,0
2021-10-31,TECHM.NS,0.8658364480984346,0.07044035274344207,0.7430550364777111,0.07590038360607552,0.22181797189235875,0.05341631384105394,-0.03217463977316559,1
2021-10-31,BAJAJFINSV.NS,2.1982551437402393,0.0019340210280431869,2.1920815908203632,0.08382259418678799,0.25305175467347163,-0.03275888670904459,-0.03217463977316559,0
2021-10-31,JSWSTEEL.NS,1.1867073476219554,0.0012718921765637603,1.183929624618238,0.09372904775013198,-0.09200082589426317,-0.0907868882118491,-0.03217463977316559,0
2021-10-31,ONGC.NS,1.372605978030021,0.03148802879178225,1.300177909780627,0.08841186594241397,0.31296467214692414,-0.011389796439570499,-0.03217463977316559,1
2021-10-31,TATASTEEL.NS,2.2770649667999274,0.020986932960046945,2.2097031421343027,0.11151196342963571,-0.08251401500159217,-0.18598736360397283,-0.03217463977316559,0
2021-10-31,COALINDIA.NS,0.6213724984824287,-0.11156124039248305,0.8249682163784682,0.08926622668763091,0.1761397362012398,-0.07570713356620129,-0.03217463977316559,0
2021-10-31,HINDALCO.NS,1.713044135688341,-0.057690307552575204,1.8791427674290984,0.11385410474739081,0.040874438551701475,-0.10232716026615629,-0.03217463977316559,0
2021-10-31,GRASIM.NS,1.2245419856357058,0.03093833002551616,1.1577837595587774,0.06363693536251301,0.11610677016138204,-0.0340770220397697,-0.03217463977316559,0
2021-10-31,ADANIPORTS.NS,0.939293978356982,-0.06084828072142112,1.0649421584902972,0.10284235140766829,0.02742776040380801,-0.013203531285090886,-0.03217463977316559,1
2021-10-31,DRREDDY.NS,-0.04255677152221038,-0.045382843072774515,0.002960424008783713,0.06300289076137622,-0.01103747941522304,0.0035735469921462926,-0.03217463977316559,1
2021-10-31,CIPLA.NS,0.20615387328763957,-0.07981294146193652,0.31077030707637054,0.060976844505419125,-0.010876440593403425,0.07320036389095952,-0.03217463977316559,1
2021-10-31,BRITANNIA.NS,0.07981049745864133,-0.06918287550480495,0.1600672882380081,0.04218568057182465,0.07371332243842077,-0.03543494574815631,-0.03217463977316559,0
2021-10-31,EICHERMOT.NS,0.19882588869627194,-0.10945427551174813,0.3461699447102189,0.0679488282682507,-0.011848040256011605,-0.046019982406600435,-0.03217463977316559,0
2021-10-31,HEROMOTOCO.NS,-0.019601862233437628,-0.061923972189015575,0.04511586342776219,0.048663399652259465,-0.03843209679142556,-0.07820578351431262,-0.03217463977316559,0
2021-10-31,BPCL.NS,0.4062427248886864,-0.03354903781513152,0.4550585388311632,0.05414843062944075,0.06349419651546429,-0.10380622117016824,-0.03217463977316559,0
2021-10-31,INDUSINDBK.NS,0.9563295612032414,0.02545174485605739,0.9077733993985757,0.08400849076273635,0.16801450893036907,-0.22557435727828112,-0.03217463977316559,0
2021-10-31,APOLLOHOSP.NS,1.0121488232599796,-0.0489894197555405,1.1158006704223542,0.09789305435984708,0.05691430572157641,0.33451049832751023,-0.03217463977316559,1
2021-10-31,TATACONSUM.NS,0.6518893081608801,-0.005039439530214684,0.6602560682213536,0.05768859784341302,0.07041320924268613,-0.03817168479645772,-0.03217463977316559,0
2021-10-31,SBILIFE.NS,0.49359818151149804,-0.05723795175408619,0.5842790705146226,0.0642945166023241,0.04273631570181857,0.01309395332588914,-0.03217463977316559,1
2021-10-31,HDFCLIFE.NS,0.1571988873575625,-0.05807036584075598,0.228540694964402,0.04998795734274477,0.024696933874375437,0.0005143089858332672,-0.03217463977316559,1
2021-11-30,RELIANCE.NS,0.25079585229801626,-0.051592026755049036,0.3188373438262584,0.0645398750418151,0.06520809094657931,-0.015485898549502664,0.02566460512523594,0
2021-11-30,TCS.NS,0.3314235942733166,0.03867264304887508,0.281851027061917,0.05095958612432499,-0.06616436728944997,0.05927761603308057,0.02566460512523594,1
2021-11-30,HDFCBANK.NS,0.041062052876345456,-0.056417216022336625,0.10330759585052962,0.0477439758709581,-0.05555200771202906,-0.009474092456708494,0.02566460512523594,0
2021-11-30,INFY.NS,0.58770283969906,0.026922430599896074,0.5460786446855324,0.05422863731419064,0.012527934314987554,0.10223927471232863,0.02566460512523594,1
2021-11-30,ICICIBANK.NS,0.5135556166001267,-0.10934484051708582,0.6993733214085334,0.06712019438154632,-0.006536388676758431,0.03611690668060952,0.02566460512523594,1
2021-11-30,HINDUNILVR.NS,0.09843032001685126,-0.031590392837286596,0.13426210551037188,0.04717105264150722,-0.14401387811387234,0.018381612803207048,0.02566460512523594,0
2021-11-30,BHARTIARTL.NS,0.6015605359696963,0.06259571003978848,0.5072153226646534,0.0794634271424811,0.11726973195714296,-0.061036757319847146,0.02566460512523594,0
2021-11-30,ITC.NS,0.20397814658875513,-0.009184683921715009,0.2151388125025997,0.06751257050505226,0.0466160945474714,-0.014017508492874753,0.02566460512523594,0
2021-11-30,LT.NS,0.5900973291055995,-0.001075317668711273,0.5918090294802139,0.063723398326477,0.0553463386879125,0.07431643282852285,0.02566460512523594,1
2021-11-30,KOTAKBANK.NS,0.02924562842524492,-0.034093903682301696,0.06557524830727801,0.0696654808123608,0.11872054602444027,-0.08450993823365827,0.02566460512523594,0
2021-11-30,AXISBANK.NS,0.08984385108240622,-0.11637459887882251,0.23337768436666817,0.06352080002297575,-0.16636990563365406,0.03492702596792663,0.02566460512523594,1
2021-11-30,SBIN.NS,0.9029765580145808,-0.08284379054166457,1.0748663514347925,0.07387422367614256,0.0809764014522183,-0.00021709804734149074,0.02566460512523594,0
2021-11-30,BAJFINANCE.NS,0.427753367990084,-0.054451304420558566,0.5099733886419704,0.07889102574245718,-0.07007121285738604,-0.002850958219966504,0.02566460512523594,0
2021-11-30,ASIANPAINT.NS,0.42777171449470575,0.014048031035035491,0.4079921964222779,0.0669133690181843,-0.01686407662538658,0.07612178492083022,0.02566460512523594,1
2021-11-30,MARUTI.NS,0.010953023703166975,-0.05540997153246563,0.07025587105053122,0.0741478077517206,0.03238338999659418,0.0507442539765397,0.02566460512523594,1
2021-11-30,HCLTECH.NS,0.4353083954349233,-0.004458807114084862,0.4417368218327493,0.06763742461939841,-0.029043941955868346,0.1584768972455437,0.02566460512523594,1
2021-11-30,SUNPHARMA.NS,0.48967186083124115,-0.05207563781910263,0.5715092050213173,0.0655568294449302,-0.05094151342736852,0.12221340147319526,0.02566460512523594,1
2021-11-30,TITAN.NS,0.7493377378799908,-0.003377346973888362,0.7552658797874605,0.08073166604836816,0.23620948833360922,0.06183957287850128,0.02566460512523594,1
2021-11-30,ULTRACEMCO.NS,0.5556072278726192,-0.02649274200658036,0.5979410683378121,0.05785055097922367,-0.05090359917070719,0.021160245572732217,0.02566460512523594,0
2021-11-30,WIPRO.NS,0.8222042678849253,-0.014688821059775314,0.8493693229430739,0.06899259139496731,-0.0057726285037794645,0.1225576936892705,0.02566460512523594,1
2021-11-30,ADANIENT.NS,3.176505860300786,0.16805967413254752,2.575592885185804,0.12277923129424506,0.047398515519370576,0.028024161551992055,0.02566460512523594,1
2021-11-30,NESTLEIND.NS,0.08283104105984473,0.008021121262491882,0.0742146352088906,0.04847886948325006,-0.010368367751530716,0.02888122832803086,0.02566460512523594,1
2021-11-30,POWERGRID.NS,0.5238673706000114,0.1172654708753349,0.36392595164166286,0.07449263181124237,0.19987735932254913,0.023305048698479824,0.02566460512523594,0
2021-11-30,NTPC.NS,0.4240603075749303,-0.04070850853483643,0.4844917527621424,0.07574037624894045,0.12812999650193047,-0.02239669844831438,0.02566460512523594,0
2021-11-30,TECHM.NS,0.823052068812725,0.05341631384105394,0.7306092993427842,0.08338885626505027,0.0753918670579834,0.1616010920490185,0.02566460512523594,1
2021-11-30,BAJAJFINSV.NS,0.9684808256342188,-0.03275888670904459,1.0351500764236858,0.08736868089889588,0.0051665031992234045,-0.048217938605317534,0.02566460512523594,0
2021-11-30,JSWSTEEL.NS,0.7542789814824107,-0.0907868882118491,0.9294475175707346,0.09632317416528584,-0.1151832455871048,0.07815591974011449,0.02566460512523594,1
2021-11-30,ONGC.NS,0.9392144812710281,-0.011389796439570499,0.9615562071755335,0.09188996584892167,0.24148152887941965,0.0021110224079432527,0.02566460512523594,0
2021-11-30,TATASTEEL.NS,0.8968939268406293,-0.18598736360397283,1.330300344278399,0.10575599760671722,-0.2613687196584895,0.037574664687638704,0.02566460512523594,1
2021-11-30,COALINDIA.NS,0.28342793483937423,-0.07570713356620129,0.38855116321651084,0.08299973125565979,0.06809085006235471,0.018219942591244376,0.02566460512523594,0
2021-11-30,HINDALCO.NS,0.8361182081131586,-0.10232716026615629,1.0454202542850246,0.10973826405553493,-0.11862052805998946,0.15215022682301838,0.02566460512523594,1
2021-11-30,GRASIM.NS,0.909756010403495,-0.0340770220397697,0.9771307381426895,0.06712860147476854,0.10800454450269625,-0.024181157626565142,0.02566460512523594,0
2021-11-30,ADANIPORTS.NS,0.6732859590054829,-0.013203531285090886,0.6956748550028551,0.1035461568895331,-0.08612848932618289,0.06792424060505975,0.02566460512523594,1
2021-11-30,DRREDDY.NS,-0.02725605355670624,0.0035735469921462926,-0.030719821821981408,0.06347989354050815,-0.0059949102672709476,0.049434909788101056,0.02566460512523594,1
2021-11-30,CIPLA.NS,0.3098962312722424,0.07320036389095952,0.22055142296367314,0.06533506017286932,0.02479426763920567,-0.02800364478455053,0.02566460512523594,0
2021-11-30,BRITANNIA.NS,-0.0056060446976996525,-0.03543494574815631,0.030924716709328726,0.04470483735577339,-0.11307066367657925,0.017063944254686714,0.02566460512523594,0
2021-11-30,EICHERMOT.NS,-0.05895924709910205,-0.046019982406600435,-0.013563454636233763,0.07208210822452964,-0.1152562284330434,0.09342110277946714,0.02566460512523594,1
2021-11-30,HEROMOTOCO.NS,-0.1861136247075268,-0.07820578351431262,-0.11706283166389297,0.04769685353680376,-0.10669829001050113,0.005226136011177607,0.02566460512523594,0
2021-11-30,BPCL.NS,0.197590561967959,-0.10380622117016824,0.3363076047366269,0.05698324691050218,-0.09974636747211707,0.04175670236785267,0.02566460512523594,1
2021-11-30,INDUSINDBK.NS,0.03463428402145352,-0.22557435727828112,0.3360020987750758,0.0919155444486008,-0.11023783476983795,0.005832418849811338,0.02566460512523594,0
2021-11-30,APOLLOHOSP.NS,1.4239618821564841,0.33451049832751023,0.8163677881847622,0.11448609824281525,0.14452016979012994,-0.11856175119637358,0.02566460512523594,0
2021-11-30,TATACONSUM.NS,0.45549574175532603,-0.03817168479645772,0.5132594026900881,0.058065132513126505,-0.09983244702032257,-0.04514514852706064,0.02566460512523594,0
2021-11-30,SBILIFE.NS,0.3756202241372286,0.01309395332588914,0.3578407211110093,0.0653967639736656,-0.026425173636035804,0.030545954716881818,0.02566460512523594,1
2021-11-30,HDFCLIFE.NS,0.055672767376685695,0.0005143089858332672,0.05513010448272704,0.053945458286849386,-0.05148038285469614,-0.04590171492505468,0.02566460512523594,0
2021-12-31,RELIANCE.NS,0.19700100916493168,-0.015485898549502664,0.21582921707406166,0.0676620463879626,-0.05997796898491414,0.007791049033661013,0.002206045433632897,1
2021-12-31,TCS.NS,0.32014197065935823,0.05927761603308057,0.24626627682665103,0.05110278553087472,-0.007952929421156885,0.0011945916547042579,0.002206045433632897,0
2021-12-31,HDFCBANK.NS,0.03446547799253996,-0.009474092456708494,0.04435983967166246,0.051331929352599615,-0.07244739362909824,0.004258403025136692,0.002206045433632897,1
2021-12-31,INFY.NS,0.5329119180893673,0.10223927471232863,0.39072518395739375,0.05624904737724321,0.13686719006552184,-0.08028071840538509,0.002206045433632897,0
2021-12-31,ICICIBANK.NS,0.3873792152658859,0.03611690668060952,0.3390180261710134,0.06956006302244093,0.05607485193880768,0.06572985236745854,0.002206045433632897,1
2021-12-31,HINDUNILVR.NS,-0.0014876820964225823,0.018381612803207048,-0.019510657547063492,0.04893866482546618,-0.12108452676094283,-0.036607906152483105,0.002206045433632897,0
2021-12-31,BHARTIARTL.NS,0.36676147271328374,-0.061036757319847146,0.4556070041805198,0.08239728351417598,-0.006537956210935891,0.06653988731962679,0.002206045433632897,1
2021-12-31,ITC.NS,0.09991483077016783,-0.014017508492874753,0.11555209168967195,0.07414904384704844,-0.07664613179279711,0.009860064209334718,0.002206045433632897,1
2021-12-31,LT.NS,0.48909576867410376,0.07431643282852285,0.386086746112154,0.06392110246028196,0.11330344316994867,0.007015072543538725,0.002206045433632897,1
2021-12-31,KOTAKBANK.NS,-0.09952293286070668,-0.08450993823365827,-0.01639886139023994,0.07594538583651173,-0.10441285357597341,0.034046026307982924,0.002206045433632897,1
2021-12-31,AXISBANK.NS,0.09364157624305003,0.03492702596792663,0.0567330341192025,0.06693962980850654,-0.11480015805632304,0.1392676415500631,0.002206045433632897,1
2021-12-31,SBIN.NS,0.6901294887181912,-0.00021709804734149074,0.6904964922056867,0.07757344740778728,0.016445935853218074,0.16907361421192846,0.002206045433632897,1
2021-12-31,BAJFINANCE.NS,0.31979439783280394,-0.002850958219966504,0.32356783443005543,0.0787401796045443,-0.09008743486720161,0.003289295368791967,0.002206045433632897,1
2021-12-31,ASIANPAINT.NS,0.23122151050544715,0.07612178492083022,0.1441284134918126,0.0689682313564308,0.04385529192977833,-0.06819497647795325,0.002206045433632897,0
2021-12-31,MARUTI.NS,-0.022981635337406936,0.0507442539765397,-0.07016539851151327,0.07388683747478587,0.012046870387592667,0.15765953712208614,0.002206045433632897,1
2021-12-31,HCLTECH.NS,0.44476466845591633,0.1584768972455437,0.2471242817971302,0.07260660383883989,0.03933934509547665,-0.15954440729010033,0.002206045433632897,0
2021-12-31,SUNPHARMA.NS,0.4439781584653528,0.12221340147319526,0.2867233242534426,0.07304373696280718,0.033547022609803356,-0.013243369825989726,0.002206045433632897,0
2021-12-31,TITAN.NS,0.6134071738961391,0.06183957287850128,0.5194453240449628,0.08060745709447369,0.1667784294636403,-0.06426398716601034,0.002206045433632897,0
2021-12-31,ULTRACEMCO.NS,0.4424881142143833,0.021160245572732217,0.41259721034806174,0.05962536016375385,0.026358449196676625,-0.04935421198362355,0.002206045433632897,0
2021-12-31,WIPRO.NS,0.8562025310380039,0.1225576936892705,0.6535475561506507,0.07090216958317318,0.12813418212076777,-0.19824950569660993,0.002206045433632897,0
2021-12-31,ADANIENT.NS,2.566989359024199,0.028024161551992055,2.469752455661325,0.10304835152305723,0.16439603563540062,0.0032174992125615365,0.002206045433632897,1
2021-12-31,NESTLEIND.NS,0.08373528643823103,0.02888122832803086,0.05331427632258379,0.04901953385340096,0.019375795671914497,-0.06009173072738372,0.002206045433632897,0
2021-12-31,POWERGRID.NS,0.5400530839088766,0.023305048698479824,0.5049794642053587,0.07528125138442375,0.11410368474585164,0.053815970227707455,0.002206045433632897,1
2021-12-31,NTPC.NS,0.3270069019759827,-0.02239669844831438,0.3574083678622113,0.07431640436855526,-0.12301713875623377,0.14188108927162912,0.002206045433632897,1
2021-12-31,TECHM.NS,0.9080040307003918,0.1616010920490185,0.6425639092115074,0.08872854693860711,0.3098438458100097,-0.17399679095917053,0.002206045433632897,0
2021-12-31,BAJAJFINSV.NS,0.8425254869531114,-0.048217938605317534,0.9358691045859688,0.08943127887527047,-0.07761679426730972,-0.043681739011925846,0.002206045433632897,0
2021-12-31,JSWSTEEL.NS,0.7106494689440619,0.07815591974011449,0.5866438588552272,0.09583341587993628,-0.01847969902628399,-0.04116167206047927,0.002206045433632897,0
2021-12-31,ONGC.NS,0.6394371509326788,0.0021110224079432527,0.6359835529932834,0.09187617913095415,0.021892283238987398,0.21207839387892813,0.002206045433632897,1
2021-12-31,TATASTEEL.NS,0.7654353744016211,0.037574664687638704,0.7015020070224098,0.10634345133053126,-0.13767557149384624,-0.02330291717757582,0.002206045433632897,0
2021-12-31,COALINDIA.NS,0.2112976968198721,0.018219942591244376,0.18962283702406046,0.08195784002631888,-0.16386058336072185,0.0941457568851396,0.002206045433632897,1
2021-12-31,HINDALCO.NS,0.990604184683233,0.15215022682301838,0.7277297164382794,0.11741431381880853,-0.025412463468735047,0.028388183139505196,0.002206045433632897,1
2021-12-31,GRASIM.NS,0.7589336255525674,-0.024181157626565142,0.8025206618007108,0.0718401325857129,-0.0282727447289568,0.0648790183063741,0.002206045433632897,1
2021-12-31,ADANIPORTS.NS,0.5202402337452974,0.06792424060505975,0.4235468921315675,0.08787008305995347,-0.010299501157180257,-0.01917019087856675,0.002206045433632897,0
2021-12-31,DRREDDY.NS,-0.05293960234402717,0.049434909788101056,-0.09755203603127649,0.06445711608118025,0.005388579963991003,-0.1231302910152201,0.002206045433632897,0
2021-12-31,CIPLA.NS,0.15776393560243096,-0.02800364478455053,0.1911196265193864,0.07175689175973093,-0.040109775728253805,0.0009532680386001857,0.002206045433632897,0
2021-12-31,BRITANNIA.NS,0.02878202444649247,0.017063944254686714,0.011521478327887191,0.04792269349563052,-0.08684574611469109,-0.019606267097851293,0.002206045433632897,0
2021-12-31,EICHERMOT.NS,0.030478483476040985,0.09342110277946714,-0.057564847745691594,0.07369995237229342,-0.07107007800754817,0.020679780349623478,0.002206045433632897,1
2021-12-31,HEROMOTOCO.NS,-0.1821627810377976,0.005226136011177607,-0.18641468853222443,0.05076563035081838,-0.13076783489313093,0.1064944734677955,0.002206045433632897,1
2021-12-31,BPCL.NS,0.2210809377408367,0.04175670236785267,0.17213638747453275,0.06690513398851756,-0.09770603860286475,0.0300946085671725,0.002206045433632897,1
2021-12-31,INDUSINDBK.NS,-0.002704663882059144,0.005832418849811338,-0.008487579612548979,0.09878805749394927,-0.20123213889569846,-0.018071353656259337,0.002206045433632897,0
2021-12-31,APOLLOHOSP.NS,1.0791024099979518,-0.11856175119637358,1.3587612777411366,0.11443851088814853,0.11866290084062614,-0.11091260119330115,0.002206045433632897,0
2021-12-31,TATACONSUM.NS,0.2675124189711138,-0.04514514852706064,0.32743988996429696,0.062198182192088926,-0.0862218206274008,-0.021723021736258397,0.002206045433632897,0
2021-12-31,SBILIFE.NS,0.3263964360289511,0.030545954716881818,0.2870813086577466,0.06716141661910831,-0.01571882866638996,0.03114544313105605,0.002206045433632897,1
2021-12-31,HDFCLIFE.NS,-0.03700379877050641,-0.04590171492505468,0.009325995333750337,0.05428186860430929,-0.10084434527126362,-0.04172131865639861,0.002206045433632897,0
2022-01-31,RELIANCE.NS,0.30020948739823616,0.007791049033661013,0.29015780468080754,0.07270511548388169,-0.059004310133727644,-0.01133425375176178,-0.029923172672445708,1
2022-01-31,TCS.NS,0.21380218472882095,0.0011945916547042579,0.2123539168571953,0.05799574191856736,0.10155702189266358,-0.04872545570496012,-0.029923172672445708,0
2022-01-31,HDFCBANK.NS,0.07308872826819579,0.004258403025136692,0.06853846085402004,0.051863701460934795,-0.0613767191559238,-0.04001475578884439,-0.029923172672445708,0
2022-01-31,INFY.NS,0.4289077270764725,-0.08028071840538509,0.5536346314269107,0.06200927602804377,0.041043347123923546,-0.011865030026178669,-0.029923172672445708,1
2022-01-31,ICICIBANK.NS,0.47320258872537524,0.06572985236745854,0.38234148687187375,0.06901406809174433,-0.016520120312360276,-0.05844327657708559,-0.029923172672445708,0
2022-01-31,HINDUNILVR.NS,0.017834778081112335,-0.036607906152483105,0.05651145009522196,0.05374812331957713,-0.049892565210437834,-0.044705787471088554,-0.029923172672445708,0
2022-01-31,BHARTIARTL.NS,0.3421109004440863,0.06653988731962679,0.2583785345497114,0.08153438967637312,0.06412770851553518,-0.05868631696988791,-0.029923172672445708,0
2022-01-31,ITC.NS,0.14218364672149453,0.009860064209334718,0.13103160249807666,0.0756335379421428,-0.013440887479761576,0.003789534141660944,-0.029923172672445708,1
2022-01-31,LT.NS,0.4466248043728722,0.007015072543538725,0.4365473207058941,0.06449975142676771,0.08068950506515304,-0.04842344660677034,-0.029923172672445708,0
2022-01-31,KOTAKBANK.NS,0.08477922199668608,0.034046026307982924,0.04906280223313053,0.08010300969163538,-0.08561643551574216,-0.007807419031248708,-0.029923172672445708,1
2022-01-31,AXISBANK.NS,0.16616376014557965,0.1392676415500631,0.02360825289386992,0.07368742185199094,0.041846368761460306,-0.03964818167179596,-0.029923172672445708,0
2022-01-31,SBIN.NS,0.9258057107269548,0.16907361421192846,0.6472920843612906,0.08002927531013926,0.07199034704170626,-0.10235919385986081,-0.029923172672445708,0
2022-01-31,BAJFINANCE.NS,0.48093542754661,0.003289295368791967,0.47608016389952956,0.08448804717608134,-0.05404570232000194,0.0002927226431628238,-0.029923172672445708,1
2022-01-31,ASIANPAINT.NS,0.31746355657948055,-0.06819497647795325,0.4138832945971007,0.06922549821753184,0.016822147135114207,0.007105970063550737,-0.029923172672445708,1
2022-01-31,MARUTI.NS,0.20057385263405547,0.15765953712208614,0.037069893294062295,0.08456428478423504,0.149003189768385,-0.032934744181675524,-0.029923172672445708,0
2022-01-31,HCLTECH.NS,0.25194084073684353,-0.15954440729010033,0.48959784621122315,0.07639044643306805,-0.030692923040749442,0.025058858091190572,-0.029923172672445708,1
2022-01-31,SUNPHARMA.NS,0.43980379064277964,-0.013243369825989726,0.45912755649675896,0.06378248014321067,0.04968547797283884,0.019244116676865097,-0.029923172672445708,1
2022-01-31,TITAN.NS,0.6658187352916172,-0.06426398716601034,0.7802229607969065,0.08714368941093265,-0.009754208919823815,0.07890932004521645,-0.029923172672445708,1
2022-01-31,ULTRACEMCO.NS,0.3612304308576675,-0.04935421198362355,0.43190076474016625,0.06359643085049664,-0.05495645256268422,-0.08986471621768721,-0.029923172672445708,0
2022-01-31,WIPRO.NS,0.37241479229219476,-0.19824950569660993,0.7117729294131996,0.07323284795208196,-0.11320891746055806,-0.029339695871211546,-0.029923172672445708,1
2022-01-31,ADANIENT.NS,2.3870592098216137,0.0032174992125615365,2.3761963008820723,0.10869118621104491,0.20465711949953613,-0.04110912227644259,-0.029923172672445708,0
2022-01-31,NESTLEIND.NS,0.09803768573365157,-0.06009173072738372,0.1682392012397229,0.05189390392947843,-0.02518916819743633,-0.04764177293929317,-0.029923172672445708,0
2022-01-31,POWERGRID.NS,0.6704456948399706,0.053815970227707455,0.5851398555660743,0.0805240798874502,0.2048313786618814,-0.002037183943556564,-0.029923172672445708,1
2022-01-31,NTPC.NS,0.6924503835696838,0.14188108927162912,0.4821599196894011,0.07868489051825171,0.07086354109668913,-0.03278033795318369,-0.029923172672445708,0
2022-01-31,TECHM.NS,0.595361171347726,-0.17399679095917053,0.9314224858766464,0.0888168978830723,0.010738447227393033,-0.04665316978918266,-0.029923172672445708,0
2022-01-31,BAJAJFINSV.NS,0.799128917844701,-0.043681739011925846,0.8813077102447355,0.09367571021420838,-0.1196107879780215,0.020587056955889693,-0.029923172672445708,1
2022-01-31,JSWSTEEL.NS,0.731224059188331,-0.04116167206047927,0.8055432378351159,0.10085293654406081,-0.060076197506624296,-0.0023849666290458593,-0.029923172672445708,1
2022-01-31,ONGC.NS,1.0940222177700734,0.21207839387892813,0.7276293582535724,0.09549354987364544,0.20080264900060318,-0.05943145164758601,-0.029923172672445708,0
2022-01-31,TATASTEEL.NS,0.8466603145808682,-0.02330291717757582,0.8907195967499519,0.10783376905631087,-0.17508272968128924,0.1245451814507017,-0.029923172672445708,1
2022-01-31,COALINDIA.NS,0.4258680302386171,0.0941457568851396,0.303179234819535,0.09166255816699335,0.029737148438274463,0.09370075272440093,-0.029923172672445708,1
2022-01-31,HINDALCO.NS,1.1760195339243547,0.028388183139505196,1.1159515148076808,0.10820032099709077,0.0636145569092863,0.17319293452609297,-0.029923172672445708,1
2022-01-31,GRASIM.NS,0.6462947254253109,0.0648790183063741,0.5459922649651257,0.08204511198115667,0.0037185887044910437,-0.07467441695312727,-0.029923172672445708,0
2022-01-31,ADANIPORTS.NS,0.41518174215311787,-0.01917019087856675,0.44284128499392783,0.08853710176193409,0.03362186475372364,-0.012285289425665757,-0.029923172672445708,1
2022-01-31,DRREDDY.NS,-0.06086260950147049,-0.1231302910152201,0.07101132685475209,0.05511907213981692,-0.07649387491905979,-0.055638136607200295,-0.029923172672445708,0
2022-01-31,CIPLA.NS,0.15051883680751366,0.0009532680386001857,0.14942312847630945,0.07015045333321361,0.04414124066206426,-0.02111117313022537,-0.029923172672445708,1
2022-01-31,BRITANNIA.NS,0.030289755790850803,-0.019606267097851293,0.050893861531530415,0.05142587555092618,-0.038209886643833735,-0.03050664947367987,-0.029923172672445708,0
2022-01-31,EICHERMOT.NS,-0.02999985163555008,0.020679780349623478,-0.049652822521686124,0.08174322047624508,0.06467300068650927,-0.021054511974537893,-0.029923172672445708,1
2022-01-31,HEROMOTOCO.NS,-0.13565825835309175,0.1064944734677955,-0.2188467612151478,0.05894353921219137,0.025290656979663373,-0.04874596840522538,-0.029923172672445708,0
2022-01-31,BPCL.NS,0.24963146228848343,0.0300946085671725,0.21312300044622057,0.07331155610362138,-0.03828731995186829,-0.10711660845030013,-0.029923172672445708,0
2022-01-31,INDUSINDBK.NS,0.03581170644072729,-0.018071353656259337,0.05487472057936471,0.10352291348911669,-0.23513412646527931,0.05572751689342548,-0.029923172672445708,1
2022-01-31,APOLLOHOSP.NS,0.7413647653223221,-0.11091260119330115,0.9585979597276031,0.12096184679478429,0.04582336864673664,0.07750101094302853,-0.029923172672445708,1
2022-01-31,TATACONSUM.NS,0.30665089991843497,-0.021723021736258397,0.335665592619276,0.07171188556959009,-0.10154412985185235,-0.011962105946810131,-0.029923172672445708,1
2022-01-31,SBILIFE.NS,0.430678192857878,0.03114544313105605,0.38746498118989625,0.06454580423852736,0.07655695991233835,-0.14036090989960603,-0.029923172672445708,0
2022-01-31,HDFCLIFE.NS,-0.07915502332750679,-0.04172131865639861,-0.03906348476689725,0.055287429346468665,-0.08523772489100223,-0.15945055680264475,-0.029923172672445708,0
2022-02-28,RELIANCE.NS,0.13518843763441457,-0.01133425375176178,0.14820245562486267,0.07850228956852766,-0.019061171792013165,0.11663233893776392,0.03178742884142882,1
2022-02-28,TCS.NS,0.24124994254667498,-0.04872545570496012,0.30482829588016247,0.06425034984528882,0.00886757827763085,0.05226230684254185,0.03178742884142882,1
2022-02-28,HDFCBANK.NS,-0.06646056564642544,-0.04001475578884439,-0.027548142033487544,0.06170151136840618,-0.04506047081004527,0.030920204110919558,0.03178742884142882,0
2022-02-28,INFY.NS,0.3959001256544803,-0.011865030026178669,0.4126613955292584,0.0692624822509743,0.001722531224501056,0.11147706834175986,0.03178742884142882,1
2022-02-28,ICICIBANK.NS,0.2461307242066404,-0.05844327657708559,0.3234791842136546,0.0761609026726531,0.039686441168390374,-0.016695779298182556,0.03178742884142882,0
2022-02-28,HINDUNILVR.NS,0.032462326456456525,-0.044705787471088554,0.08077942158077245,0.05453067326120865,-0.06276008930314403,-0.05683446903455347,0.03178742884142882,0
2022-02-28,BHARTIARTL.NS,0.2572156294999224,-0.05868631696988791,0.33559689205081344,0.07618004556210471,-0.057329176983365926,0.09970873200861385,0.03178742884142882,1
2022-02-28,ITC.NS,0.11565027714520437,0.003789534141660944,0.11143844321827423,0.08050880996659471,-0.0005224022176332221,0.16122304304884572,0.03178742884142882,1
2022-02-28,LT.NS,0.2737009430054447,-0.04842344660677034,0.3385165265616841,0.07094585095941955,0.02946579727928178,-0.027026298499621126,0.03178742884142882,0
2022-02-28,KOTAKBANK.NS,0.035563156028490805,-0.007807419031248708,0.04371185180340054,0.08790782131061499,-0.060732101909585,-0.04824301505255735,0.03178742884142882,0
2022-02-28,AXISBANK.NS,0.02428261390719988,-0.03964818167179596,0.06657018225913047,0.0800141897788733,0.1323113316900839,0.025256038910566936,0.03178742884142882,0
2022-02-28,SBIN.NS,0.24993256422928667,-0.10235919385986081,0.39246406321923355,0.08480821373860276,0.049180357031294086,0.021419739693884887,0.03178742884142882,0
2022-02-28,BAJFINANCE.NS,0.3321462727239697,0.0002927226431628238,0.3317564374595474,0.09163040175955312,0.0007218077144788282,0.03679505825510354,0.03178742884142882,1
2022-02-28,ASIANPAINT.NS,0.40265806295524276,0.007105970063550737,0.39276114396058204,0.07279425665614804,0.009861094870792009,-0.029830071198745478,0.03178742884142882,0
2022-02-28,MARUTI.NS,0.21861029884777738,-0.032934744181675524,0.2601117572118721,0.09166204163876403,0.17634214861672648,-0.09055059643862984,0.03178742884142882,0
2022-02-28,HCLTECH.NS,0.28973341358417914,0.025058858091190572,0.2582042517888694,0.08047483344411685,-0.0019530959163223116,0.032654653571938086,0.03178742884142882,1
2022-02-28,SUNPHARMA.NS,0.4342417310784621,0.019244116676865097,0.40716213869808904,0.06980718212656035,0.12866151611871657,0.08395534340640753,0.03178742884142882,1
2022-02-28,TITAN.NS,0.8143856328888786,0.07890932004521645,0.6816850120572124,0.08990624062759635,0.07200594918040504,-0.004084091411072577,0.03178742884142882,0
2022-02-28,ULTRACEMCO.NS,0.07930508351337373,-0.08986471621768721,0.1858732462585453,0.06768726917195951,-0.11647553711477432,0.00523754361166362,0.03178742884142882,0
2022-02-28,WIPRO.NS,0.35682399905068274,-0.029339695871211546,0.3978360846521829,0.08182895914542752,-0.12639486867259808,0.06495149956081292,0.03178742884142882,1
2022-02-28,ADANIENT.NS,0.9738594595134127,-0.04110912227644259,1.0584818412283035,0.11433597892194063,-0.011065317762385396,0.22518174228981236,0.03178742884142882,1
2022-02-28,NESTLEIND.NS,0.10796874022731173,-0.04764177293929317,0.16339493768733493,0.04864247150265197,-0.0790181912732838,-0.014660513483813475,0.03178742884142882,0
2022-02-28,POWERGRID.NS,0.43483913194903145,-0.002037183943556564,0.4377681300982248,0.08269257585664012,0.07617835408496254,0.03657676622047745,0.03178742884142882,1
2022-02-28,NTPC.NS,0.3162514294683978,-0.03278033795318369,0.36086091000566034,0.08485489968528219,0.07971381121690069,0.011235897525970318,0.03178742884142882,0
2022-02-28,TECHM.NS,0.5913637597857337,-0.04665316978918266,0.6692390527315533,0.09235335889824677,-0.08527684432478777,0.06343978774100045,0.03178742884142882,1
2022-02-28,BAJAJFINSV.NS,0.6599748642931136,0.020587056955889693,0.6264902175462908,0.09645152343067102,-0.07105495979579579,0.06544238462296459,0.03178742884142882,1
2022-02-28,JSWSTEEL.NS,0.6021868173176326,-0.0023849666290458593,0.6060171145414905,0.10724765942264373,0.03131169517170984,0.16766276149460935,0.03178742884142882,1
2022-02-28,ONGC.NS,0.5403572511204244,-0.05943145164758601,0.6376873900564242,0.09980908624272168,0.14244947134939534,0.02023012530363877,0.03178742884142882,0
2022-02-28,TATASTEEL.NS,0.745184247042812,0.1245451814507017,0.5519022942159288,0.11322602190622401,0.13960975537123677,0.07081720345660858,0.03178742884142882,1
2022-02-28,COALINDIA.NS,0.2899974719400671,0.09370075272440093,0.17947936739249037,0.10373831269821172,0.21847126084671942,0.07962253344275072,0.03178742884142882,1
2022-02-28,HINDALCO.NS,0.6979257988004111,0.17319293452609297,0.44726902867539176,0.11011758503861047,0.3900666567956439,-0.007407455250935002,0.03178742884142882,0
2022-02-28,GRASIM.NS,0.33921815347889495,-0.07467441695312727,0.44729398820810107,0.09116915258264092,-0.03846734211740932,0.04097592511414483,0.03178742884142882,1
2022-02-28,ADANIPORTS.NS,0.0540857432673294,-0.012285289425665757,0.06719656190440038,0.09582183297734237,0.03458367896073011,0.09427560101088361,0.03178742884142882,1
2022-02-28,DRREDDY.NS,-0.07782188754104358,-0.055638136607200295,-0.023490731459807068,0.05777941422399511,-0.13098151326329688,0.057107402471412216,0.03178742884142882,1
2022-02-28,CIPLA.NS,0.1818223684501854,-0.02111117313022537,0.20731010101457392,0.07147441401549919,-0.047616616106656906,0.10053514566953559,0.03178742884142882,1
2022-02-28,BRITANNIA.NS,0.039645044725248546,-0.03050664947367987,0.07235912877674133,0.05263067923265637,-0.033295768501581446,-0.06449408126522915,0.03178742884142882,0
2022-02-28,EICHERMOT.NS,0.04295413483215382,-0.021054511974537893,0.06538530243987073,0.0799233661923223,0.09253528483110562,-0.05122026476738517,0.03178742884142882,0
2022-02-28,HEROMOTOCO.NS,-0.18615112967994685,-0.04874596840522538,-0.14444633789815542,0.07013047088032594,0.05805813658357173,-0.09517052203554632,0.03178742884142882,0
2022-02-28,BPCL.NS,-0.08496990555137762,-0.10711660845030013,0.024803578057919218,0.08218372484708812,-0.041839722901294896,0.027301428084592017,0.03178742884142882,0
2022-02-28,INDUSINDBK.NS,-0.1295546178354553,0.05572751689342548,-0.17550185229053272,0.11763434795973488,0.04269526327331841,0.015966204242653603,0.03178742884142882,0
2022-02-28,APOLLOHOSP.NS,0.5711930048652258,0.07750101094302853,0.45818239510524283,0.1158124415374141,-0.15558870582361728,-0.05969444089613407,0.03178742884142882,0
2022-02-28,TATACONSUM.NS,0.18642911196944967,-0.011962105946810131,0.20079312656967763,0.07669347599944958,-0.07706143413646016,0.08182580473216317,0.03178742884142882,1
2022-02-28,SBILIFE.NS,0.22639110493291215,-0.14036090989960603,0.426634873932602,0.0695982770679182,-0.08651074027031258,0.05979003408006367,0.03178742884142882,1
2022-02-28,HDFCLIFE.NS,-0.25106112486045506,-0.15945055680264475,-0.10898891052658854,0.06851044161631681,-0.23149232939985742,0.028669780973832548,0.03178742884142882,0
2022-03-31,RELIANCE.NS,0.3199218819299481,0.11663233893776392,0.18205593363485306,0.08332846843448531,0.11257727693586439,0.05901900646589042,0.004902644343281248,1
2022-03-31,TCS.NS,0.18957913243130875,0.05226230684254185,0.13049676368319707,0.06345456306210899,0.0021861211347597997,-0.0516718694062529,0.004902644343281248,0
2022-03-31,HDFCBANK.NS,-0.011338936564200597,0.030920204110919558,-0.040991669875715564,0.06764870669553298,-0.006117410106139087,-0.058319323726770955,0.004902644343281248,0
2022-03-31,INFY.NS,0.42137242295536503,0.11147706834175986,0.2788139885566381,0.07134253235930689,0.010117900750612696,-0.17793749491014255,0.004902644343281248,0
2022-03-31,ICICIBANK.NS,0.25826896453780757,-0.016695779298182556,0.2796334420691682,0.08294345379767717,-0.013308190209398774,0.017800955187915246,0.004902644343281248,1
2022-03-31,HINDUNILVR.NS,-0.14614270085186387,-0.05683446903455347,-0.09468988092248498,0.06212977558077489,-0.13198317123855274,0.09088934033753615,0.004902644343281248,1
2022-03-31,BHARTIARTL.NS,0.4868050592920181,0.09970873200861385,0.35199895755703814,0.07640009183342282,0.10405103028539608,-0.021127359405161528,0.004902644343281248,0
2022-03-31,ITC.NS,0.2086567038219036,0.16122304304884572,0.04084801886855316,0.07624197287693195,0.1771166603394021,0.03550756204946515,0.004902644343281248,1
2022-03-31,LT.NS,0.2598899108852051,-0.027026298499621126,0.2948858832899448,0.0753549030689576,-0.06764607080459784,-0.04146744487086618,0.004902644343281248,0
2022-03-31,KOTAKBANK.NS,0.0009816737051562274,-0.04824301505255735,0.051719808245412224,0.08958889960501004,-0.02352322534265039,0.02103939819222944,0.004902644343281248,1
2022-03-31,AXISBANK.NS,0.0913326832759378,0.025256038910566936,0.0644489199357301,0.08848791206432242,0.12173032649946669,-0.04276433792590273,0.004902644343281248,0
2022-03-31,SBIN.NS,0.36729833079432983,0.021419739693884887,0.33862532478969243,0.0852542452741094,0.07188623157868967,0.005571777116963661,0.004902644343281248,1
2022-03-31,BAJFINANCE.NS,0.41201803249333335,0.03679505825510354,0.36190659981512585,0.09845397867424499,0.04050987510788073,-0.08101295563612754,0.004902644343281248,0
2022-03-31,ASIANPAINT.NS,0.22127051266161057,-0.029830071198745478,0.25882123987353123,0.0812883322698548,-0.08956692426588864,0.05105604646729556,0.004902644343281248,1
2022-03-31,MARUTI.NS,0.10938709610094222,-0.09055059643862984,0.2198447673467303,0.10020149144983077,0.018157997433568385,0.02069754232501797,0.004902644343281248,1
2022-03-31,HCLTECH.NS,0.23263651511445338,0.032654653571938086,0.19365802579863556,0.0766063015907428,-0.11035102863460222,-0.057119257247820965,0.004902644343281248,0
2022-03-31,SUNPHARMA.NS,0.5463322774388641,0.08395534340640753,0.4265645599194188,0.07158207881552163,0.09018363146261366,0.015195354222627078,0.004902644343281248,1
2022-03-31,TITAN.NS,0.6316766636967055,-0.004084091411072577,0.638367907997937,0.09777241640572276,0.0054511115992281756,-0.030735523737724924,0.004902644343281248,0
2022-03-31,ULTRACEMCO.NS,-0.015350750284417236,0.00523754361166362,-0.020481023641546692,0.08090173452700469,-0.13025211797838254,0.004233511569598836,0.004902644343281248,0
2022-03-31,WIPRO.NS,0.43151928591493105,0.06495149956081292,0.3442107800264058,0.07896973140835371,-0.17122558612238037,-0.13323921617743872,0.004902644343281248,0
2022-03-31,ADANIENT.NS,0.9551437144167263,0.22518174228981236,0.5957989308285367,0.11705576754754189,0.17859556449094693,0.1574637218942896,0.004902644343281248,1
2022-03-31,NESTLEIND.NS,0.024079343765316175,-0.014660513483813475,0.03931625371687897,0.05144299114869577,-0.11799368331734605,0.05985515118196005,0.004902644343281248,1
2022-03-31,POWERGRID.NS,0.4511677275467305,0.03657676622047745,0.3999616572903877,0.08006876266214714,0.0901358100135441,0.050507680875540695,0.004902644343281248,1
2022-03-31,NTPC.NS,0.34040983048142026,0.011235897525970318,0.3255164633304528,0.076235847159285,0.1168593265019604,0.15703690419964667,0.004902644343281248,1
2022-03-31,TECHM.NS,0.5683975915950505,0.06343978774100045,0.4748344096911221,0.09423516539160566,-0.1625756852577266,-0.16035884520374366,0.004902644343281248,0
2022-03-31,BAJAJFINSV.NS,0.7649491710941936,0.06544238462296459,0.6565411669057715,0.09995883383474212,0.039878202125960716,-0.1259814180312061,0.004902644343281248,0
2022-03-31,JSWSTEEL.NS,0.5792793604365682,0.16766276149460935,0.3525132534115323,0.1075745281187143,0.11692960164440702,-0.007507003172191662,0.004902644343281248,0
2022-03-31,ONGC.NS,0.7076711059499186,0.02023012530363877,0.6738097254692268,0.11481971201509233,0.16310602442748912,-0.021049451897258042,0.004902644343281248,0
2022-03-31,TATASTEEL.NS,0.6461823845558827,0.07081720345660858,0.5373140992150571,0.11086136243567274,0.1761213653437388,-0.027654607948593535,0.004902644343281248,0
2022-03-31,COALINDIA.NS,0.5721387862356333,0.07962253344275072,0.4561930096274702,0.10934558048388905,0.2919497787626908,-0.0010927364567486775,0.004902644343281248,0
2022-03-31,HINDALCO.NS,0.7544431889742564,-0.007407455250935002,0.7675361337897144,0.11624135079399779,0.19756067231288177,-0.15250217518352993,0.004902644343281248,0
2022-03-31,GRASIM.NS,0.15406430914581426,0.04097592511414483,0.10863688708196517,0.09767331480281564,0.02573582780209005,0.017007104305670095,0.004902644343281248,1
2022-03-31,ADANIPORTS.NS,0.10994282227748764,0.09427560101088361,0.014317436349792212,0.10054307138679469,0.06011235071260557,0.10617412890384315,0.004902644343281248,1
2022-03-31,DRREDDY.NS,-0.044467639637448375,0.057107402471412216,-0.09608772190166115,0.06841025113501871,-0.12462805778076902,-0.03806351908678618,0.004902644343281248,0
2022-03-31,CIPLA.NS,0.255878462664876,0.10053514566953559,0.14115252711973492,0.07538273126700712,0.07832851481627245,-0.036196567120468814,0.004902644343281248,0
2022-03-31,BRITANNIA.NS,-0.09751226006888669,-0.06449408126522915,-0.03529446275263881,0.06369293119309928,-0.11081546510289497,0.022720242071540886,0.004902644343281248,1
2022-03-31,EICHERMOT.NS,-0.050500616249738006,-0.05122026476738517,0.000758499039263949,0.08574515717801527,-0.051988903781552964,0.07048816404111435,0.004902644343281248,1
2022-03-31,HEROMOTOCO.NS,-0.18515396398528172,-0.09517052203554632,-0.09944795582054455,0.08090587164003608,-0.04761510163290228,0.09262707153056127,0.004902644343281248,1
2022-03-31,BPCL.NS,-0.02337508328595972,0.027301428084592017,-0.049329739047514254,0.08393239223473813,-0.05513502455983532,0.009043999897803356,0.004902644343281248,1
2022-03-31,INDUSINDBK.NS,-0.015126610777808636,0.015966204242653603,-0.030604182393685342,0.11761211631098345,0.05320044269498392,0.04612993493497286,0.004902644343281248,1
2022-03-31,APOLLOHOSP.NS,0.5568032091870632,-0.05969444089613407,0.6556354411758816,0.11141603041357961,-0.09919425987941555,-0.013673197797829939,0.004902644343281248,0
2022-03-31,TATACONSUM.NS,0.22374364202161212,0.08182580473216317,0.13118363110647446,0.08758628256462407,0.045665480144412296,0.05962181536092093,0.004902644343281248,1
2022-03-31,SBILIFE.NS,0.2791335409697011,0.05979003408006367,0.20696883329350757,0.07600941279572081,-0.060588410182385144,-0.01422254253362032,0.004902644343281248,0
2022-03-31,HDFCLIFE.NS,-0.22466484752266835,0.028669780973832548,-0.24627400666584298,0.07538915541060534,-0.17142643524313517,0.08212561495681503,0.004902644343281248,1
2022-04-30,RELIANCE.NS,0.40384932973399734,0.05901900646589042,0.3256129693260734,0.08439400567488446,0.16913171988074582,-0.05648253716008267,-0.04688494802843973,0
2022-04-30,TCS.NS,0.1809558130377631,-0.0516718694062529,0.2453029441385104,0.060994111861466006,-0.05073269603667285,-0.045024265216550896,-0.04688494802843973,1
2022-04-30,HDFCBANK.NS,-0.01537020846186854,-0.058319323726770955,0.04560900138131396,0.08210648942180947,-0.06804859529364271,0.014805132987345537,-0.04688494802843973,1
2022-04-30,INFY.NS,0.18027647972885052,-0.17793749491014255,0.4357502895717613,0.07457827766145776,-0.0971374977727566,-0.030637752953281305,-0.04688494802843973,1
2022-04-30,ICICIBANK.NS,0.24142609658813563,0.017800955187915246,0.21971402194148348,0.06950106357772576,-0.057682522216986776,0.012848003986076773,-0.04688494802843973,1
2022-04-30,HINDUNILVR.NS,-0.0377677159816866,0.09088934033753615,-0.11793777018612595,0.06745962516833014,-0.01710807907114731,0.0529785659067159,-0.04688494802843973,1
2022-04-30,BHARTIARTL.NS,0.4026545961039105,-0.021127359405161528,0.432928593500733,0.07471022636131969,0.013300449627759114,-0.052503309628623596,-0.04688494802843973,0
2022-04-30,ITC.NS,0.3497965112352106,0.03550756204946515,0.30351197876692293,0.069188500454257,0.20701198749769856,0.06819105186127361,-0.04688494802843973,1
2022-04-30,LT.NS,0.2783231392939074,-0.04146744487086618,0.33362516740153003,0.07717999247646515,-0.1125340440247311,-0.023519357394311324,-0.04688494802843973,1
2022-04-30,KOTAKBANK.NS,0.024496254574177145,0.02103939819222944,0.0033856248721333415,0.08507432536679958,-0.03580572529769177,0.03132764101646157,-0.04688494802843973,1
2022-04-30,AXISBANK.NS,0.019163390265272806,-0.04276433792590273,0.06469433875561337,0.08776079414551048,-0.05749954392246659,-0.05956621213138302,-0.04688494802843973,0
2022-04-30,SBIN.NS,0.4169225233330427,0.005571777116963661,0.40907149104308305,0.08484853634532813,-0.07802337709728258,-0.04210107472310498,-0.04688494802843973,1
2022-04-30,BAJFINANCE.NS,0.2257344245223114,-0.08101295563612754,0.3337885795449611,0.10334481040808835,-0.0469198673097323,-0.08837951754711082,-0.04688494802843973,0
2022-04-30,ASIANPAINT.NS,0.2841300218892713,0.05105604646729556,0.22175218553316967,0.07741370536488158,0.026948948544184503,-0.11662859438493234,-0.04688494802843973,0
2022-04-30,MARUTI.NS,0.20313332072778412,0.02069754232501797,0.17873637472193882,0.09803036982419179,-0.10229965516242412,0.03220480573349627,-0.04688494802843973,1
2022-04-30,HCLTECH.NS,0.24843904342731404,-0.057119257247820965,0.3240688740584938,0.07441547073925267,-0.0019307501957946949,-0.03567278391981499,-0.04688494802843973,1
2022-04-30,SUNPHARMA.NS,0.43394253597747934,0.015195354222627078,0.412479410995239,0.07182192656481891,0.12160316340132171,-0.07327837004017868,-0.04688494802843973,0
2022-04-30,TITAN.NS,0.6519270226640497,-0.030735523737724924,0.7043098794193834,0.08661012904963152,0.041477544654941134,-0.09852729267385385,-0.04688494802843973,0
2022-04-30,ULTRACEMCO.NS,0.06110165525143341,0.004233511569598836,0.05662840666704172,0.0817518629404343,-0.08122459410955307,-0.08259874864007177,-0.04688494802843973,0
2022-04-30,WIPRO.NS,0.04286364999907821,-0.13323921617743872,0.20317355083818356,0.07591598545973467,-0.10402405026417205,-0.060436388501945215,-0.04688494802843973,0
2022-04-30,ADANIENT.NS,1.0138955582644926,0.1574637218942896,0.7399211052322039,0.10914543208353529,0.35980643255780187,-0.07051882681420107,-0.04688494802843973,0
2022-04-30,NESTLEIND.NS,0.13615805076435028,0.05985515118196005,0.07199370545804906,0.0521705484651408,-0.00543598915821053,-0.03484932507062122,-0.04688494802843973,1
2022-04-30,POWERGRID.NS,0.49398041931720393,0.050507680875540695,0.4221508766809332,0.08308812831442584,0.08671350024165458,0.022612437668073415,-0.04688494802843973,1
2022-04-30,NTPC.NS,0.6129701331510631,0.15703690419964667,0.3940524518246007,0.08063232964744066,0.13168303574115203,-0.0012803664659869485,-0.04688494802843973,1
2022-04-30,TECHM.NS,0.359466590264232,-0.16035884520374366,0.6191042834174967,0.08944579722162356,-0.1487491682978317,-0.06254953403614161,-0.04688494802843973,0
2022-04-30,BAJAJFINSV.NS,0.35077337821599186,-0.1259814180312061,0.5454744396546709,0.09689093154684598,-0.0496125518890147,-0.1325953694399442,-0.04688494802843973,0
2022-04-30,JSWSTEEL.NS,0.022859409386815077,-0.007507003172191662,0.030596097560449786,0.10488677434602899,0.15613318249796726,-0.24190332764018108,-0.04688494802843973,0
2022-04-30,ONGC.NS,0.5789807880922566,-0.021049451897258042,0.6129321252768132,0.10161874205145709,-0.060602609645538874,-0.057338619040607997,-0.04688494802843973,0
2022-04-30,TATASTEEL.NS,0.2567640316270916,-0.027654607948593535,0.29250782890597415,0.10930750358416728,0.17088113622748824,-0.1694661671631058,-0.04688494802843973,0
2022-04-30,COALINDIA.NS,0.5385519367222338,-0.0010927364567486775,0.5402350076670721,0.1146134837849631,0.1794936917848191,0.054963211557017555,-0.04688494802843973,1
2022-04-30,HINDALCO.NS,0.3336688778180421,-0.15250217518352993,0.5736546322190914,0.10991857622338393,-0.013086613099250854,-0.12452087410366008,-0.04688494802843973,0
2022-04-30,GRASIM.NS,0.21455228631239476,0.017007104305670095,0.19424169326879248,0.09810897161354942,-0.020376393860498054,-0.1558232797128759,-0.04688494802843973,0
2022-04-30,ADANIPORTS.NS,0.18128867868383858,0.10617412890384315,0.06790481517989377,0.10000677882979002,0.1955885161566675,-0.13609290361114001,-0.04688494802843973,0
2022-04-30,DRREDDY.NS,-0.19603858287748643,-0.03806351908678618,-0.16422608657146132,0.07002568786541001,-0.03970658701001151,0.05752725534675185,-0.04688494802843973,1
2022-04-30,CIPLA.NS,0.08377369879913998,-0.036196567120468814,0.12447586491902873,0.07637617638796257,0.038306939532097184,0.011975102576756935,-0.04688494802843973,1
2022-04-30,BRITANNIA.NS,-0.045687063854816135,0.022720242071540886,-0.06688760338584543,0.06690825880468618,-0.07242672789810456,0.11238852404427391,-0.04688494802843973,1
2022-04-30,EICHERMOT.NS,0.0929437269995057,0.07048816404111435,0.020976937170067655,0.08569188930284545,-0.0057266956597609164,0.05717873515187666,-0.04688494802843973,1
2022-04-30,HEROMOTOCO.NS,-0.07984837993541405,0.09262707153056127,-0.15785390638762975,0.08687770238261777,-0.05955108911525908,0.10661636052950207,-0.04688494802843973,1
2022-04-30,BPCL.NS,-0.0001740586876686212,0.009043999897803356,-0.009135437687955661,0.09077509051710159,-0.07444391393558925,-0.10038599555768013,-0.04688494802843973,0
2022-04-30,INDUSINDBK.NS,0.05179434766846103,0.04612993493497286,0.00541463593032554,0.11504497135724706,0.1220616841076354,-0.04874563084032857,-0.04688494802843973,0
2022-04-30,APOLLOHOSP.NS,0.3939224749644703,-0.013673197797829939,0.4132460679890906,0.11553302358946123,-0.0006732226201913161,-0.10664848443952368,-0.04688494802843973,0
2022-04-30,TATACONSUM.NS,0.23743866283802362,0.05962181536092093,0.16781161438860703,0.08984509259667994,0.13261374738408072,-0.07769341125834583,-0.04688494802843973,0
2022-04-30,SBILIFE.NS,0.19258821550304583,-0.01422254253362032,0.20979457023515824,0.07865274516406734,-0.10192032104324666,0.06209856038517292,-0.04688494802843973,1
2022-04-30,HDFCLIFE.NS,-0.12175804697556858,0.08212561495681503,-0.18841034637232956,0.08662498972629114,-0.06434245511719827,0.03129610949877426,-0.04688494802843973,1
2022-05-31,RELIANCE.NS,0.22289860611691492,-0.05648253716008267,0.2961059591160944,0.08575599392795752,0.11574230042210876,-0.014054182509021351,-0.059405441986396246,1
2022-05-31,TCS.NS,0.07842062414911855,-0.045024265216550896,0.12926494869910177,0.06917754871806507,-0.04703931525879179,-0.028905987115975362,-0.059405441986396246,1
2022-05-31,HDFCBANK.NS,-0.0690499425346871,0.014805132987345537,-0.08263170218225357,0.08741974074448428,-0.014829576919253129,-0.0294825776839428,-0.059405441986396246,1
2022-05-31,INFY.NS,0.09990337224658385,-0.030637752953281305,0.13466702009241116,0.08251410487746352,-0.11429020272765922,-0.027733376431126833,-0.059405441986396246,1
2022-05-31,ICICIBANK.NS,0.13927479208645965,0.012848003986076773,0.12482306091617734,0.07465377501902624,0.013666359923623084,-0.060636224608425326,-0.059405441986396246,0
2022-05-31,HINDUNILVR.NS,0.019141787708939484,0.0529785659067159,-0.03213434659863157,0.07564434677145647,0.08339829946330579,-0.04375043206626916,-0.059405441986396246,1
2022-05-31,BHARTIARTL.NS,0.33360689743106664,-0.052503309628623596,0.4075055997381396,0.0717871576759372,0.01995630115940461,-0.021779470276876878,-0.059405441986396246,1
2022-05-31,ITC.NS,0.3486469186088246,0.06819105186127361,0.26255215886602823,0.07027030338312377,0.28445193009192726,0.010530273964538095,-0.059405441986396246,1
2022-05-31,LT.NS,0.1400334966093646,-0.023519357394311324,0.16749216202304162,0.08080027847836198,-0.08930781880741523,-0.058174659364367165,-0.059405441986396246,1
2022-05-31,KOTAKBANK.NS,0.022164572352338485,0.03132764101646157,-0.008884731000802226,0.08366596736556864,0.0022249973280419333,-0.10057669091990429,-0.059405441986396246,0
2022-05-31,AXISBANK.NS,-0.08725190899525226,-0.05956621213138302,-0.029439283467915023,0.09465627829966343,-0.07704733092515792,-0.07063636586444033,-0.059405441986396246,0
2022-05-31,SBIN.NS,0.1306571981629976,-0.04210107472310498,0.18035125452945278,0.08662535190344267,-0.016131608358437854,-0.004699845128453339,-0.059405441986396246,1
2022-05-31,BAJFINANCE.NS,0.08245060277512373,-0.08837951754711082,0.18739170917110526,0.10536078263291111,-0.13140688649265342,-0.1088407869969017,-0.059405441986396246,0
2022-05-31,ASIANPAINT.NS,-0.03368593805494258,-0.11662859438493234,0.09389329992206275,0.08602123688942998,-0.09922355428679752,-0.05207569001211232,-0.059405441986396246,1
2022-05-31,MARUTI.NS,0.1313580107032868,0.03220480573349627,0.09605962345750862,0.09412494363956549,-0.0418323846555001,0.06331629692671736,-0.059405441986396246,1
2022-05-31,HCLTECH.NS,0.14499515556613107,-0.03567278391981499,0.18735128125941358,0.08134933097794594,-0.06106333941528064,-0.06485707955256514,-0.059405441986396246,0
2022-05-31,SUNPHARMA.NS,0.3013259871018752,-0.07327837004017868,0.40422533048925935,0.07378908952145044,0.019788973758574135,-0.034859412224902075,-0.059405441986396246,1
2022-05-31,TITAN.NS,0.3915839669890415,-0.09852729267385385,0.5436784227407305,0.08860235169095963,-0.1298030665263602,-0.12398468473003565,-0.059405441986396246,0
2022-05-31,ULTRACEMCO.NS,-0.08880702493840564,-0.08259874864007177,-0.006767242021014197,0.0846552709799372,-0.07388964904230177,-0.0781408984813321,-0.059405441986396246,0
2022-05-31,WIPRO.NS,-0.10432333879391731,-0.060436388501945215,-0.04670992975345012,0.08500142955472816,-0.13272810728077378,-0.12969349285477083,-0.059405441986396246,0
2022-05-31,ADANIENT.NS,0.6477587015191315,-0.07051882681420107,0.772772541343075,0.11188843848110275,0.31810042998844823,0.010772390679755217,-0.059405441986396246,1
2022-05-31,NESTLEIND.NS,0.010657195023541233,-0.03484932507062122,0.047149653703026484,0.059292254200038357,0.00792338329139608,-0.01252019737003185,-0.059405441986396246,1
2022-05-31,POWERGRID.NS,0.4898481884527104,0.022612437668073415,0.45690403673370517,0.08427620279502707,0.11355525842164238,-0.0901677157491827,-0.059405441986396246,0
2022-05-31,NTPC.NS,0.4935490749280833,-0.0012803664659869485,0.4954638166500187,0.0811497427147025,0.16853917582721345,-0.08397473478232653,-0.059405441986396246,0
2022-05-31,TECHM.NS,0.19802772443090388,-0.06254953403614161,0.2779637622763649,0.09499046741943344,-0.16294315610735965,-0.152721878163662,-0.059405441986396246,0
2022-05-31,BAJAJFINSV.NS,0.09578259504394304,-0.1325953694399442,0.2632888463328018,0.09574871858290025,-0.1922585460014773,-0.15450081721621067,-0.059405441986396246,0
2022-05-31,JSWSTEEL.NS,-0.21699289366546537,-0.24190332764018108,0.032859178628464436,0.11834386116552335,-0.12144395469372182,0.024036254598109874,-0.059405441986396246,1
2022-05-31,ONGC.NS,0.4164119554220087,-0.057338619040607997,0.5025670766107526,0.10967649626482244,-0.05851238294926275,0.0019834288180875514,-0.059405441986396246,1
2022-05-31,TATASTEEL.NS,-0.041199500310554193,-0.1694661671631058,0.15443882209400805,0.1253210497292425,-0.13524470700863134,-0.13433830993331197,-0.059405441986396246,0
2022-05-31,COALINDIA.NS,0.4621229801322273,0.054963211557017555,0.385946888114026,0.12149007177322542,0.137717469789572,-0.037843699343772075,-0.059405441986396246,1
2022-05-31,HINDALCO.NS,0.07919636283632103,-0.12452087410366008,0.23269228347553095,0.11832460896093139,-0.2635294299242582,-0.19855637712330654,-0.059405441986396246,0
2022-05-31,GRASIM.NS,-0.023103945758337963,-0.1558232797128759,0.15721747682096354,0.09709965853834,-0.10628706468520988,-0.07549365412708009,-0.059405441986396246,0
2022-05-31,ADANIPORTS.NS,-0.0318585438818515,-0.13609290361114001,0.12065459372308585,0.1067298158752049,0.045724430760150314,-0.09164032659466903,-0.059405441986396246,0
2022-05-31,DRREDDY.NS,-0.1731774851100707,0.05752725534675185,-0.21815488848197762,0.07562424371512648,0.0753679248740089,0.0055267314869238415,-0.059405441986396246,1
2022-05-31,CIPLA.NS,0.051696497405176345,0.011975102576756935,0.03925135581624306,0.07284617818353124,0.07340153733201893,-0.07628786639260832,-0.059405441986396246,0
2022-05-31,BRITANNIA.NS,0.05799250965392644,0.11238852404427391,-0.04890019378533472,0.06868310660246892,0.06428977830140647,-0.03333759994041441,-0.059405441986396246,1
2022-05-31,EICHERMOT.NS,0.0455557259851167,0.05717873515187666,-0.010994365266995598,0.08831451440007948,0.07373148672232444,0.004890815770791868,-0.059405441986396246,1
2022-05-31,HEROMOTOCO.NS,-0.045515207403835634,0.10661636052950207,-0.137474533505491,0.09259118137275825,0.09404650751645005,-0.019539282022485005,-0.059405441986396246,1
2022-05-31,BPCL.NS,-0.1962053562505156,-0.10038599555768013,-0.10651163745748371,0.08668812452794498,-0.06746701215349205,-0.054567784013518916,-0.059405441986396246,1
2022-05-31,INDUSINDBK.NS,-0.07656468000375849,-0.04874563084032857,-0.029244595415635177,0.10948716540826826,0.011024210692991199,-0.1466401407508604,-0.059405441986396246,0
2022-05-31,APOLLOHOSP.NS,0.25656108025126434,-0.10664848443952368,0.40656959591423014,0.11009545029299826,-0.17146240973724536,-0.07433460635806721,-0.059405441986396246,0
2022-05-31,TATACONSUM.NS,0.15101159439126577,-0.07769341125834583,0.24797069482247158,0.09127492264005571,0.057264228425916386,-0.06289036108735291,-0.059405441986396246,0
2022-05-31,SBILIFE.NS,0.2056930616016941,0.06209856038517292,0.13519884742565358,0.07811594708480477,0.10959255473102036,-0.07882301692382665,-0.059405441986396246,0
2022-05-31,HDFCLIFE.NS,-0.09536064773445752,0.03129610949877426,-0.12281318242806993,0.0913106481029009,0.1479871810875102,-0.08172625923433019,-0.059405441986396246,0
2022-06-30,RELIANCE.NS,0.22978712045717997,-0.014054182509021351,0.24731714323483356,0.08739969456441687,-0.014840054206728626,-0.033209414855209896,0.12962178536879132,0
2022-06-30,TCS.NS,-0.011159371050760147,-0.028905987115975362,0.018274869198822596,0.07371974767779223,-0.12054778599560279,0.013319161157322457,0.12962178536879132,0
2022-06-30,HDFCBANK.NS,-0.0896098502326157,-0.0294825776839428,-0.061953831189536235,0.0867683205936635,-0.07255182725328191,0.06394643026020308,0.12962178536879132,0
2022-06-30,INFY.NS,-0.05713866183995253,-0.027733376431126833,-0.030244055175820406,0.08542806710598437,-0.2252237148350572,0.0600587573841358,0.12962178536879132,0
2022-06-30,ICICIBANK.NS,0.12422041721451227,-0.060636224608425326,0.19678919569352127,0.0746962193480456,-0.03163086377716229,0.1575225448218356,0.12962178536879132,1
2022-06-30,HINDUNILVR.NS,-0.08383322625151346,-0.04375043206626916,-0.04191666645335623,0.07928856606818435,0.09842771151894358,0.1823726857793848,0.12962178536879132,1
2022-06-30,BHARTIARTL.NS,0.32751833815552733,-0.021779470276876878,0.35707470638677963,0.07442033760247317,-0.09272140506494131,-0.010219864810370516,0.12962178536879132,0
2022-06-30,ITC.NS,0.4153811804388128,0.010530273964538095,0.40063214027814653,0.06518450048294819,0.1177676576260267,0.10804375161634305,0.12962178536879132,0
2022-06-30,LT.NS,0.05020677452318423,-0.058174659364367165,0.11507593734354749,0.08303266845607377,-0.11846232591562034,0.17516694779722286,0.12962178536879132,1
2022-06-30,KOTAKBANK.NS,-0.025749870946143782,-0.10057669091990429,0.08319421924954473,0.08237036045312723,-0.05288373209117514,0.08985027765748566,0.12962178536879132,0
2022-06-30,AXISBANK.NS,-0.14900440808051718,-0.07063636586444033,-0.08432441225115317,0.09125629486980996,-0.16337128081882757,0.13984495977795475,0.12962178536879132,1
2022-06-30,SBIN.NS,0.12874726142384452,-0.004699845128453339,0.13407724885717576,0.08417540326382074,-0.04129093601858369,0.13404160670908927,0.12962178536879132,1
2022-06-30,BAJFINANCE.NS,-0.09756365084892316,-0.1088407869969017,0.012654457232143868,0.10557083765002202,-0.25341585177322334,0.33489499042059956,0.12962178536879132,1
2022-06-30,ASIANPAINT.NS,-0.09314901593411073,-0.05207569001211232,-0.043329752691460444,0.08908168292886326,-0.11987800754547018,0.2369212309726738,0.12962178536879132,1
2022-06-30,MARUTI.NS,0.13422986749915888,0.06331629692671736,0.06669094678356902,0.09541459880334185,0.12027699022452021,0.0357465571191915,0.12962178536879132,0
2022-06-30,HCLTECH.NS,0.02903688480657607,-0.06485707955256514,0.10040600458613969,0.08178409746739175,-0.1497254499776587,-0.014587657153597222,0.12962178536879132,0
2022-06-30,SUNPHARMA.NS,0.24266740212110882,-0.034859412224902075,0.28755066138683794,0.07290323793014725,-0.0919923634059775,0.13556476635327663,0.12962178536879132,1
2022-06-30,TITAN.NS,0.12317871165584471,-0.12398468473003565,0.28214506307998866,0.0942517163185287,-0.23456806498457605,0.21590270277984058,0.12962178536879132,1
2022-06-30,ULTRACEMCO.NS,-0.16843805624395203,-0.0781408984813321,-0.09795114851484854,0.08915113511292909,-0.1507049637505241,0.1671927436906604,0.12962178536879132,1
2022-06-30,WIPRO.NS,-0.22991543106812706,-0.12969349285477083,-0.11515705948482813,0.08851611334305032,-0.2912424913162911,0.01838730098038921,0.12962178536879132,0
2022-06-30,ADANIENT.NS,0.4542201721374255,0.010772390679755217,0.4387216999065904,0.11711094236531715,0.08743011488681351,0.1731520669761053,0.12962178536879132,1
2022-06-30,NESTLEIND.NS,0.001543764275249826,-0.01252019737003185,0.014242277774010992,0.059982864253086125,0.010112755267488449,0.10813397845886108,0.12962178536879132,0
2022-06-30,POWERGRID.NS,0.31614145448079256,-0.0901677157491827,0.44657589894663086,0.07837654136270315,-0.022601550193555475,0.009674379091086927,0.12962178536879132,0
2022-06-30,NTPC.NS,0.29878206828042586,-0.08397473478232653,0.4178452468467653,0.08347269048775217,0.058518008580559444,0.07032924515478034,0.12962178536879132,0
2022-06-30,TECHM.NS,-0.053321590006453645,-0.152721878163662,0.11731718971071081,0.0969407069457736,-0.3330887571263802,0.07962923409854805,0.12962178536879132,0
2022-06-30,BAJAJFINSV.NS,-0.09668078744988107,-0.15450081721621067,0.06838567197186185,0.1004518663703677,-0.35900359408170246,0.37650427998294966,0.12962178536879132,1
2022-06-30,JSWSTEEL.NS,-0.1665165914153437,0.024036254598109874,-0.18608017553854794,0.12179864867425615,-0.22950934828273029,0.14978605708432258,0.12962178536879132,1
2022-06-30,ONGC.NS,0.3703870300548284,0.0019834288180875514,0.36767434534451326,0.11913969889733696,-0.0753507788828438,-0.11481360750036962,0.12962178536879132,0
2022-06-30,TATASTEEL.NS,-0.21666750754580666,-0.13433830993331197,-0.09510551126058531,0.13047495505871598,-0.30092127208212505,0.2409895433551037,0.12962178536879132,1
2022-06-30,COALINDIA.NS,0.4168633879790038,-0.037843699343772075,0.47259170574744247,0.1267258268002722,0.013930330292374338,0.13820058143417469,0.12962178536879132,1
2022-06-30,HINDALCO.NS,-0.0834759185709173,-0.19855637712330654,0.1435914582978659,0.12293395770818584,-0.4053555560677887,0.22560165247456188,0.12962178536879132,1
2022-06-30,GRASIM.NS,-0.11345495583621057,-0.07549365412708009,-0.041061158615723015,0.09930819178661088,-0.20628012603015888,0.19099002789042774,0.12962178536879132,1
2022-06-30,ADANIPORTS.NS,-0.04497651553231241,-0.09164032659466903,0.051371513320730866,0.10513500173748476,-0.13194271943945313,0.14424619912815007,0.12962178536879132,1
2022-06-30,DRREDDY.NS,-0.186069595404053,0.0055267314869238415,-0.1905432455362509,0.07884209513534984,0.022896246981564783,-0.06268140171240433,0.12962178536879132,0
2022-06-30,CIPLA.NS,-0.05107503045454531,-0.07628786639260832,0.027295122604483746,0.07174474317044793,-0.09906191713377466,0.0656345369525575,0.12962178536879132,0
2022-06-30,BRITANNIA.NS,-0.03382760397779605,-0.03333759994041441,-0.0005069029656593615,0.07104180294385119,0.09973533127736811,0.12520196402849337,0.12962178536879132,0
2022-06-30,EICHERMOT.NS,0.0526359787069397,0.004890815770791868,0.04751278664988612,0.0928088425995563,0.13723224637238363,0.10703738203362989,0.12962178536879132,0
2022-06-30,HEROMOTOCO.NS,-0.0303441552636613,-0.019539282022485005,-0.011020200037656247,0.09954253041711346,0.18549367630406866,0.04927449733570488,0.12962178536879132,0
2022-06-30,BPCL.NS,-0.23373524815458213,-0.054567784013518916,-0.1895085243674679,0.08559247373024141,-0.14178379872005786,0.07101161069748474,0.12962178536879132,0
2022-06-30,INDUSINDBK.NS,-0.2145747726510383,-0.1466401407508604,-0.0796084221256349,0.10753235083842494,-0.15079116359230815,0.31365265388545205,0.12962178536879132,1
2022-06-30,APOLLOHOSP.NS,0.018204515103468877,-0.07433460635806721,0.09997038033089978,0.10758280203052863,-0.1843623945298889,0.14355879467812938,0.12962178536879132,1
2022-06-30,TATACONSUM.NS,-0.05624471528073227,-0.06289036108735291,0.007091641714764396,0.0902341065307108,-0.08416632788606582,0.14907627133135826,0.12962178536879132,1
2022-06-30,SBILIFE.NS,0.07485218730764731,-0.07882301692382665,0.1668248415394531,0.07844369810907521,-0.035534314211444706,0.1967456028343797,0.12962178536879132,1
2022-06-30,HDFCLIFE.NS,-0.1963574210793323,-0.08172625923433019,-0.12483332230476396,0.09455849507018414,0.024786090372261427,0.00999991934103428,0.12962178536879132,0
2022-07-31,RELIANCE.NS,0.23296319981166547,-0.033209414855209896,0.2753156875509004,0.09107998768747878,-0.10063619761354747,0.05463620355679488,0.03736494949772018,1
2022-07-31,TCS.NS,0.05611094012755702,0.013319161157322457,0.04222931985354128,0.07586460295217105,-0.06027697479043681,-0.02748403256765941,0.03736494949772018,0
2022-07-31,HDFCBANK.NS,0.017123267029821587,0.06394643026020308,-0.0440089480998872,0.0845799883107139,0.047866009686399646,0.036187495505882517,0.03736494949772018,0
2022-07-31,INFY.NS,-0.0189435981814009,0.0600587573841358,-0.07452639300908903,0.086435004922233,-0.0009173499369479199,-0.03662002452680324,0.03736494949772018,0
2022-07-31,ICICIBANK.NS,0.1994138198457136,0.1575225448218356,0.036190461439630894,0.07350858757823152,0.1013048289786973,0.09042844092300872,0.03736494949772018,1
2022-07-31,HINDUNILVR.NS,0.14731786468435892,0.1823726857793848,-0.029647861048074486,0.08159248815066926,0.19054323420311836,0.00851212900108167,0.03736494949772018,0
2022-07-31,BHARTIARTL.NS,0.22973092525107353,-0.010219864810370516,0.2424283752830343,0.07463181253781642,-0.08261167683287007,0.07652429206334244,0.03736494949772018,1
2022-07-31,ITC.NS,0.5510869072966988,0.10804375161634305,0.39984265516056827,0.0658927582418479,0.19606607830082745,0.05758140850927873,0.03736494949772018,1
2022-07-31,LT.NS,0.14346622386590413,0.17516694779722286,-0.02697550674884086,0.0844346384908619,0.08077073885345443,0.06330022904992028,0.03736494949772018,1
2022-07-31,KOTAKBANK.NS,0.09454278546677397,0.08985027765748566,0.004305644459140279,0.08196659010159488,0.010945247932559132,0.058691877330316666,0.03736494949772018,1
2022-07-31,AXISBANK.NS,0.02391494686772977,0.13984495977795475,-0.10170682592903557,0.08641576296230534,-0.0037698483800040483,0.036909190807579595,0.03736494949772018,0
2022-07-31,SBIN.NS,0.24269453112602002,0.13404160670908927,0.09581035102603863,0.07937759308153938,0.08119180751190913,0.005488863028209501,0.03736494949772018,0
2022-07-31,BAJFINANCE.NS,0.16172677831635718,0.33489499042059956,-0.12972422051691157,0.10832621382946166,0.08446734424337188,0.013476003912338275,0.03736494949772018,0
2022-07-31,ASIANPAINT.NS,0.1346891681518514,0.2369212309726738,-0.08265042288944335,0.08718451123224447,0.03575977891189752,0.017352896412403007,0.03736494949772018,0
2022-07-31,MARUTI.NS,0.2653865339134569,0.0357465571191915,0.221714448593469,0.08810459493471934,0.13679418978694713,0.042000942806713626,0.03736494949772018,1
2022-07-31,HCLTECH.NS,-0.03281881713120327,-0.014587657153597222,-0.018501046906866048,0.0772367236942274,-0.1113711433383181,-0.009964137890496993,0.03736494949772018,0
2022-07-31,SUNPHARMA.NS,0.23153617300622975,0.13556476635327663,0.08451425184769801,0.07440040943587571,0.015668043994778502,-0.05006154269488716,0.03736494949772018,0
2022-07-31,TITAN.NS,0.37667086132678684,0.21590270277984058,0.1322212362711197,0.09307824945106193,-0.039796896128668324,0.10739551833954786,0.03736494949772018,1
2022-07-31,ULTRACEMCO.NS,-0.13682042951339835,0.1671927436906604,-0.26046527006565334,0.08832927227010778,-0.01288794673510274,0.026186292142204692,0.03736494949772018,0
2022-07-31,WIPRO.NS,-0.27118654270331377,0.01838730098038921,-0.28434549743985793,0.08249519441045433,-0.16725622595109457,-0.023955778270437378,0.03736494949772018,0
2022-07-31,ADANIENT.NS,0.8097226752209667,0.1731520669761053,0.5426155961909302,0.10720918278549081,0.10216921951013846,0.24332490534090367,0.03736494949772018,1
2022-07-31,NESTLEIND.NS,0.10547803107733356,0.10813397845886108,-0.0023967746077250274,0.062155972937651495,0.05612570259087346,0.029275531803831356,0.03736494949772018,0
2022-07-31,POWERGRID.NS,0.35333243927338764,0.009674379091086927,0.34036523784198947,0.0766690569861994,-0.06059309141802394,0.08368752544859137,0.03736494949772018,1
2022-07-31,NTPC.NS,0.3689550723705002,0.07032924515478034,0.279003707099992,0.07865020019002487,-0.020806702885184047,0.09281322629573241,0.03736494949772018,1
2022-07-31,TECHM.NS,-0.09852891392352503,0.07962923409854805,-0.16501789910387965,0.09141853479310186,-0.1424707206853466,0.0261766268278405,0.03736494949772018,0
2022-07-31,BAJAJFINSV.NS,0.0584172458185519,0.37650427998294966,-0.2310832147709252,0.1016250966993622,0.009514344892644022,0.1272328319033713,0.03736494949772018,1
2022-07-31,JSWSTEEL.NS,-0.11926971954686028,0.14978605708432258,-0.2340050785738924,0.11329289778064873,-0.10739983930382557,0.059244048580574304,0.03736494949772018,1
2022-07-31,ONGC.NS,0.2382975418760367,-0.11481360750036962,0.39891163303953947,0.1333186441080174,-0.16391393829386025,0.05778927161162084,0.03736494949772018,1
2022-07-31,TATASTEEL.NS,-0.20932812059099104,0.2409895433551037,-0.3628698294496735,0.12881713394042402,-0.10777651807681488,0.006505586934862029,0.03736494949772018,0
2022-07-31,COALINDIA.NS,0.6503751377818374,0.13820058143417469,0.4499862016432148,0.11953082674858596,0.1553185501714558,0.1268559864069041,0.03736494949772018,1
2022-07-31,HINDALCO.NS,-0.060428646878585957,0.22560165247456188,-0.23337949877567143,0.12598180329029282,-0.14006007829464362,0.06740529701576481,0.03736494949772018,1
2022-07-31,GRASIM.NS,0.020066170532150318,0.19099002789042774,-0.1435140961348188,0.08941942268339724,-0.07049572138248683,0.0738307216384968,0.03736494949772018,1
2022-07-31,ADANIPORTS.NS,0.14008986204102203,0.14424619912815007,-0.0036323800684634477,0.09958718186506203,-0.10206610518797765,0.10272357137382215,0.03736494949772018,1
2022-07-31,DRREDDY.NS,-0.12582982044425262,-0.06268140171240433,-0.06737134934398525,0.08116938397177098,-0.0032817182438225068,0.03782070818786076,0.03736494949772018,1
2022-07-31,CIPLA.NS,0.06819444708459677,0.0656345369525575,0.0024022402083176964,0.07213563935661373,-0.0038728811229736815,0.06762318124422295,0.03736494949772018,1
2022-07-31,BRITANNIA.NS,0.1589873183823629,0.12520196402849337,0.03002603571087792,0.07586634848282961,0.20993435326790055,-0.03913702227822946,0.03736494949772018,0
2022-07-31,EICHERMOT.NS,0.23019891085470556,0.10703738203362989,0.11125327005202634,0.09227753963831309,0.17606027892519016,0.09298776813380227,0.03736494949772018,1
2022-07-31,HEROMOTOCO.NS,0.05554941285131321,0.04927449733570488,0.005980242092552102,0.09502235335194502,0.138456398994518,0.006972886469878814,0.03736494949772018,0
2022-07-31,BPCL.NS,-0.13768887146777165,0.07101161069748474,-0.19486295020587363,0.0863364208298781,-0.08907885468562249,0.01250953751627737,0.03736494949772018,0
2022-07-31,INDUSINDBK.NS,0.06895562438492475,0.31365265388545205,-0.18627224538904974,0.11173461980488747,0.06637369259420356,0.06983800641378313,0.03736494949772018,1
2022-07-31,APOLLOHOSP.NS,0.04457721205147491,0.14355879467812938,-0.08655574430216695,0.09776518778778998,-0.05434025018578814,0.029064821860882883,0.03736494949772018,0
2022-07-31,TATACONSUM.NS,0.08179410765450035,0.14907627133135826,-0.0585532617420621,0.08487878139677645,-0.006850627406216114,-0.0024640470886214683,0.03736494949772018,0
2022-07-31,SBILIFE.NS,0.18041880712363523,0.1967456028343797,-0.013642661959296865,0.08642621736267479,0.17087285757035375,0.02680770058816817,0.03736494949772018,0
2022-07-31,HDFCLIFE.NS,-0.1611245391562821,0.00999991934103428,-0.16943017045879072,0.09841156262846212,-0.04351781871543314,0.03546354950943553,0.03736494949772018,0
2022-08-31,RELIANCE.NS,0.17200217508017257,0.05463620355679488,0.1112857411186503,0.08594264928247326,0.005282534263152394,-0.09863708119195158,-0.027250943890100687,0
2022-08-31,TCS.NS,-0.1408205859426238,-0.02748403256765941,-0.11653952960196445,0.07077691760410763,-0.04301689174609258,-0.06433828609249559,-0.027250943890100687,0
2022-08-31,HDFCBANK.NS,-0.04933669977250976,0.036187495505882517,-0.0825373744127631,0.07739800339280867,0.06994497850675829,-0.04357045679013083,-0.027250943890100687,0
2022-08-31,INFY.NS,-0.10801236304970452,-0.03662002452680324,-0.07410610594001033,0.08410236194320693,-0.007083036454325953,-0.053250453609934745,-0.027250943890100687,0
2022-08-31,ICICIBANK.NS,0.24139449725610107,0.09042844092300872,0.13844655061023992,0.06714611263813486,0.18566073381009485,-0.0285134853649347,-0.027250943890100687,0
2022-08-31,HINDUNILVR.NS,-0.008911554212906236,0.00851212900108167,-0.017276622375623663,0.08039526878010868,0.14026755213210018,0.01376019962862518,-0.027250943890100687,1
2022-08-31,BHARTIARTL.NS,0.11969310688085577,0.07652429206334244,0.04010017714953085,0.0699095311452231,0.04231584677892619,0.10088083931899972,-0.027250943890100687,1
2022-08-31,ITC.NS,0.5911032925088731,0.05758140850927873,0.5044735844511714,0.059274570678449684,0.1841863359138458,0.03650527018907401,-0.027250943890100687,1
2022-08-31,LT.NS,0.16440586686220837,0.06330022904992028,0.09508663221358282,0.07797528534630242,0.1768628317165526,-0.038907683324795106,-0.027250943890100687,0
2022-08-31,KOTAKBANK.NS,0.09289108399712309,0.058691877330316666,0.032303267267002944,0.07698036130514856,0.03776867781516202,-0.050249292746298635,-0.027250943890100687,0
2022-08-31,AXISBANK.NS,-0.04304646779820043,0.036909190807579595,-0.07710960546459034,0.0801279330577708,0.0984294840315938,-0.024351297112616188,-0.027250943890100687,1
2022-08-31,SBIN.NS,0.266378992062027,0.005488863028209501,0.25946595594117294,0.0734526598974265,0.13490713118434106,-0.0012236439151259715,-0.027250943890100687,1
2022-08-31,BAJFINANCE.NS,-0.025469776099937613,0.013476003912338275,-0.03842792514270965,0.102869509226107,0.20563507684679205,0.004037705955241,-0.027250943890100687,1
2022-08-31,ASIANPAINT.NS,0.06679152996199789,0.017352896412403007,0.04859536324507996,0.0837268935512666,0.1928541091159761,-0.014491755179210086,-0.027250943890100687,1
2022-08-31,MARUTI.NS,0.3353657571706792,0.042000942806713626,0.28153987420948345,0.08396191400181481,0.14758293214246887,-0.027977494853303808,-0.027250943890100687,0
2022-08-31,HCLTECH.NS,-0.16989364560361053,-0.009964137890496993,-0.16153910563638196,0.07206822889115536,-0.08768059064375122,-0.007029161619070634,-0.027250943890100687,1
2022-08-31,SUNPHARMA.NS,0.1372736186232495,-0.05006154269488716,0.19720768211615414,0.06871940526201002,0.04111321421118874,0.0622584956040082,-0.027250943890100687,1
2022-08-31,TITAN.NS,0.3602542798905304,0.10739551833954786,0.22833645013312331,0.08690734526218286,0.179541660309116,0.0008831623438425584,-0.027250943890100687,1
2022-08-31,ULTRACEMCO.NS,-0.14251806522481525,0.026186292142204692,-0.16439934801198997,0.0825312099217439,0.10416337057225555,-0.06330634397416512,-0.027250943890100687,0
2022-08-31,WIPRO.NS,-0.3483553054029379,-0.023955778270437378,-0.3323615056679097,0.07648021041570777,-0.13492312931769457,-0.04666900756283443,-0.027250943890100687,0
2022-08-31,ADANIENT.NS,1.012891554469714,0.24332490534090367,0.6189586051264735,0.09811289053002015,0.4743218905878508,0.08183192657966565,-0.027250943890100687,1
2022-08-31,NESTLEIND.NS,0.03467578056125964,0.029275531803831356,0.005246650280284149,0.06146273176907533,0.1262949634941266,-0.03919777577724726,-0.027250943890100687,0
2022-08-31,POWERGRID.NS,0.43146138676283785,0.08368752544859137,0.32091710308309196,0.06959513530363214,-0.00448741805646824,-0.07578413216415236,-0.027250943890100687,0
2022-08-31,NTPC.NS,0.5250422219585447,0.09281322629573241,0.3955195501503239,0.0769739130708304,0.07144723129221897,-0.026524392926897566,-0.027250943890100687,1
2022-08-31,TECHM.NS,-0.22708075833414298,0.0261766268278405,-0.24679707034924692,0.08844464943476811,-0.06130879955512669,-0.06272670741606312,-0.027250943890100687,0
2022-08-31,BAJAJFINSV.NS,-0.010525087479630213,0.1272328319033713,-0.12220893100708619,0.09888122928462684,0.3119110432989831,-0.010532159966460397,-0.027250943890100687,1
2022-08-31,JSWSTEEL.NS,-0.00013548708582411528,0.059244048580574304,-0.05605840858484812,0.10135434708296644,0.24717788964351084,-0.05285641113039308,-0.027250943890100687,0
2022-08-31,ONGC.NS,0.25281314608713856,0.05778927161162084,0.18436930654286576,0.13144525609791155,-0.0618021655701364,-0.0851371145179095,-0.027250943890100687,0
2022-08-31,TATASTEEL.NS,-0.21293682510498868,0.006505586934862029,-0.21802403770864742,0.11641898549985863,0.08126590855754134,-0.0831024556294847,-0.027250943890100687,0
2022-08-31,COALINDIA.NS,0.8272196592329848,0.1268559864069041,0.6215201243765514,0.10729427701822751,0.23405025900970733,-0.0960391521987316,-0.027250943890100687,0
2022-08-31,HINDALCO.NS,-0.05396844365660547,0.06740529701576481,-0.11370914217093087,0.12199381884356908,0.04845952392507735,-0.11036436947917105,-0.027250943890100687,0
2022-08-31,GRASIM.NS,0.12579021932762502,0.0738307216384968,0.04838704708489461,0.07965832881481542,0.18237121006419987,-0.0022638336142570825,-0.027250943890100687,1
2022-08-31,ADANIPORTS.NS,0.13321417399271884,0.10272357137382215,0.027650268308774928,0.09436336786524878,0.1461566590709249,-0.025529893925493097,-0.027250943890100687,1
2022-08-31,DRREDDY.NS,-0.09138921128068589,0.03782070818786076,-0.12450119606320076,0.07580680690722641,-0.021855117391929135,0.021354328671220557,-0.027250943890100687,1
2022-08-31,CIPLA.NS,0.10096532488748022,0.06762318124422295,0.031230254483983755,0.07001393536727354,0.05090372368965368,0.07366755995450269,-0.027250943890100687,1
2022-08-31,BRITANNIA.NS,-0.046305454436500804,-0.03913702227822946,-0.007460410406557538,0.07141715188602742,0.04512146646578308,0.025428565619234567,-0.027250943890100687,1
2022-08-31,EICHERMOT.NS,0.26195869307745867,0.09298776813380227,0.15459544001316883,0.09165207815664005,0.21589609846682567,0.09314480309971618,-0.027250943890100687,1
2022-08-31,HEROMOTOCO.NS,0.07122468918420033,0.006972886469878814,0.06380688455234118,0.08732444576721586,0.03594594035016674,-0.1016667713086501,-0.027250943890100687,0
2022-08-31,BPCL.NS,-0.17530958489097526,0.01250953751627737,-0.18549862045544752,0.07937564077392543,0.025235648846764658,-0.07256960392745138,-0.027250943890100687,0
2022-08-31,INDUSINDBK.NS,0.12492526588992625,0.06983800641378313,0.05149121562880521,0.10078484457138699,0.19930813709155437,0.07020634456351216,-0.027250943890100687,1
2022-08-31,APOLLOHOSP.NS,-0.12774200415621728,0.029064821860882883,-0.1523779869702887,0.089331750143138,0.08931945044390632,0.013995195189030474,-0.027250943890100687,1
2022-08-31,TATACONSUM.NS,-0.056487831659942866,-0.0024640470886214683,-0.05415723053755528,0.07853898207429122,0.07415713805681379,-0.008398809858767398,-0.027250943890100687,1
2022-08-31,SBILIFE.NS,0.11704418169796549,0.02680770058816817,0.08788060418529064,0.08284047495232555,0.1319677018740233,-0.05917540228764073,-0.027250943890100687,0
2022-08-31,HDFCLIFE.NS,-0.19636307665926167,0.03546354950943553,-0.2238868053622246,0.09146890981388217,-0.03965269978881647,-0.07779900864081124,-0.027250943890100687,0
2022-09-30,RELIANCE.NS,-0.05308773919912657,-0.09863708119195158,0.0505338538366531,0.08145969869836846,-0.08095923403166327,0.07227411786682314,0.04919035189702592,1
2022-09-30,TCS.NS,-0.1937777784270316,-0.06433828609249559,-0.13834005432793828,0.07167684061564981,-0.07793432626556762,0.0655217843342395,0.04919035189702592,1
2022-09-30,HDFCBANK.NS,-0.09848205813440258,-0.04357045679013083,-0.05741311708124697,0.07332910096811808,0.05441382454611632,0.05301296859612248,0.04919035189702592,1
2022-09-30,INFY.NS,-0.13975773080636567,-0.053250453609934745,-0.09137292700723354,0.08588335221464372,-0.0331420805238849,0.09975935302242389,0.04919035189702592,1
2022-09-30,ICICIBANK.NS,0.23731582859367828,-0.0285134853649347,0.2736315017800022,0.062111553496328166,0.22620591085564445,0.054176361817364294,0.04919035189702592,1
2022-09-30,HINDUNILVR.NS,0.013018757980695073,0.01376019962862518,-0.0007313777441664282,0.07168165469676115,0.2088453684504994,-0.054052661574585326,0.04919035189702592,0
2022-09-30,BHARTIARTL.NS,0.1673039949126245,0.10088083931899972,0.06033637176818685,0.06867925758243848,0.1730131492560869,0.040130009965192226,0.04919035189702592,0
2022-09-30,ITC.NS,0.4756435029156667,0.03650527018907401,0.42367197288489145,0.06155068011084681,0.21462504358742573,0.04966894121496468,0.04919035189702592,1
2022-09-30,LT.NS,0.09889403507346217,-0.038907683324795106,0.143380314260515,0.07414088780539507,0.20093798344823433,0.09492885260561112,0.04919035189702592,1
2022-09-30,KOTAKBANK.NS,-0.09234853682272959,-0.050249292746298635,-0.044326625665976116,0.07212449669828436,0.09583721677032586,0.04548705955044996,0.04919035189702592,0
2022-09-30,AXISBANK.NS,-0.042050673650312675,-0.024351297112616188,-0.018141136748622833,0.07536350851420026,0.1531345341541137,0.23567923202461505,0.04919035189702592,1
2022-09-30,SBIN.NS,0.18958181233656068,-0.0012236439151259715,0.1910392202310729,0.06969075805094362,0.1388709259523082,0.08141734200756834,0.04919035189702592,1
2022-09-30,BAJFINANCE.NS,-0.03985852647947552,0.004037705955241,-0.043719705120988106,0.09778782713275345,0.3583465884812831,-0.02612556123755616,0.04919035189702592,0
2022-09-30,ASIANPAINT.NS,0.03730179502876352,-0.014491755179210086,0.05255516681891592,0.07764285475571632,0.2401491838701486,-0.06889119092526097,0.04919035189702592,0
2022-09-30,MARUTI.NS,0.21098607579471462,-0.027977494853303808,0.24584160282580525,0.0749445450563861,0.04905420878881839,0.0792293089379299,0.04919035189702592,1
2022-09-30,HCLTECH.NS,-0.23837595295142666,-0.007029161619070634,-0.23298447687504542,0.07196420284590428,-0.031264046413116864,0.12787029897859337,0.04919035189702592,1
2022-09-30,SUNPHARMA.NS,0.17234919750057331,0.0622584956040082,0.10363833506830811,0.06792098174992735,0.14587591765350227,0.07194443759196667,0.04919035189702592,1
2022-09-30,TITAN.NS,0.21015471319599222,0.0008831623438425584,0.20908689318150064,0.08248657382036421,0.34767436882387215,0.05928369934156441,0.04919035189702592,1
2022-09-30,ULTRACEMCO.NS,-0.14941563713540118,-0.06330634397416512,-0.09192898084372314,0.07514090480686379,0.12193156495097068,0.0735160076887329,0.04919035189702592,1
2022-09-30,WIPRO.NS,-0.3720559522099183,-0.04666900756283443,-0.341315814998567,0.07496266418764021,-0.0523975347866954,-0.01953078045724077,0.04919035189702592,0
2022-09-30,ADANIENT.NS,1.3548628254648194,0.08183192657966565,1.176736300351188,0.09827842772491098,0.5779699821644282,-0.03133913372717301,0.04919035189702592,0
2022-09-30,NESTLEIND.NS,-0.004746328666271893,-0.03919777577724726,0.03585696019682416,0.05740761202200415,0.09586717943389345,0.06998226858237366,0.04919035189702592,1
2022-09-30,POWERGRID.NS,0.2004295936056748,-0.07578413216415236,0.29886278236772945,0.07485221723471445,0.01125068959281661,0.07516502538594616,0.04919035189702592,1
2022-09-30,NTPC.NS,0.18052785985609532,-0.026524392926897566,0.21269382743500476,0.08046266090321404,0.13864517009924926,0.08424699419844406,0.04919035189702592,1
2022-09-30,TECHM.NS,-0.24038046342434527,-0.06272670741606312,-0.18954317530857456,0.08881872098585224,0.03839597587352861,0.05433286284585459,0.04919035189702592,1
2022-09-30,BAJAJFINSV.NS,-0.056064466634079935,-0.010532159966460397,-0.04601696470102168,0.09630011982472157,0.5352986883502882,0.00545173733922466,0.04919035189702592,0
2022-09-30,JSWSTEEL.NS,-0.025635716780798123,-0.05285641113039308,0.02873977575256803,0.09360316705923839,0.15353000155191743,0.06696734698080054,0.04919035189702592,1
2022-09-30,ONGC.NS,-0.05856285556387253,-0.0851371145179095,0.02904725874854308,0.11371174573339875,-0.14337667343260618,0.057176621137042805,0.04919035189702592,1
2022-09-30,TATASTEEL.NS,-0.18800372371698626,-0.0831024556294847,-0.11440893121763152,0.11284608284894727,0.1452627137647602,0.022658557724036132,0.04919035189702592,0
2022-09-30,COALINDIA.NS,0.2698992996667542,-0.0960391521987316,0.4048167050105864,0.09418162126577777,0.15940946143880463,0.1587749088670427,0.04919035189702592,1
2022-09-30,HINDALCO.NS,-0.19226927378213665,-0.11036436947917105,-0.09206567440988744,0.11947495734288699,0.16383351619252018,0.03866337700286593,0.04919035189702592,0
2022-09-30,GRASIM.NS,0.009501175383853644,-0.0022638336142570825,0.011791703452756375,0.07489266059273564,0.2760264152221237,0.027972698230227078,0.04919035189702592,0
2022-09-30,ADANIPORTS.NS,0.11984708685964263,-0.025529893925493097,0.14918567524945736,0.10057288225530525,0.22957396045086464,0.003533697065004837,0.04919035189702592,0
2022-09-30,DRREDDY.NS,-0.10557453436893682,0.021354328671220557,-0.12427505271876749,0.06731001355813858,-0.006458527022911165,0.02260299770029106,0.04919035189702592,0
2022-09-30,CIPLA.NS,0.13910489288428018,0.07366755995450269,0.06094748073840539,0.0691587729044288,0.22150743257481675,0.04704244251753109,0.04919035189702592,0
2022-09-30,BRITANNIA.NS,-0.010031038354340938,0.025428565619234567,-0.03458027712750722,0.06562299367760681,0.10865738254619073,-0.01990599315831576,0.04919035189702592,0
2022-09-30,EICHERMOT.NS,0.3246490152854735,0.09314480309971618,0.21177817570856616,0.08824554061773686,0.32268150956153274,0.04871176257908716,0.04919035189702592,0
2022-09-30,HEROMOTOCO.NS,-0.06848063163587925,-0.1016667713086501,0.03694190375337092,0.07838406030509672,-0.05082922315934746,0.05007455737662214,0.04919035189702592,1
2022-09-30,BPCL.NS,-0.2641502650343983,-0.07256960392745138,-0.20657147093544304,0.0780437436934124,0.005714304843666973,-0.0037729918548645713,0.04919035189702592,0
2022-09-30,INDUSINDBK.NS,0.07451432853424711,0.07020634456351216,0.00402537696830052,0.09952455984403626,0.5040632196262071,-0.035901073775858605,0.04919035189702592,0
2022-09-30,APOLLOHOSP.NS,-0.019235474363694993,0.013995195189030474,-0.03277201875353131,0.09260811948261159,0.19326561883261406,0.030592590784690454,0.04919035189702592,0
2022-09-30,TATACONSUM.NS,-0.005362991458942368,-0.008398809858767398,0.003061531621793012,0.07556063915466325,0.1366178003800511,-0.04072972429621802,0.04919035189702592,0
2022-09-30,SBILIFE.NS,0.03100671279767364,-0.05917540228764073,0.09585433385202147,0.07540374928630454,0.15611123302561603,0.012395543285068866,0.04919035189702592,0
2022-09-30,HDFCLIFE.NS,-0.2636557253338906,-0.07779900864081124,-0.20153601919160136,0.08299293481465819,-0.03554551002904616,0.018851862245585327,0.04919035189702592,0
2022-10-31,RELIANCE.NS,0.008543578448675593,0.07227411786682314,-0.05943493212811357,0.07769512761239926,0.019314463498588008,0.07128569235041948,0.03831846406260464,1
2022-10-31,TCS.NS,-0.04726239635947471,0.0655217843342395,-0.10584877977336149,0.06943949749091821,-0.03043276036667142,0.06189833194132177,0.03831846406260464,1
2022-10-31,HDFCBANK.NS,-0.04343300576696785,0.05301296859612248,-0.09159049056316204,0.05983118998012015,0.04357832305763254,0.07466427915268237,0.03831846406260464,1
2022-10-31,INFY.NS,-0.05806218737879287,0.09975935302242389,-0.1435055223376661,0.08061819132328969,0.0030680210704063793,0.06327825478243687,0.03831846406260464,1
2022-10-31,ICICIBANK.NS,0.1397707035950928,0.054176361817364294,0.08119546679093292,0.06463853797425977,0.11672752442477208,0.04864097014602797,0.03831846406260464,1
2022-10-31,HINDUNILVR.NS,0.07524386969285879,-0.054052661574585326,0.13668470327604676,0.06915890689054575,-0.03287341410472788,0.05945858998837905,0.03831846406260464,1
2022-10-31,BHARTIARTL.NS,0.21937410850591288,0.040130009965192226,0.1723285520304516,0.06825264041996676,0.2326840428973469,0.020132211066928418,0.03831846406260464,0
2022-10-31,ITC.NS,0.6388059741860583,0.04966894121496468,0.5612598504526416,0.05916396697378931,0.15063523585216942,-0.024949678763086736,0.03831846406260464,0
2022-10-31,LT.NS,0.1598267654955725,0.09492885260561112,0.05927135149970986,0.07369620541009407,0.11894029246844262,0.025579592196534273,0.03831846406260464,0
2022-10-31,KOTAKBANK.NS,-0.06304558242093317,0.04548705955044996,-0.10381060289550714,0.07012634194310004,0.05123029556837766,0.023712495378791054,0.03831846406260464,0
2022-10-31,AXISBANK.NS,0.22288291156257367,0.23567923202461505,-0.010355697603717795,0.07797580474225686,0.2500861484374097,-0.005242800184049878,0.03831846406260464,0
2022-10-31,SBIN.NS,0.16051932748551168,0.08141734200756834,0.07314658495405357,0.07062494603154792,0.08602256067751046,0.04993037015276269,0.03831846406260464,1
2022-10-31,BAJFINANCE.NS,-0.031092069995574123,-0.02612556123755616,-0.0050997423901270045,0.09421864289900798,-0.009016416276097727,-0.059230730589126646,0.03831846406260464,0
2022-10-31,ASIANPAINT.NS,0.009683402078379144,-0.06889119092526097,0.0843881963502433,0.07521347495264372,-0.0664613067072064,0.02170423423137402,0.03831846406260464,0
2022-10-31,MARUTI.NS,0.28171844670112645,0.0792293089379299,0.18762383127128568,0.07619820445235963,0.09309564295205819,-0.05808898872570745,0.03831846406260464,0
2022-10-31,HCLTECH.NS,-0.046788985976846,0.12787029897859337,-0.15485759764541362,0.071640893239496,0.10878305669209243,0.07650200470147217,0.03831846406260464,1
2022-10-31,SUNPHARMA.NS,0.29344557993797493,0.07194443759196667,0.20663490996193046,0.06557663152842573,0.0816779038009805,0.02866554652289155,0.03831846406260464,0
2022-10-31,TITAN.NS,0.16266461531181564,0.05928369934156441,0.09759511643057617,0.08083281673382758,0.1740820113745929,-0.03929022316414055,0.03831846406260464,0
2022-10-31,ULTRACEMCO.NS,-0.11557715887012365,0.0735160076887329,-0.17614377913746437,0.07470412390907716,0.03188740764253928,0.053917020533193805,0.03831846406260464,1
2022-10-31,WIPRO.NS,-0.3963624680054938,-0.01953078045724077,-0.3843381108118704,0.07852317639312952,-0.08768005197035078,0.05264528993854656,0.03831846406260464,1
2022-10-31,ADANIENT.NS,1.3523665922509562,-0.03133913372717301,1.4284728269268219,0.09867550338843034,0.30291529368037584,0.17041327828370423,0.03831846406260464,1
2022-10-31,NESTLEIND.NS,0.08345512302819613,0.06998226858237366,0.012591661414794064,0.06066370763326743,0.05813780058110107,-0.008817296573523592,0.03831846406260464,0
2022-10-31,POWERGRID.NS,0.3244870158061277,0.07516502538594616,0.23189183477269792,0.06905442453334774,0.07684358032970362,0.005292853497479211,0.03831846406260464,0
2022-10-31,NTPC.NS,0.3687578202519679,0.08424699419844406,0.2624040717436855,0.07163748007214939,0.15345124757397,-0.0051996141168115795,0.03831846406260464,0
2022-10-31,TECHM.NS,-0.2518108658564321,0.05433286284585459,-0.29036724500452693,0.08814024609695335,0.01406572500279113,0.030394362365144367,0.03831846406260464,0
2022-10-31,BAJAJFINSV.NS,-0.05275037872735533,0.00545173733922466,-0.05788653388834253,0.09766919306895742,0.12144128862102122,-0.0361481610079295,0.03831846406260464,0
2022-10-31,JSWSTEEL.NS,0.038294275892762464,0.06696734698080054,-0.02687342885344568,0.10061525125812004,0.0704416163644137,0.10304921910533826,0.03831846406260464,1
2022-10-31,ONGC.NS,-0.03511692662717547,0.057176621137042805,-0.08730191901609807,0.11230785175822311,0.023063799490195214,0.10522203416549214,0.03831846406260464,1
2022-10-31,TATASTEEL.NS,-0.18667427175253604,0.022658557724036132,-0.20469474185250058,0.11123985895005228,-0.05622676569270002,0.06006898431816765,0.03831846406260464,1
2022-10-31,COALINDIA.NS,0.6563071222733874,0.1587749088670427,0.4293605337837285,0.08439989807846104,0.18036716456908253,-0.0163437280281975,0.03831846406260464,0
2022-10-31,HINDALCO.NS,-0.10967664821166834,0.03866337700286593,-0.14281819162872533,0.11944702537557315,-0.013683403774022884,0.11105631947607875,0.03831846406260464,1
2022-10-31,GRASIM.NS,0.006597210426972033,0.027972698230227078,-0.02079382831864629,0.07048122052710858,0.1013696893771221,0.022100259453316395,0.03831846406260464,0
2022-10-31,ADANIPORTS.NS,0.19661633381984034,0.003533697065004837,0.19240274374396837,0.09604459499089142,0.07836836450607532,0.06975909460266139,0.03831846406260464,1
2022-10-31,DRREDDY.NS,-0.04187542017586965,0.02260299770029106,-0.06305322595490603,0.06393779910286473,0.0839414586055156,0.012055388468766859,0.03831846406260464,0
2022-10-31,CIPLA.NS,0.2961399079270923,0.04704244251753109,0.23790579569117165,0.06427599508415967,0.20019582831275584,-0.023770790443248258,0.03831846406260464,0
2022-10-31,BRITANNIA.NS,0.04237730563282538,-0.01990599315831576,0.0635482906296374,0.06328732940420177,-0.03431695730065909,0.15816847223850838,0.03831846406260464,1
2022-10-31,EICHERMOT.NS,0.5599142923480593,0.04871176257908716,0.4874576103845507,0.09093835423448,0.25299441530593647,-0.09504084806934354,0.03831846406260464,0
2022-10-31,HEROMOTOCO.NS,0.04273508694734285,0.05007455737662214,-0.006989475535542411,0.07318167167242694,-0.05010549108305584,0.06539375715833318,0.03831846406260464,1
2022-10-31,BPCL.NS,-0.24147896934997748,-0.0037729918548645713,-0.23860623688339389,0.06779039295058274,-0.06451083913956668,0.12349737248265358,0.03831846406260464,1
2022-10-31,INDUSINDBK.NS,0.010226093571801043,-0.035901073775858605,0.047844848794007966,0.1035337499764132,0.10384258024822923,0.02201029773897467,0.03831846406260464,0
2022-10-31,APOLLOHOSP.NS,0.06283639154195009,0.030592590784690454,0.03128666074797737,0.08458530240643335,0.07538913725300578,0.04624256576006491,0.03831846406260464,1
2022-10-31,TATACONSUM.NS,-0.041041670075986914,-0.04072972429621802,-0.0003251907076345928,0.07233931799828151,-0.05113028791629948,0.06219552984916721,0.03831846406260464,1
2022-10-31,SBILIFE.NS,0.10715806080166712,0.012395543285068866,0.09360226656975246,0.06836939063014859,-0.021979393878817977,0.013389212468296607,0.03831846406260464,0
2022-10-31,HDFCLIFE.NS,-0.20352252621600164,0.018851862245585327,-0.21825978505988697,0.07460444885209934,-0.02709274095869707,0.09279305932012583,0.03831846406260464,1
2022-11-30,RELIANCE.NS,0.13921259224262972,0.07128569235041948,0.06340689545024847,0.0687791217672563,0.035406329755372834,-0.06742096208694315,-0.03716175086300294,0
2022-11-30,TCS.NS,-0.02595829508524028,0.06189833194132177,-0.08273544122246235,0.06359059005876026,0.05867859135507003,-0.03954831844881712,-0.03716175086300294,0
2022-11-30,HDFCBANK.NS,0.08945224178976141,0.07466427915268237,0.013760541709582741,0.05768981341524613,0.0823295505419741,0.012247815264485595,-0.03716175086300294,1
2022-11-30,INFY.NS,-0.02471504792003265,0.06327825478243687,-0.08275660891840042,0.07465538998565138,0.10708177668727936,-0.0775252766808957,-0.03716175086300294,0
2022-11-30,ICICIBANK.NS,0.34194502062490684,0.04864097014602797,0.2796992095760238,0.057164214078250127,0.07393221843179032,-0.06511713388727236,-0.03716175086300294,0
2022-11-30,HINDUNILVR.NS,0.1763373118695617,0.05945858998837905,0.11031929231180682,0.06591792169412572,0.015982395816858785,-0.045932785021382316,-0.03716175086300294,0
2022-11-30,BHARTIARTL.NS,0.17064542391322424,0.020132211066928418,0.14754284906745374,0.06456196448304338,0.16811177183710035,-0.050250382778505354,-0.03716175086300294,0
2022-11-30,ITC.NS,0.6127307134287738,-0.024949678763086736,0.6539974176747334,0.053384458721828655,0.06084245365620555,-0.024852970019361376,-0.03716175086300294,1
2022-11-30,LT.NS,0.1907751227044805,0.025579592196534273,0.16107529026990375,0.06292027768608961,0.07924582116137202,0.00527753053046176,-0.03716175086300294,1
2022-11-30,KOTAKBANK.NS,-0.0069718489895884694,0.023712495378791054,-0.029973595620737092,0.0635091237722215,0.016497445704234837,-0.061528898960723666,-0.03716175086300294,0
2022-11-30,AXISBANK.NS,0.3766824485412672,-0.005242800184049878,0.3839381597800757,0.07260294197592418,0.1992681785179271,0.0360610185355319,-0.03716175086300294,1
2022-11-30,SBIN.NS,0.3285244918048511,0.04993037015276269,0.26534533105424263,0.0644595608609737,0.1340235690849214,0.018673740644062242,-0.03716175086300294,1
2022-11-30,BAJFINANCE.NS,-0.03598956912729101,-0.059230730589126646,0.024704422452478392,0.08494119176866716,-0.08010954530824421,-0.02168586187345367,-0.03716175086300294,1
2022-11-30,ASIANPAINT.NS,0.017306651721092914,0.02170423423137402,-0.004304163928212867,0.06451851613814097,-0.062468452078372594,-0.02747907636857938,-0.03716175086300294,1
2022-11-30,MARUTI.NS,0.2780832762545591,-0.05808898872570745,0.35690448562169985,0.06780917737171004,-0.0119022160390867,-0.0645800369800541,-0.03716175086300294,0
2022-11-30,HCLTECH.NS,0.030729391040917875,0.07650200470147217,-0.04251976629922538,0.06291917578536278,0.2056201487134055,-0.07271601442478859,-0.03716175086300294,0
2022-11-30,SUNPHARMA.NS,0.40361716342364096,0.02866554652289155,0.3645029408909104,0.05873000114146257,0.17132302994843962,-0.04268451439646492,-0.03716175086300294,0
2022-11-30,TITAN.NS,0.12076848716973698,-0.03929022316414055,0.1666046439758717,0.07236443644590036,0.01856296910606714,-0.02091969861408638,-0.03716175086300294,1
2022-11-30,ULTRACEMCO.NS,-0.04252559191356131,0.053917020533193805,-0.09150873414869343,0.06847943671633153,0.059772197812248296,-0.016666716950747174,-0.03716175086300294,1
2022-11-30,WIPRO.NS,-0.3551111380187699,0.05264528993854656,-0.38736356097800173,0.06828408912134633,-0.016080137733269106,-0.03477518327718876,-0.03716175086300294,1
2022-11-30,ADANIENT.NS,1.3571065382478729,0.17041327828370423,1.0139096009781583,0.0965884213430669,0.22650913984893006,-0.015199428618994926,-0.03716175086300294,1
2022-11-30,NESTLEIND.NS,0.06535662322169289,-0.008817296573523592,0.07483375117301838,0.05279741194671498,0.018976798117078753,-0.028629325756188928,-0.03716175086300294,1
2022-11-30,POWERGRID.NS,0.19174660476791217,0.005292853497479211,0.18547207475090288,0.06793827105423246,-0.001055996107390711,-0.04598218550380806,-0.03716175086300294,0
2022-11-30,NTPC.NS,0.41942341809745654,-0.0051996141168115795,0.42684244823375894,0.067717669570846,0.04999987058494049,-0.033391357301366886,-0.03716175086300294,1
2022-11-30,TECHM.NS,-0.26816221120274597,0.030394362365144367,-0.2897498127635231,0.07783275633733173,0.018233682968007647,-0.056267394268766036,-0.03716175086300294,0
2022-11-30,BAJAJFINSV.NS,-0.05606960156837415,-0.0361481610079295,-0.020668571407486347,0.09425631263997601,-0.04110027869409516,-0.04835543863088687,-0.03716175086300294,0
2022-11-30,JSWSTEEL.NS,0.25964933344682106,0.10304921910533826,0.14197019646004372,0.07979275210456827,0.11470986370975633,0.033158373553086706,-0.03716175086300294,1
2022-11-30,ONGC.NS,0.07869616279939584,0.10522203416549214,-0.024000490893329784,0.09421289164107165,0.06893942290689492,0.04004234932472106,-0.03716175086300294,1
2022-11-30,TATASTEEL.NS,0.059174440436648545,0.06006898431816765,-0.0008438544045267227,0.08800693056732645,-0.006001807734070219,0.04644676168658246,-0.03716175086300294,1
2022-11-30,COALINDIA.NS,0.7626846947568398,-0.0163437280281975,0.7919722010448065,0.07099088482411527,0.030367303953506397,-0.009680984329418219,-0.03716175086300294,1
2022-11-30,HINDALCO.NS,0.10195980383548586,0.11105631947607875,-0.008187267810944476,0.11240717398710288,0.026651535555217265,0.050255239148434994,-0.03716175086300294,1
2022-11-30,GRASIM.NS,0.06514007163907953,0.022100259453316395,0.04210918820114906,0.06646476226038836,0.048312571602271204,-0.020599406043333435,-0.03716175086300294,1
2022-11-30,ADANIPORTS.NS,0.29721907854100116,0.06975909460266139,0.21262729626320676,0.0844857814504203,0.046131954742721915,-0.07139624955454993,-0.03716175086300294,0
2022-11-30,DRREDDY.NS,-0.03377769696935562,0.012055388468766859,-0.045287131475548636,0.05811824761686774,0.057031128124138464,-0.05562543891037197,-0.03716175086300294,0
2022-11-30,CIPLA.NS,0.17902460748623805,-0.023770790443248258,0.20773338468489766,0.05956710054604867,0.09745296408944237,-0.055894459827728005,-0.03716175086300294,0
2022-11-30,BRITANNIA.NS,0.2515988696037237,0.15816847223850838,0.08067081741970838,0.06592714510924247,0.16397829884292103,-0.012573527366984694,-0.03716175086300294,1
2022-11-30,EICHERMOT.NS,0.47975711131664367,-0.09504084806934354,0.6351645355038431,0.08327297642815636,0.03743957298367251,-0.0736834827184446,-0.03716175086300294,0
2022-11-30,HEROMOTOCO.NS,0.2051751162412505,0.06539375715833318,0.13120159391185893,0.06791514923611487,0.0050039016510945444,-0.039639921222460406,-0.03716175086300294,0
2022-11-30,BPCL.NS,-0.049093616761259895,0.12349737248265358,-0.1536193973133465,0.07006676463155899,0.0380342853765987,-0.031217893929961993,-0.03716175086300294,1
2022-11-30,INDUSINDBK.NS,0.33319638932204243,0.02201029773897467,0.30448430145128125,0.09119066283889188,0.054494678010269526,0.04478493533325367,-0.03716175086300294,1
2022-11-30,APOLLOHOSP.NS,-0.1667471521103614,0.04624256576006491,-0.20357584831744568,0.07627663365150067,0.09334015335934742,-0.052640582622081045,-0.03716175086300294,0
2022-11-30,TATACONSUM.NS,0.059026060322785234,0.06219552984916721,-0.0029838852050450004,0.06601847291788386,0.010374777613768593,-0.06246556352644794,-0.03716175086300294,0
2022-11-30,SBILIFE.NS,0.10748073426987692,0.013389212468296607,0.09284835544321912,0.06395524700651849,-0.034760324404279674,-0.040221302143052085,-0.03716175086300294,0
2022-11-30,HDFCLIFE.NS,-0.13006236148862016,0.09279305932012583,-0.20393195116685126,0.07133404209629911,0.02677327516376793,-0.04122923523226507,-0.03716175086300294,0
2022-12-31,RELIANCE.NS,0.07911687774386866,-0.06742096208694315,0.15713181818748256,0.06238746750950333,0.07126465789079761,-0.07590682332587273,-0.010000103905677904,0
2022-12-31,TCS.NS,-0.1168320946025293,-0.03954831844881712,-0.08046607407557937,0.059626223973779896,0.08672783996132605,0.054762443865177035,-0.010000103905677904,1
2022-12-31,HDFCBANK.NS,0.11334357151933849,0.012247815264485595,0.0998725358853334,0.055572752775213,0.1454954844404066,-0.01513987479824419,-0.010000103905677904,0
2022-12-31,INFY.NS,-0.18377457874375003,-0.0775252766808957,-0.115178551104972,0.07162639839018174,0.07869600733926152,0.016940732763470745,-0.010000103905677904,1
2022-12-31,ICICIBANK.NS,0.21082997387498836,-0.06511713388727236,0.2951675742113635,0.05395918562161378,0.033468622830509,-0.06617270921098284,-0.010000103905677904,0
2022-12-31,HINDUNILVR.NS,0.10204745343109556,-0.045932785021382316,0.15510462588927187,0.060481786892358926,-0.04384143784754302,0.006130096554258113,-0.010000103905677904,1
2022-12-31,BHARTIARTL.NS,0.184093255972543,-0.050250382778505354,0.24674254614244928,0.05976995169596019,0.00775094683316202,-0.044411382356491336,-0.010000103905677904,0
2022-12-31,ITC.NS,0.5950075979085074,-0.024852970019361376,0.6356585713440321,0.05303258959504967,-0.001956480383820902,0.06273552672446225,-0.010000103905677904,1
2022-12-31,LT.NS,0.11425222419597536,0.00527753053046176,0.10840259565735066,0.05965443395619671,0.12886301878435846,0.01850591859915096,-0.010000103905677904,1
2022-12-31,KOTAKBANK.NS,0.01795558593359292,-0.061528898960723666,0.08469571924622343,0.05774226493753728,0.004425129444880049,-0.052674783366210565,-0.010000103905677904,0
2022-12-31,AXISBANK.NS,0.378190910128825,0.0360610185355319,0.33022175863434433,0.07191651194737926,0.2735270460108994,-0.06655962434212981,-0.010000103905677904,0
2022-12-31,SBIN.NS,0.3536268833573051,0.018673740644062242,0.3288129745068986,0.06476007987799354,0.15661531639231185,-0.09809358402249857,-0.010000103905677904,0
2022-12-31,BAJFINANCE.NS,-0.054198525688119226,-0.02168586187345367,-0.03323335782198411,0.07626728555387331,-0.1036772503514719,-0.1047572228425504,-0.010000103905677904,0
2022-12-31,ASIANPAINT.NS,-0.08063193366076904,-0.02747907636857938,-0.05465471847506931,0.05837915660296151,-0.07482352206587828,-0.11724782530623734,-0.010000103905677904,0
2022-12-31,MARUTI.NS,0.13780742220184838,-0.0645800369800541,0.21635999570557263,0.06278408690467678,-0.049110089901348464,0.05964545298018176,-0.010000103905677904,1
2022-12-31,HCLTECH.NS,-0.17496942749014366,-0.07271601442478859,-0.11027194975434129,0.06347526189607057,0.12586615173070181,0.08953561765708806,-0.010000103905677904,1
2022-12-31,SUNPHARMA.NS,0.19736980920063862,-0.04268451439646492,0.25075779845529445,0.055792627591702365,0.05560527861544684,0.03305381991738199,-0.010000103905677904,1
2022-12-31,TITAN.NS,0.03341632411315243,-0.02091969861408638,0.05549700331047891,0.06362436864671155,-0.003625022087939689,-0.0848315498585831,-0.010000103905677904,0
2022-12-31,ULTRACEMCO.NS,-0.07799343225390165,-0.016666716950747174,-0.06236615434492798,0.06367351041102115,0.11254012222145127,0.018177832789397108,-0.010000103905677904,1
2022-12-31,WIPRO.NS,-0.44549599801262796,-0.03477518327718876,-0.42551829130330787,0.06164336353843602,-0.003804684563494476,0.018032852547754885,-0.010000103905677904,1
2022-12-31,ADANIENT.NS,1.258001273207439,-0.015199428618994926,1.2928513029201434,0.0937453931115493,0.11650143802472135,-0.2292300821839759,-0.010000103905677904,0
2022-12-31,NESTLEIND.NS,0.0058072330570597686,-0.028629325756188928,0.03545151168997007,0.05247653103512914,0.03018514577908582,-0.030003589483874937,-0.010000103905677904,0
2022-12-31,POWERGRID.NS,0.11105431636441199,-0.04598218550380806,0.1646054187689876,0.0686555717386508,0.031155608298827797,0.013804689870934306,-0.010000103905677904,1
2022-12-31,NTPC.NS,0.40345980972456674,-0.033391357301366886,0.4519421281050289,0.06189525966611257,0.042593098754074576,0.028236876804141664,-0.010000103905677904,1
2022-12-31,TECHM.NS,-0.40542481569475675,-0.056267394268766036,-0.36997494767646866,0.07441678414547222,0.02525094278694895,-0.0013774239859618564,-0.010000103905677904,1
2022-12-31,BAJAJFINSV.NS,-0.05620596729660576,-0.04835543863088687,-0.008249433648235827,0.0877188241966372,-0.07775506412801558,-0.13270015227721865,-0.010000103905677904,0
2022-12-31,JSWSTEEL.NS,0.20707704030864948,0.033158373553086706,0.1683368892974728,0.07413655106918003,0.21594216896769303,-0.0671830847343905,-0.010000103905677904,0
2022-12-31,ONGC.NS,0.11952634616241387,0.04004234932472106,0.07642380802022153,0.08119176478470884,0.2152009730945219,-0.012606464964303288,-0.010000103905677904,0
2022-12-31,TATASTEEL.NS,0.06823123287209687,0.04644676168658246,0.020817562806925816,0.08623522326066957,0.13444102430562466,0.06258315373501588,-0.010000103905677904,1
2022-12-31,COALINDIA.NS,0.7143841903221864,-0.009680984329418219,0.7311433620824832,0.06360082193592607,0.12880147045341506,-0.0008886233252524134,-0.010000103905677904,1
2022-12-31,HINDALCO.NS,0.00450360583661924,0.050255239148434994,-0.04356239474597812,0.10903953463206935,0.2120087336940446,-0.010457486948850403,-0.010000103905677904,0
2022-12-31,GRASIM.NS,0.06904967757441649,-0.020599406043333435,0.0915346428937498,0.06022282685710421,0.02904754770867668,-0.0773427257508219,-0.010000103905677904,0
2022-12-31,ADANIPORTS.NS,0.127984978410141,-0.07139624955454993,0.21471077181095577,0.08725195434729305,-0.0031073805350310124,-0.25113062254769014,-0.010000103905677904,0
2022-12-31,DRREDDY.NS,-0.13050751901914648,-0.05562543891037197,-0.07929277555123337,0.05524351533820509,-0.022637610026084887,0.020436310944157432,-0.010000103905677904,1
2022-12-31,CIPLA.NS,0.1451932488784533,-0.055894459827728005,0.21299282776106643,0.05575261466872448,-0.034979297018874256,-0.053905719489981796,-0.010000103905677904,0
2022-12-31,BRITANNIA.NS,0.2151269976146135,-0.012573527366984694,0.2305999801427494,0.06177886183185241,0.12084159187995636,0.0023563536052162437,-0.010000103905677904,1
2022-12-31,EICHERMOT.NS,0.2536098400635225,-0.0736834827184446,0.35332774130215117,0.08117925982119069,-0.12088736148102253,0.011029412628559943,-0.010000103905677904,1
2022-12-31,HEROMOTOCO.NS,0.1513847761329079,-0.039639921222460406,0.1989094523780366,0.06083044157347565,0.07439599842854316,0.008908682144342261,-0.010000103905677904,1
2022-12-31,BPCL.NS,-0.11570418838142615,-0.031217893929961993,-0.0872087685374282,0.0667228088165427,0.08431753522275365,0.03857786979334432,-0.010000103905677904,1
2022-12-31,INDUSINDBK.NS,0.38482661455391276,0.04478493533325367,0.32546571808311575,0.08858548528027477,0.02944647971000447,-0.11240878032457202,-0.010000103905677904,0
2022-12-31,APOLLOHOSP.NS,-0.10442968230995597,-0.052640582622081045,-0.05466679143932063,0.07220466308193411,0.02149013683373835,-0.04951322814007986,-0.010000103905677904,0
2022-12-31,TATACONSUM.NS,0.03981605072639316,-0.06246556352644794,0.10909638118207554,0.06268478397527853,-0.04471560020788423,-0.0488297850811511,-0.010000103905677904,0
2022-12-31,SBILIFE.NS,0.031430391021442405,-0.040221302143052085,0.07465438993851681,0.06354872477814105,-0.015314351670087878,-0.009542720862505405,-0.010000103905677904,1
2022-12-31,HDFCLIFE.NS,-0.12580203945102375,-0.04122923523226507,-0.08820961936532001,0.0646458836490235,0.06748985036430888,0.022251618244113702,-0.010000103905677904,1
2023-01-31,RELIANCE.NS,-0.010504663131126857,-0.07590682332587273,0.07077442172025616,0.055438239053909356,-0.07677678284501732,-0.013297351151746017,-0.018430648953354445,1
2023-01-31,TCS.NS,-0.06957913476065192,0.054762443865177035,-0.11788586079172414,0.05615170027979565,0.0757543666834819,-0.013650997192880654,-0.018430648953354445,1
2023-01-31,HDFCBANK.NS,0.091838202136169,-0.01513987479824419,0.1086226096446925,0.056981720710380955,0.07135701066253608,-0.0024323010721521987,-0.018430648953354445,1
2023-01-31,INFY.NS,-0.09749323015893219,0.016940732763470745,-0.11252766187409569,0.06647692676648324,-0.002536413881945032,-0.0301221992550873,-0.018430648953354445,0
2023-01-31,ICICIBANK.NS,0.06096875450942596,-0.06617270921098284,0.13615094030180175,0.05557910069014125,-0.08451636829581022,0.027587485038224058,-0.018430648953354445,1
2023-01-31,HINDUNILVR.NS,0.15093648557956807,0.006130096554258113,0.14392412027155865,0.05885484956944593,0.016990975481754766,-0.04505664000755982,-0.018430648953354445,0
2023-01-31,BHARTIARTL.NS,0.06091300577557046,-0.044411382356491336,0.11021938330721515,0.05782908451122797,-0.07415868690735605,-0.036414392645368276,-0.018430648953354445,0
2023-01-31,ITC.NS,0.6785209156874275,0.06273552672446225,0.5794342745470495,0.051522037500025736,0.010467456801716901,0.08662804009680092,-0.018430648953354445,1
2023-01-31,LT.NS,0.12696673177828943,0.01850591859915096,0.10649011576517409,0.057178184256903956,0.05007157605126156,-0.007178458829948942,-0.018430648953354445,1
2023-01-31,KOTAKBANK.NS,-0.06741579056085756,-0.052674783366210565,-0.015560661677546661,0.05259442380255711,-0.08988136710851624,-0.0010110084442283007,-0.018430648953354445,1
2023-01-31,AXISBANK.NS,0.12919826207701623,-0.06655962434212981,0.20971654057837363,0.07024479677379873,-0.037969131931488764,-0.031551133036940016,-0.018430648953354445,0
2023-01-31,SBIN.NS,0.04428391514297658,-0.09809358402249857,0.1578628299380309,0.06975428098949796,-0.03537817071110616,-0.05546522083438654,-0.018430648953354445,0
2023-01-31,BAJFINANCE.NS,-0.15605404900553832,-0.1047572228425504,-0.05729934658156555,0.07247283121826308,-0.17604730580624184,0.03834261302713382,-0.018430648953354445,1
2023-01-31,ASIANPAINT.NS,-0.12903006592799982,-0.11724782530623734,-0.013347166916750974,0.05670599975241023,-0.12287206402500461,0.037767866879321765,-0.018430648953354445,1
2023-01-31,MARUTI.NS,0.041474131764649425,0.05964545298018176,-0.01714849166240162,0.0600682084273487,-0.0663650799917993,-0.030459943691071856,-0.018430648953354445,0
2023-01-31,HCLTECH.NS,0.06953919065154102,0.08953561765708806,-0.018353165037914843,0.05994856500725795,0.08759958847750537,-0.039743245886379786,-0.018430648953354445,0
2023-01-31,SUNPHARMA.NS,0.2535486637980191,0.03305381991738199,0.21343984178701447,0.05141911965644234,0.017307452845550353,-0.0683592930822412,-0.018430648953354445,0
2023-01-31,TITAN.NS,0.010701739291999246,-0.0848315498585831,0.1043887484711914,0.05907501502520234,-0.1391815574408798,-0.0018299201746703186,-0.018430648953354445,1
2023-01-31,ULTRACEMCO.NS,-0.012495862497692967,0.018177832789397108,-0.030126068648594018,0.06448772163337392,0.055190311482653076,0.02480403061730785,-0.018430648953354445,1
2023-01-31,WIPRO.NS,-0.29591151498718393,0.018032852547754885,-0.3083833363031986,0.058773363800859235,0.034361444963553645,-0.029585038437908384,-0.018430648953354445,0
2023-01-31,ADANIENT.NS,0.7348176812551992,-0.2292300821839759,1.2507594564287143,0.12039297195241587,-0.11159235229659259,-0.5413934652635788,-0.018430648953354445,0
2023-01-31,NESTLEIND.NS,0.03800491774748549,-0.030003589483874937,0.07011212257494215,0.0490140960682518,-0.06608181937753865,-0.018285498692038438,-0.018430648953354445,1
2023-01-31,POWERGRID.NS,0.06886981072055298,0.013804689870934306,0.054315314773922374,0.06718838116458466,-0.02769308245977431,0.05005946784796289,-0.018430648953354445,1
2023-01-31,NTPC.NS,0.2637823193935418,0.028236876804141664,0.22907702291469834,0.06183599555925964,-0.011265258399016376,0.022232555167943424,-0.018430648953354445,1
2023-01-31,TECHM.NS,-0.2811696181248443,-0.0013774239859618564,-0.28017811819923166,0.07372534312896785,-0.02892267363915868,0.0839902264747876,-0.018430648953354445,1
2023-01-31,BAJAJFINSV.NS,-0.1440585689542413,-0.13270015227721865,-0.013096297326519513,0.07791289769964989,-0.20447410577697744,-0.005623958150982267,-0.018430648953354445,1
2023-01-31,JSWSTEEL.NS,0.17431880685069778,-0.0671830847343905,0.25889527476709984,0.07584810636285365,0.0630610453144711,-0.06874164168845043,-0.018430648953354445,0
2023-01-31,ONGC.NS,-0.08800199551010224,-0.012606464964303288,-0.07635813672111313,0.062417813301301056,0.13498687032266177,0.07720634513441826,-0.018430648953354445,1
2023-01-31,TATASTEEL.NS,0.16216637922512311,0.06258315373501588,0.09371805410246603,0.08105638011218246,0.17872960845875907,-0.13157893290319145,-0.018430648953354445,0
2023-01-31,COALINDIA.NS,0.5654776685498157,-0.0008886233252524134,0.5668700258023827,0.06464196757354242,-0.02673212674249059,-0.018575799214670452,-0.018430648953354445,0
2023-01-31,HINDALCO.NS,-0.03343986367677898,-0.010457486948850403,-0.02322525452399704,0.10630651241733217,0.15468995512319594,-0.14773689790955324,-0.018430648953354445,0
2023-01-31,GRASIM.NS,-0.07372908603596107,-0.0773427257508219,0.003916556901154333,0.0574212603265426,-0.07637799420520608,-0.0073261074202719545,-0.018430648953354445,1
2023-01-31,ADANIPORTS.NS,-0.1387767778854504,-0.25113062254769014,0.1500312979073506,0.10973074613385213,-0.25608640994426346,-0.03297147641428655,-0.018430648953354445,0
2023-01-31,DRREDDY.NS,0.011851236956328393,0.020436310944157432,-0.008413140433904953,0.05084222075971357,-0.024708441180562035,-0.0017460390833388129,-0.018430648953354445,1
2023-01-31,CIPLA.NS,0.08242893793200401,-0.053905719489981796,0.14410261242514943,0.05469646811699639,-0.128019523765472,-0.10958295110165894,-0.018430648953354445,0
2023-01-31,BRITANNIA.NS,0.24234807467685426,0.0023563536052162437,0.23942754511252384,0.055759034573855316,0.14630094987136943,0.03338668598348993,-0.018430648953354445,1
2023-01-31,EICHERMOT.NS,0.24175715505078288,0.011029412628559943,0.2282107123098993,0.07699714938716937,-0.15247566941525836,-0.04824797987744356,-0.018430648953354445,0
2023-01-31,HEROMOTOCO.NS,0.04983994496482258,0.008908682144342261,0.04056983902000377,0.0601733203076237,0.03227665432038296,-0.10170765415763261,-0.018430648953354445,0
2023-01-31,BPCL.NS,-0.10842164141071187,0.03857786979334432,-0.14153922924749596,0.06371923386859932,0.1304132358426826,-0.07545521040401304,-0.018430648953354445,0
2023-01-31,INDUSINDBK.NS,0.2517813269097895,-0.11240878032457202,0.4103128773260485,0.0838277940551696,-0.05224699285273582,-0.0048478460303637005,-0.018430648953354445,1
2023-01-31,APOLLOHOSP.NS,-0.042582606190054606,-0.04951322814007986,0.007291655344622283,0.07146174102348866,-0.05790816727432735,0.03564364234954498,-0.018430648953354445,1
2023-01-31,TATACONSUM.NS,0.011004120940121043,-0.0488297850811511,0.06290557156100296,0.05666338508473077,-0.05278200432901414,-0.019465474359355972,-0.018430648953354445,0
2023-01-31,SBILIFE.NS,-0.009269016785075745,-0.009542720862505405,0.00027634112363528196,0.056744891318766665,-0.03665215189912763,-0.08080861659011651,-0.018430648953354445,0
2023-01-31,HDFCLIFE.NS,-0.06744217811053788,0.022251618244113702,-0.08774140803877184,0.06268985747864649,0.07105190404122452,-0.15556704547934186,-0.018430648953354445,0
2023-02-28,RELIANCE.NS,-0.012469407768508134,-0.013297351151746017,0.0008391012066344405,0.05612979058223352,-0.14966959761555765,0.00365979675215633,0.005755767797297584,0
2023-02-28,TCS.NS,-0.03527357257324504,-0.013650997192880654,-0.021921830223204153,0.055008361535739396,-0.0007807575101369535,-0.03228359820446525,0.005755767797297584,0
2023-02-28,HDFCBANK.NS,0.1345825672575891,-0.0024323010721521987,0.13734894230937922,0.056230251563642586,-0.005502305613526826,0.0062204365312386045,0.005755767797297584,1
2023-02-28,INFY.NS,-0.11416829918078919,-0.0301221992550873,-0.08665638069161952,0.06580689179125061,-0.09015557792512019,-0.0400660372057432,0.005755767797297584,0
2023-02-28,ICICIBANK.NS,0.1579102851998655,0.027587485038224058,0.1268240437521424,0.05290322421634704,-0.10289646363372018,0.026203423320845465,0.005755767797297584,1
2023-02-28,HINDUNILVR.NS,0.1505137791714406,-0.04505664000755982,0.20479792558644405,0.05520657994973246,-0.08333483876968828,0.040517700903140996,0.005755767797297584,1
2023-02-28,BHARTIARTL.NS,0.08601470630909636,-0.036414392645368276,0.12705575718443307,0.05562961977252082,-0.12547868373126525,0.009094003732118994,0.005755767797297584,1
2023-02-28,ITC.NS,0.8170421496121245,0.08662804009680092,0.6721841168853471,0.05707810333578018,0.1260980569425001,0.01805150637615416,0.005755767797297584,1
2023-02-28,LT.NS,0.1758138044718427,-0.007178458829948942,0.18431536355076794,0.05489643682475049,0.016531226251521147,0.026100542196739962,0.005755767797297584,1
2023-02-28,KOTAKBANK.NS,-0.0610276907948506,-0.0010110084442283007,-0.06007742113069292,0.04697469610275682,-0.11186148516047756,0.0020818607361650088,0.005755767797297584,0
2023-02-28,AXISBANK.NS,0.13871891177219675,-0.031551133036940016,0.17581727917456624,0.0668146154812769,-0.0634119518443117,0.01705950050437921,0.005755767797297584,1
2023-02-28,SBIN.NS,0.0988387230490757,-0.05546522083438654,0.163365020841024,0.07036968613890193,-0.1322101994505127,0.001817237381948722,0.005755767797297584,0
2023-02-28,BAJFINANCE.NS,-0.12395139525386167,0.03834261302713382,-0.1563010188013486,0.07156790629242282,-0.090589774434648,-0.08104431613024066,0.005755767797297584,0
2023-02-28,ASIANPAINT.NS,-0.1025129058257025,0.037767866879321765,-0.1351754830556312,0.05619079664346116,-0.1090815163530996,-0.023738061857548676,0.005755767797297584,0
2023-02-28,MARUTI.NS,0.04413935076278319,-0.030459943691071856,0.07694297308133624,0.05363480554981679,-0.038978797272886334,-0.0385187934129928,0.005755767797297584,0
2023-02-28,HCLTECH.NS,0.0019251319137336687,-0.039743245886379786,0.043392954667188066,0.05889792202107902,-0.029844026257677903,0.007099013780552665,0.005755767797297584,1
2023-02-28,SUNPHARMA.NS,0.1458069212155666,-0.0683592930822412,0.2298806961820672,0.049208526319922265,-0.0786460791601501,0.027702344420615033,0.005755767797297584,1
2023-02-28,TITAN.NS,-0.06493324596879546,-0.0018299201746703186,-0.06321901153876264,0.06365056580035883,-0.10561624931692803,0.0598869807668696,0.005755767797297584,1
2023-02-28,ULTRACEMCO.NS,0.11192065443062571,0.02480403061730785,0.08500808077505484,0.062293759178317365,0.0260421486775837,0.049694878503594,0.005755767797297584,1
2023-02-28,WIPRO.NS,-0.29608947928155127,-0.029585038437908384,-0.27462936104637825,0.05534654987278398,-0.046440589769592644,-0.05632347307292085,0.005755767797297584,0
2023-02-28,ADANIENT.NS,-0.17029273749198537,-0.5413934652635788,0.8091919753931969,0.1945959458696389,-0.6518925747800381,0.2834622796767048,0.005755767797297584,1
2023-02-28,NESTLEIND.NS,0.07000123611756037,-0.018285498692038438,0.08993117112151472,0.04924007718386902,-0.07500300622404121,0.055409665197692526,0.005755767797297584,1
2023-02-28,POWERGRID.NS,0.12466802027671586,0.05005946784796289,0.07105174012826043,0.06479979972332577,0.015604637857641546,0.015523227370974224,0.005755767797297584,1
2023-02-28,NTPC.NS,0.33566291114871816,0.022232555167943424,0.3066135532430594,0.05767574603326949,0.015999647399383088,0.026979388980120644,0.005755767797297584,1
2023-02-28,TECHM.NS,-0.18266355564060632,0.0839902264747876,-0.24599279181932365,0.07458272534143241,0.02158782052166619,0.0014540726782006352,0.005755767797297584,0
2023-02-28,BAJAJFINSV.NS,-0.1660411069717772,-0.005623958150982267,-0.1613244306676006,0.07679958870568254,-0.1792806135919014,-0.05123979038850446,0.005755767797297584,0
2023-02-28,JSWSTEEL.NS,0.09620862519171292,-0.06874164168845043,0.17712621358828096,0.07478739886692616,-0.10250198567977653,0.03132481533733156,0.005755767797297584,1
2023-02-28,ONGC.NS,0.044485315724542174,0.07720634513441826,-0.0303758231258775,0.0621414282103638,0.10621668819602648,-0.006577013512879315,0.005755767797297584,0
2023-02-28,TATASTEEL.NS,-0.10252626231633566,-0.13157893290319145,0.03345458981549232,0.08052617597620772,-0.03437074422589936,0.0052910990633565635,0.005755767797297584,0
2023-02-28,COALINDIA.NS,0.40476969214534053,-0.018575799214670452,0.43135831684326975,0.06157006003936979,-0.02894062501421224,-0.008124488235298655,0.005755767797297584,0
2023-02-28,HINDALCO.NS,-0.297844782475996,-0.14773689790955324,-0.1761285736743211,0.10533066898133014,-0.11426664350369897,0.015405780662063773,0.005755767797297584,1
2023-02-28,GRASIM.NS,-0.006311972138040245,-0.0073261074202719545,0.001021619778471372,0.0555336115613761,-0.10296916248215582,0.03430362709712598,0.005755767797297584,1
2023-02-28,ADANIPORTS.NS,-0.15681379244124738,-0.03297147641428655,-0.12806480161283884,0.14057772160318002,-0.32752554823182256,0.06658783926285028,0.005755767797297584,1
2023-02-28,DRREDDY.NS,0.06959476478768112,-0.0017460390833388129,0.07146558557655025,0.05189648743791178,-0.038008519362638826,0.07092388466285571,0.005755767797297584,1
2023-02-28,CIPLA.NS,-0.015400774735985001,-0.10958295110165894,0.10577310540291185,0.05893051276309517,-0.2046680485024127,-0.00650928384385463,0.005755767797297584,0
2023-02-28,BRITANNIA.NS,0.32422358444368693,0.03338668598348993,0.28144053180190065,0.05883756153551198,0.022797777803224006,-0.03128820618975969,0.005755767797297584,0
2023-02-28,EICHERMOT.NS,0.20726321871609832,-0.04824797987744356,0.2684640465072403,0.07662534037923267,-0.10865259275387229,-0.05056508832633744,0.005755767797297584,0
2023-02-28,HEROMOTOCO.NS,-0.00861057551532296,-0.10170765415763261,0.10363784025679124,0.057848068828223485,-0.1296305134722514,-0.029659762134757517,0.005755767797297584,0
2023-02-28,BPCL.NS,-0.07680651947216077,-0.07545521040401304,-0.0014615939469392325,0.061408625906672926,-0.06976403070775494,0.08492201692873014,0.005755767797297584,1
2023-02-28,INDUSINDBK.NS,0.17995682014509784,-0.0048478460303637005,0.1857049351079434,0.08213191292495085,-0.07715367586767086,-0.009047067257994645,0.005755767797297584,0
2023-02-28,APOLLOHOSP.NS,-0.07977512141140153,0.03564364234954498,-0.11144640785811044,0.07118697739900363,-0.06745199535733204,-0.020617253639087285,0.005755767797297584,0
2023-02-28,TATACONSUM.NS,0.003326342150791195,-0.019465474359355972,0.02324427739579682,0.05192334240907432,-0.12560359937174714,-0.009017196377337555,0.005755767797297584,0
2023-02-28,SBILIFE.NS,0.059364788706858906,-0.08080861659011651,0.15249643091407195,0.06508921851773394,-0.12619847309803733,-0.01544522390785985,0.005755767797297584,0
2023-02-28,HDFCLIFE.NS,-0.06313356915213286,-0.15556704547934186,0.10946218504662553,0.07326071638115857,-0.1723670679815682,0.021276664134900924,0.005755767797297584,1
2023-03-31,RELIANCE.NS,-0.11238039690982138,0.00365979675215633,-0.11561705872595862,0.05841637201065782,-0.08485779313762132,0.03837326071709368,0.0529770366379132,0
2023-03-31,TCS.NS,-0.1127862501624517,-0.03228359820446525,-0.08318826859668704,0.054041559065704375,0.006777195064570751,0.004164278423870682,0.0529770366379132,0
2023-03-31,HDFCBANK.NS,0.10739915810577383,0.0062204365312386045,0.10055323654857395,0.0543625548393278,-0.011423992144252493,0.048491777519580115,0.0529770366379132,0
2023-03-31,INFY.NS,-0.2349460378838002,-0.0400660372057432,-0.20301396578446274,0.06236667665088338,-0.053209221314929556,-0.1226933409368699,0.0529770366379132,0
2023-03-31,ICICIBANK.NS,0.2084271312518351,0.026203423320845465,0.17757074649128013,0.05206489160998894,-0.01526623980152586,0.04605306687246147,0.0529770366379132,0
2023-03-31,HINDUNILVR.NS,0.26926813274806705,0.040517700903140996,0.21984290286112085,0.05583346578844564,-0.0002734492005916911,-0.04024832553445734,0.0529770366379132,0
2023-03-31,BHARTIARTL.NS,-0.0034716500797745686,0.009094003732118994,-0.01245241153492116,0.05320025685947529,-0.07083488070846455,0.06715610692868279,0.0529770366379132,1
2023-03-31,ITC.NS,0.5930122198615178,0.01805150637615416,0.5647658393355637,0.05295598556779744,0.1756440700233013,0.10964786938197602,0.0529770366379132,1
2023-03-31,LT.NS,0.24001623109697134,0.026100542196739962,0.20847439417804736,0.053760052154726484,0.03758734353308624,0.09250535943279314,0.0529770366379132,1
2023-03-31,KOTAKBANK.NS,-0.01137881447753275,0.0020818607361650088,-0.01343271018178993,0.045983083201095065,-0.05166233189678637,0.11841758580312112,0.0529770366379132,1
2023-03-31,AXISBANK.NS,0.1296152801524202,0.01705950050437921,0.11066784154931186,0.06396539097313599,-0.08058912033767685,0.0017472289800926077,0.0529770366379132,0
2023-03-31,SBIN.NS,0.07775043997411779,0.001817237381948722,0.07579546424116801,0.07375390268834918,-0.14656995078222235,0.10415266997048755,0.0529770366379132,1
2023-03-31,BAJFINANCE.NS,-0.22352075439816244,-0.08104431613024066,-0.15504168565337972,0.07033105050167018,-0.14576753704804357,0.11810229604178213,0.0529770366379132,1
2023-03-31,ASIANPAINT.NS,-0.09687729540426937,-0.023738061857548676,-0.0749176329519553,0.05137195520188834,-0.10565440348130328,0.05094799288425467,0.0529770366379132,0
2023-03-31,MARUTI.NS,0.1038770918811538,-0.0385187934129928,0.14810053937467238,0.049287533046815525,-0.01220429103236953,0.03586521254512798,0.0529770366379132,0
2023-03-31,HCLTECH.NS,-0.022870028482393612,0.007099013780552665,-0.02975779129248224,0.060353774116660645,0.053661164829808206,-0.002731809739573876,0.0529770366379132,0
2023-03-31,SUNPHARMA.NS,0.08634406975297892,0.027702344420615033,0.05706100180731255,0.04359715558262392,-0.010903303322953306,0.0046282871557192795,0.0529770366379132,0
2023-03-31,TITAN.NS,-0.004870722318503606,0.0598869807668696,-0.06109868718126765,0.05975835825330367,-0.03179985153762366,0.05047920492125901,0.0529770366379132,0
2023-03-31,ULTRACEMCO.NS,0.1610961246679108,0.049694878503594,0.10612726464201305,0.05691501518128605,0.09528601051301644,-0.00865237680757025,0.0529770366379132,0
2023-03-31,WIPRO.NS,-0.3762496829827833,-0.05632347307292085,-0.33902105306322206,0.05510168152076328,-0.0677284536465872,0.05407258239198809,0.0529770366379132,1
2023-03-31,ADANIENT.NS,-0.13082448273134917,0.2834622796767048,-0.32278842079598147,0.2253250285268494,-0.5463215979671213,0.09968859730379309,0.0529770366379132,1
2023-03-31,NESTLEIND.NS,0.1460919427523626,0.055409665197692526,0.08592140146611604,0.05033006509247099,0.005023924847169958,0.10991706565854331,0.0529770366379132,1
2023-03-31,POWERGRID.NS,0.10182529156688336,0.015523227370974224,0.08498285599959265,0.056208492700552226,0.081080545770289,0.051174072091181744,0.0529770366379132,0
2023-03-31,NTPC.NS,0.3564572655409439,0.026979388980120644,0.32082228727883555,0.05360776078179683,0.07945517037503702,-0.01770403989851488,0.0529770366379132,0
2023-03-31,TECHM.NS,-0.23030441366993004,0.0014540726782006352,-0.23142198196701746,0.07543013681180818,0.08407114181157227,-0.07092617069629803,0.0529770366379132,0
2023-03-31,BAJAJFINSV.NS,-0.25737231259405513,-0.05123979038850446,-0.21726514256954255,0.07614454750584866,-0.18176814255049845,0.06960124709901483,0.0529770366379132,1
2023-03-31,JSWSTEEL.NS,-0.03178623552237625,0.03132481533733156,-0.06119415524687544,0.07334072158368016,-0.10409478587373067,0.054061941237341316,0.0529770366379132,1
2023-03-31,ONGC.NS,0.017040857698849887,-0.006577013512879315,0.023774234674441397,0.059215042059908636,0.0566310946887012,0.05230052017319209,0.0529770366379132,0
2023-03-31,TATASTEEL.NS,-0.1574450268223868,0.0052910990633565635,-0.16187960486009167,0.07802646126345454,-0.07234793840795595,0.033014277848383955,0.0529770366379132,0
2023-03-31,COALINDIA.NS,0.29059612424446235,-0.008124488235298655,0.3011674438340457,0.05929260456232072,-0.027414399524842925,0.09103692965948196,0.0529770366379132,1
2023-03-31,HINDALCO.NS,-0.2817068085312413,0.015405780662063773,-0.2926047840692635,0.09893169169341202,-0.14365695424591418,0.0758603709832375,0.0529770366379132,1
2023-03-31,GRASIM.NS,-0.012681170981050705,0.03430362709712598,-0.045426504217184416,0.05253594615114826,-0.05268359587728677,0.05365355310263431,0.0529770366379132,1
2023-03-31,ADANIPORTS.NS,-0.17814839846056074,0.06658783926285028,-0.22945717990986603,0.1495956412571063,-0.22760050007678212,0.07817700206301992,0.0529770366379132,1
2023-03-31,DRREDDY.NS,0.0835744578493327,0.07092388466285571,0.011812765937571523,0.04795968647257886,0.09090152986338196,0.06643224108343149,0.0529770366379132,1
2023-03-31,CIPLA.NS,-0.11116860439815601,-0.00650928384385463,-0.10534504132986,0.05215266418378928,-0.16306506375227692,0.008384135990358477,0.0529770366379132,0
2023-03-31,BRITANNIA.NS,0.37122703149455916,-0.03128820618975969,0.415515987578827,0.056509265082108316,0.0034127071749328053,0.07160176843059629,0.0529770366379132,1
2023-03-31,EICHERMOT.NS,0.20809688999898301,-0.05056508832633744,0.27243782079737433,0.07287336323569714,-0.08640693425954704,0.11945333445697415,0.0529770366379132,1
2023-03-31,HEROMOTOCO.NS,0.06316723028926252,-0.029659762134757517,0.09566437503224656,0.05579143733000022,-0.12058554572256486,0.08999496790127481,0.0529770366379132,1
2023-03-31,BPCL.NS,-0.025025269577214404,0.08492201692873014,-0.10134118838991824,0.06209045383120324,0.04175487728427574,0.03862896448805864,0.0529770366379132,0
2023-03-31,INDUSINDBK.NS,0.15090607005313728,-0.009047067257994645,0.16141345570120613,0.0841763369356238,-0.12470285468136577,0.07945137424004178,0.0529770366379132,1
2023-03-31,APOLLOHOSP.NS,-0.041532446409596524,-0.020617253639087285,-0.02135548420494815,0.061418944773399674,-0.03592933247215013,0.047043519326980476,0.0529770366379132,0
2023-03-31,TATACONSUM.NS,-0.08092490755549708,-0.009017196377337555,-0.07256201713621258,0.04513178406262152,-0.07575469992179307,0.07759049428486198,0.0529770366379132,1
2023-03-31,SBILIFE.NS,-0.015840280805675788,-0.01544522390785985,-0.0004012543612696984,0.06523233653077458,-0.10364184099014251,0.03541907489009355,0.0529770366379132,0
2023-03-31,HDFCLIFE.NS,-0.06986688932332907,0.021276664134900924,-0.08924472345153955,0.07355113069424117,-0.11841054087132741,0.061197862426523475,0.0529770366379132,1
2023-04-30,RELIANCE.NS,-0.12968468374052045,0.03837326071709368,-0.16184733449468303,0.053733514174308945,0.028315348869441204,0.020408868958061266,0.04498844583800299,0
2023-04-30,TCS.NS,-0.06054842604367161,0.004164278423870682,-0.06444434029172486,0.05344587541593523,-0.04151906289825358,0.021821893503420453,0.04498844583800299,0
2023-04-30,HDFCBANK.NS,0.23300704895118374,0.048491777519580115,0.17598161033566906,0.05105923695099013,0.05244774274676378,-0.03453240103023769,0.04498844583800299,0
2023-04-30,INFY.NS,-0.18353296573986422,-0.1226933409368699,-0.06934818535170417,0.07030915172369769,-0.18321114680616002,0.05232497294689953,0.04498844583800299,1
2023-04-30,ICICIBANK.NS,0.24197064297752346,0.04605306687246147,0.1872921960745506,0.04808371978698469,0.10307738922270948,0.03432678230864128,0.04498844583800299,0
2023-04-30,HINDUNILVR.NS,0.11668724838193723,-0.04024832553445734,0.1635168534650251,0.050759914234080356,-0.04635669440423029,0.0855612419170193,0.04498844583800299,1
2023-04-30,BHARTIARTL.NS,0.08640416561106146,0.06715610692868279,0.018036778834331413,0.05125497430479559,0.03764759551268804,0.06330551547740138,0.04498844583800299,1
2023-04-30,ITC.NS,0.7070687655532006,0.10964786938197602,0.5383878189249003,0.0503318806895878,0.22754053538961516,0.07039527912328292,0.04498844583800299,1
2023-04-30,LT.NS,0.4133316296957543,0.09250535943279314,0.29366104934215387,0.052333619558847196,0.11297314329664276,-0.06714178903266643,0.04498844583800299,0
2023-04-30,KOTAKBANK.NS,0.08290759547918092,0.11841758580312112,-0.03175020741330781,0.045974100219249886,0.11961289181661439,0.039369427042340366,0.04498844583800299,0
2023-04-30,AXISBANK.NS,0.1821425188593364,0.0017472289800926077,0.18008064775273636,0.05440860910323828,-0.013308910762760862,0.06377914767014325,0.04498844583800299,1
2023-04-30,SBIN.NS,0.18340734390049862,0.10415266997048755,0.07177872778420147,0.06883031345316261,0.04480581442095044,0.022164857797628557,0.04498844583800299,0
2023-04-30,BAJFINANCE.NS,-0.05528240832038456,0.11810229604178213,-0.15507051991214904,0.06647561535937178,0.06688297582548253,0.11301566647407713,0.04498844583800299,1
2023-04-30,ASIANPAINT.NS,-0.09697014073300825,0.05094799288425467,-0.14074733918213378,0.04897610920215075,0.06475037564451447,0.10012580538383209,0.04498844583800299,1
2023-04-30,MARUTI.NS,0.12028081874332353,0.03586521254512798,0.0814928478877921,0.04379603021584739,-0.03437210140130054,0.09059273026707149,0.04498844583800299,1
2023-04-30,HCLTECH.NS,0.033492990322643745,-0.002731809739573876,0.036324030402251184,0.06136060961596435,-0.035568231117497406,0.07612066658685945,0.04498844583800299,1
2023-04-30,SUNPHARMA.NS,0.0750364228108713,0.0046282871557192795,0.07008376785257564,0.04232818320522239,-0.038119310866581824,-0.012453913825687057,0.04498844583800299,0
2023-04-30,TITAN.NS,0.07851121960427476,0.05047920492125901,0.02668497820013216,0.05482230240402162,0.11135181944289929,0.06866405389641006,0.04498844583800299,1
2023-04-30,ULTRACEMCO.NS,0.1461974433500075,-0.00865237680757025,0.15620133294808936,0.05379628597100377,0.06642390776011853,0.04153543272159799,0.04498844583800299,0
2023-04-30,WIPRO.NS,-0.24145379013737844,0.05407258239198809,-0.2803662456134983,0.05138324192448076,-0.0347247891892396,0.04844145895440799,0.04498844583800299,1
2023-04-30,ADANIENT.NS,-0.1742096211605878,0.09968859730379309,-0.24906889017120126,0.22096790539503738,-0.3527186855291272,0.2952805216900518,0.04498844583800299,1
2023-04-30,NESTLEIND.NS,0.2002272241220706,0.10991706565854331,0.08136658247519057,0.04843423484892937,0.1499972510098886,-0.004057613796972448,0.04498844583800299,0
2023-04-30,POWERGRID.NS,0.10252423619036222,0.051174072091181744,0.048850295552882006,0.057017441571638995,0.12092975196295996,-0.014330789265299404,0.04498844583800299,0
2023-04-30,NTPC.NS,0.15159895691733571,-0.01770403989851488,0.1723543653771713,0.05265334896656467,0.03122585553020718,0.010755862865923227,0.04498844583800299,0
2023-04-30,TECHM.NS,-0.1483218495127716,-0.07092617069629803,-0.08330412113155539,0.07751903019984166,0.008571357339667962,0.08972364348762829,0.04498844583800299,1
2023-04-30,BAJAJFINSV.NS,-0.09119151815926008,0.06960124709901483,-0.15032963517420994,0.07125737211585015,0.009087938205044166,0.07116228393806434,0.04498844583800299,1
2023-04-30,JSWSTEEL.NS,0.028276555481890897,0.054061941237341316,-0.02446287523215329,0.06386527696710674,0.012352556769085865,-0.039983477316151816,0.04498844583800299,0
2023-04-30,ONGC.NS,0.09324482801307665,0.05230052017319209,0.03890932965912208,0.05797435054437331,0.1260894578693914,-0.025479490175688735,0.04498844583800299,0
2023-04-30,TATASTEEL.NS,-0.1048743334625466,0.033014277848383955,-0.13348180588377945,0.0728439211668059,-0.09816203924211397,-0.019916634349969597,0.04498844583800299,0
2023-04-30,COALINDIA.NS,0.40962838515303024,0.09103692965948196,0.2920079484321232,0.054280498195463316,0.06207058807106347,0.03496335696698494,0.04498844583800299,0
2023-04-30,HINDALCO.NS,-0.08815909985885517,0.0758603709832375,-0.15245423594531504,0.09101567226401673,-0.06895809453081692,-0.0692501617520932,0.04498844583800299,0
2023-04-30,GRASIM.NS,0.02289550174890409,0.05365355310263431,-0.02919180717718728,0.050158176670683265,0.08181371672223281,-0.0011335601127137052,0.04498844583800299,0
2023-04-30,ADANIPORTS.NS,-0.1989493582112959,0.07817700206301992,-0.25703234231861094,0.14205170635419243,0.11205425444870043,0.08447076268656506,0.04498844583800299,1
2023-04-30,DRREDDY.NS,0.20128382735625028,0.06643224108343149,0.12645115280443675,0.04714261998529779,0.14007366340888172,-0.08698028457998175,0.04498844583800299,0
2023-04-30,CIPLA.NS,-0.07005573095204021,0.008384135990358477,-0.07778768441786421,0.052914948427647206,-0.10796214504821822,0.04955677340709519,0.04498844583800299,1
2023-04-30,BRITANNIA.NS,0.4367656485346254,0.07160176843059629,0.34076453666069084,0.05773670762802192,0.07273109768493247,0.022729433712595615,0.04498844583800299,0
2023-04-30,EICHERMOT.NS,0.26335641746013727,0.11945333445697415,0.12854763889998844,0.06802884001442706,0.011567805056188263,0.11234132307822842,0.04498844583800299,1
2023-04-30,HEROMOTOCO.NS,0.060606094474219274,0.08999496790127481,-0.026962393673837126,0.055097324051828885,-0.04990674891931268,0.07867589991796287,0.04498844583800299,1
2023-04-30,BPCL.NS,0.0035607909700692275,0.03862896448805864,-0.03376390868829138,0.06563150701217609,0.04180612827755237,0.016499025034582893,0.04498844583800299,0
2023-04-30,INDUSINDBK.NS,0.1875648496926805,0.07945137424004178,0.10015594776444026,0.07794859016843214,0.06449983442613627,0.11606510617193289,0.04498844583800299,1
2023-04-30,APOLLOHOSP.NS,0.017469299456708498,0.047043519326980476,-0.02824545429523484,0.06020397009594012,0.06200735717028705,0.023982655565478073,0.04498844583800299,0
2023-04-30,TATACONSUM.NS,-0.06533956851875644,0.07759049428486198,-0.13263857055316108,0.044258878856460494,0.047086982046328885,0.05692209297428663,0.04498844583800299,1
2023-04-30,SBILIFE.NS,0.033719870822908726,0.03541907489009355,-0.0016410785819888085,0.06307397990921172,-0.06295167361445075,0.08323837145170887,0.04498844583800299,1
2023-04-30,HDFCLIFE.NS,-0.08785518503634437,0.061197862426523475,-0.14045735742630017,0.08189782826423532,-0.08482331270646604,0.11816897665278914,0.04498844583800299,1
2023-05-31,RELIANCE.NS,-0.058758843924132775,0.020408868958061266,-0.07758430496888191,0.05219926108357786,0.06344307811162464,0.03253174069318776,0.04928222792344383,0
2023-05-31,TCS.NS,0.0052110762505430674,0.021821893503420453,-0.016256078831825893,0.051166701813770955,-0.007048414659612701,0.01134194067163441,0.04928222792344383,0
2023-05-31,HDFCBANK.NS,0.1730610305047955,-0.03453240103023769,0.21501853791525827,0.051771107970176054,0.018581692573785835,0.05621256284016485,0.04928222792344383,1
2023-05-31,INFY.NS,-0.11365575422659957,0.05232497294689953,-0.15772763304161785,0.06603007364687032,-0.11377772830723787,0.026663355050668747,0.04928222792344383,0
2023-05-31,ICICIBANK.NS,0.2683082691748042,0.03432678230864128,0.22621621219544452,0.04662633503330508,0.11031177709380269,-0.015329511213512226,0.04928222792344383,0
2023-05-31,HINDUNILVR.NS,0.1512412839501116,0.0855612419170193,0.06050330418678751,0.04785547846756749,0.08408336508731873,0.012173458315964059,0.04928222792344383,0
2023-05-31,BHARTIARTL.NS,0.219191109658744,0.06330551547740138,0.14660470759559008,0.05215416281114166,0.1450320583964888,0.033945147748773774,0.04928222792344383,0
2023-05-31,ITC.NS,0.7105913259646555,0.07039527912328292,0.5980931150646807,0.05177179450700425,0.2092027313195961,0.01369247350572489,0.04928222792344383,0
2023-05-31,LT.NS,0.35019370385401904,-0.06714178903266643,0.4473729104597006,0.05647081215445552,0.04575303038531131,0.1223676247884955,0.04928222792344383,1
2023-05-31,KOTAKBANK.NS,0.0913515766373505,0.039369427042340366,0.05001316013588353,0.04652995677109944,0.16486910237557462,-0.08330228144740492,0.04928222792344383,0
2023-05-31,AXISBANK.NS,0.33718989827756496,0.06377914767014325,0.2570183399498267,0.05152695721875509,0.0838170622409864,0.07935723273713369,0.04928222792344383,1
2023-05-31,SBIN.NS,0.2628027524355545,0.022164857797628557,0.23541984720195508,0.06687262930418525,0.13067703834807243,-0.012072183528369806,0.04928222792344383,0
2023-05-31,BAJFINANCE.NS,0.15342458860056474,0.11301566647407713,0.03630579815152024,0.06894131789983997,0.14360852717619865,0.02878125585807645,0.04928222792344383,0
2023-05-31,ASIANPAINT.NS,0.12460788847929472,0.10012580538383209,0.022253894032529198,0.048988873692250266,0.12872965325189845,0.05997240712590468,0.04928222792344383,1
2023-05-31,MARUTI.NS,0.1836508704402977,0.09059273026707149,0.08532804005619732,0.04325689978721101,0.08619211707871433,0.04497897324857769,0.04928222792344383,0
2023-05-31,HCLTECH.NS,0.1533047570508188,0.07612066658685945,0.07172438264638537,0.06047668009591035,0.08079943573568671,0.03742042199071238,0.04928222792344383,0
2023-05-31,SUNPHARMA.NS,0.1455953735403137,-0.012453913825687057,0.16004244214897656,0.04392580194982992,0.019600692484781357,0.07817725077113313,0.04928222792344383,1
2023-05-31,TITAN.NS,0.27853695707958437,0.06866405389641006,0.19638810009372532,0.05381541126040192,0.1898390511553194,0.0794827694430047,0.04928222792344383,1
2023-05-31,ULTRACEMCO.NS,0.30129019158659087,0.04153543272159799,0.24939598856107792,0.05277800783318046,0.08383481431521367,0.05396404512728781,0.04928222792344383,1
2023-05-31,WIPRO.NS,-0.15355247348853918,0.04844145895440799,-0.19266114547243507,0.050420372781421835,0.0428884450481577,-0.03592221639295179,0.04928222792344383,0
2023-05-31,ADANIENT.NS,0.15078198845446145,0.2952805216900518,-0.11155771341875198,0.2442777529220528,0.8281703708603312,-0.04223233934438386,0.04928222792344383,0
2023-05-31,NESTLEIND.NS,0.23851870658997032,-0.004057613796972448,0.24356461151508046,0.04659992523918819,0.1666640400765791,0.056346272070846526,0.04928222792344383,1
2023-05-31,POWERGRID.NS,0.06269408983500901,-0.014330789265299404,0.07814475511809427,0.05222550309311776,0.05219368782106626,0.09108387088154757,0.04928222792344383,1
2023-05-31,NTPC.NS,0.16547763585628683,0.010755862865923227,0.1530753158845517,0.04992567088403183,0.019648194676055164,0.08800669908657555,0.04928222792344383,1
2023-05-31,TECHM.NS,-0.009980952675180732,0.08972364348762829,-0.09149530411555296,0.07731315828925106,0.013905870546156995,0.013715209463792677,0.04928222792344383,0
2023-05-31,BAJAJFINSV.NS,0.12229210540675317,0.07116228393806434,0.04773303003230556,0.06791003591095503,0.087010240685371,0.053585482598309975,0.04928222792344383,1
2023-05-31,JSWSTEEL.NS,0.302159103374231,-0.039983477316151816,0.3563923876371209,0.059975868436629325,0.04361498890775373,0.12710041677648798,0.04928222792344383,1
2023-05-31,ONGC.NS,0.13019322598513217,-0.025479490175688735,0.15974288338876108,0.06301528309228795,0.01874378808428201,0.03486127327195043,0.04928222792344383,0
2023-05-31,TATASTEEL.NS,0.05630588574956197,-0.019916634349969597,0.07777146594971307,0.07201512056703409,0.017797031116953965,0.0931520134876691,0.04928222792344383,1
2023-05-31,COALINDIA.NS,0.38290483458728675,0.03496335696698494,0.33618724303434533,0.05316985247282283,0.12000920731968034,-0.042486954509713626,0.04928222792344383,0
2023-05-31,HINDALCO.NS,-0.030592797463585564,-0.0692501617520932,0.04153357078340014,0.08460156986487721,0.016783550516188184,0.037078108291199285,0.04928222792344383,0
2023-05-31,GRASIM.NS,0.21033423885597213,-0.0011335601127137052,0.21170778246644084,0.046647317228406114,0.08856234048361555,0.009485834395784432,0.04928222792344383,0
2023-05-31,ADANIPORTS.NS,0.005566459729755113,0.08447076268656506,-0.07275834966849615,0.1447471719666571,0.24710936239920267,0.0005414119732196632,0.04928222792344383,0
2023-05-31,DRREDDY.NS,0.037132435732681435,-0.08698028457998175,0.13593651726958322,0.049745307972714835,0.04273037971981042,0.14631027873749813,0.04928222792344383,1
2023-05-31,CIPLA.NS,-0.03552043525066295,0.04955677340709519,-0.08106013015530211,0.05153840606799839,0.05146725790856843,0.06494939488049445,0.04928222792344383,1
2023-05-31,BRITANNIA.NS,0.320961594210984,0.022729433712595615,0.2916041630050483,0.04836528607732001,0.061668088956519096,0.0789126490145966,0.04928222792344383,1
2023-05-31,EICHERMOT.NS,0.3292771621206452,0.11234132307822842,0.19502632379248586,0.06856819558534923,0.1822498370054917,-0.02501391589737656,0.04928222792344383,0
2023-05-31,HEROMOTOCO.NS,0.03382732645308151,0.07867589991796287,-0.04157743161619931,0.053357678958449804,0.14087879893310729,0.054422243213045673,0.04928222792344383,1
2023-05-31,BPCL.NS,0.13395140643279801,0.016499025034582893,0.11554598529420068,0.06187721499305219,0.14542305098269104,0.0033011699281630946,0.04928222792344383,0
2023-05-31,INDUSINDBK.NS,0.39331784749557785,0.11606510617193289,0.24841986349220502,0.08340708043768709,0.1938386667704084,0.08015752909712592,0.04928222792344383,1
2023-05-31,APOLLOHOSP.NS,0.16624967559423864,0.023982655565478073,0.13893499001718523,0.05372520044705303,0.05004952413763397,0.10304092705090118,0.04928222792344383,1
2023-05-31,TATACONSUM.NS,0.07107904412695754,0.05692209297428663,0.013394507737870764,0.04165641981223422,0.12865925232715947,0.07794398087424059,0.04928222792344383,1
2023-05-31,SBILIFE.NS,0.05429483776100086,0.08323837145170887,-0.026719450172282055,0.06343545500337884,0.10428222170660262,0.05821860411931379,0.04928222792344383,1
2023-05-31,HDFCLIFE.NS,-0.011019216582945246,0.11816897665278914,-0.1155354833957708,0.07919259623089696,0.21184538619574433,0.1029747831504888,0.04928222792344383,1
2023-06-30,RELIANCE.NS,-0.01428521521774584,0.03253174069318776,-0.04534190482076916,0.05038363057366308,0.09403478760828254,0.08299924734973363,0.03128779917128344,1
2023-06-30,TCS.NS,0.04687301862838078,0.01134194067163441,0.03513260602358681,0.05063663551425798,0.0377147493293184,0.03879074224873391,0.03128779917128344,1
2023-06-30,HDFCBANK.NS,0.27664044859763837,0.05621256284016485,0.20869651953839763,0.051279677820779586,0.06918796410475347,-0.029505207005022016,0.03128779917128344,0
2023-06-30,INFY.NS,-0.06406623961301383,0.026663355050668747,-0.08837326687208469,0.0658708784430364,-0.05217237222418636,0.015125359217939005,0.03128779917128344,0
2023-06-30,ICICIBANK.NS,0.3294803951958951,-0.015329511213512226,0.35017796342647833,0.04411683809796088,0.06537477405639858,0.06815752817491738,0.03128779917128344,1
2023-06-30,HINDUNILVR.NS,0.2185687824673075,0.012173458315964059,0.20391299777287197,0.04663557542457846,0.05455237118102829,-0.043817667845873265,0.03128779917128344,0
2023-06-30,BHARTIARTL.NS,0.2886426871115628,0.033945147748773774,0.24633563967812622,0.05184177463077747,0.1732309739401905,0.01268845923224271,0.03128779917128344,0
2023-06-30,ITC.NS,0.7159441899465548,0.01369247350572489,0.6927660358492975,0.049887540260381676,0.20402523841297748,0.031222205965992123,0.03128779917128344,0
2023-06-30,LT.NS,0.6090177605290088,0.1223676247884955,0.43359245668924196,0.05411103846519305,0.14386387742877682,0.08313310162226495,0.03128779917128344,1
2023-06-30,KOTAKBANK.NS,0.11231217863973053,-0.08330228144740492,0.2133903642696937,0.052083429516355785,0.06561438780623252,0.005415499393838674,0.03128779917128344,0
2023-06-30,AXISBANK.NS,0.5530041581532306,0.07935723273713369,0.4388231357054784,0.05116331730664888,0.1502038813988582,-0.03299052271512848,0.03128779917128344,0
2023-06-30,SBIN.NS,0.25344898193955534,-0.012072183528369806,0.2687657549882847,0.06158238185528827,0.1150010759936122,0.08265706715879806,0.03128779917128344,1
2023-06-30,BAJFINANCE.NS,0.3315483692294485,0.02878125585807645,0.2942968795818921,0.07020462023117134,0.28028264849938034,0.019509578608789324,0.03128779917128344,0
2023-06-30,ASIANPAINT.NS,0.25754062646564124,0.05997240712590468,0.18638996450430168,0.04787841684660937,0.22551360532220865,0.004550786375856042,0.03128779917128344,0
2023-06-30,MARUTI.NS,0.1632383279109404,0.04497897324857769,0.11316912367597598,0.042931361408922425,0.1805201344337457,0.003238295651173173,0.03128779917128344,0
2023-06-30,HCLTECH.NS,0.2794428333704211,0.03742042199071238,0.23329250730893691,0.05590094290035353,0.11333979218110835,-0.05186715139118081,0.03128779917128344,0
2023-06-30,SUNPHARMA.NS,0.2797667883672581,0.07817725077113313,0.18697253856167362,0.04418233719214041,0.06967769167378934,0.09114092291410536,0.03128779917128344,1
2023-06-30,TITAN.NS,0.5754959887181583,0.0794827694430047,0.4594915577310126,0.05103260946667265,0.21183746705074147,-0.011112435631156381,0.03128779917128344,0
2023-06-30,ULTRACEMCO.NS,0.4877686535281154,0.05396404512728781,0.41159336545340763,0.04988781916972402,0.08824282992968246,0.007404526883650897,0.03128779917128344,0
2023-06-30,WIPRO.NS,-0.06235188568725314,-0.03592221639295179,-0.027414457364027256,0.048878311208716385,0.06543455512814855,0.04085829438709743,0.03128779917128344,1
2023-06-30,ADANIENT.NS,0.09043517924487343,-0.04223233934438386,0.13851743386119653,0.24500125023851146,0.3642492553967889,0.04411840884581508,0.03128779917128344,1
2023-06-30,NESTLEIND.NS,0.32489253462389467,0.056346272070846526,0.25422181121214527,0.04634490225256638,0.16769937791233103,-0.01489428822509109,0.03128779917128344,0
2023-06-30,POWERGRID.NS,0.27439793154282444,0.09108387088154757,0.16801097106601648,0.05429403325313766,0.13048281997154132,0.04272007685419976,0.03128779917128344,1
2023-06-30,NTPC.NS,0.3842931233407638,0.08800669908657555,0.2723204043715284,0.04963390154400805,0.08023985527187172,0.1543749316560452,0.03128779917128344,1
2023-06-30,TECHM.NS,0.18449578723558813,0.013715209463792677,0.1684699767522777,0.07391580022906981,0.026319458853042876,0.012279552056527532,0.03128779917128344,0
2023-06-30,BAJAJFINSV.NS,0.398500073764847,0.053585482598309975,0.32737219415355145,0.06371105400887823,0.20711028710907842,0.04600791529210624,0.03128779917128344,1
2023-06-30,JSWSTEEL.NS,0.4332149487211159,0.12710041677648798,0.2715947287288891,0.05922913103979909,0.1405319366502218,0.045094588736166896,0.03128779917128344,1
2023-06-30,ONGC.NS,0.16727798808601801,0.03486127327195043,0.12795600553821274,0.05983259842300026,0.06123827213098032,0.10449134740200594,0.03128779917128344,1
2023-06-30,TATASTEEL.NS,0.3338962773979919,0.0931520134876691,0.2202294474509865,0.062419654411424746,0.10675094499881776,0.09955365435099894,0.03128779917128344,1
2023-06-30,COALINDIA.NS,0.37623109559828505,-0.042486954509713626,0.4372974886139518,0.052019257797968316,0.08120768620431007,-0.0075758212942406145,0.03128779917128344,0
2023-06-30,HINDALCO.NS,0.25442508876885395,0.037078108291199285,0.20957628816963347,0.07538953227046842,0.03848528459567557,0.09894287647365663,0.03128779917128344,1
2023-06-30,GRASIM.NS,0.32158667646101247,0.009485834395784432,0.30916812443636954,0.0475776090397974,0.062442626890004904,0.06618048704516655,0.03128779917128344,1
2023-06-30,ADANIPORTS.NS,0.10761289267623741,0.0005414119732196632,0.10701354228992543,0.14149568000757648,0.16988448246541044,0.05928880974957029,0.03128779917128344,1
2023-06-30,DRREDDY.NS,0.18234108976335173,0.14631027873749813,0.03143198808749781,0.04696074563655058,0.1161321260483148,0.10174410605694151,0.03128779917128344,1
2023-06-30,CIPLA.NS,0.11195024021517308,0.06494939488049445,0.044134346252154844,0.0522296715080189,0.12709600788095554,0.1670817990120117,0.03128779917128344,1
2023-06-30,BRITANNIA.NS,0.4743535827698142,0.0789126490145966,0.3665180254549667,0.04976581576674092,0.18244367163627473,-0.04589454514264968,0.03128779917128344,0
2023-06-30,EICHERMOT.NS,0.2897189571674519,-0.02501391589737656,0.32280755407345985,0.0626618786223118,0.21406651982178682,-0.05994244650647662,0.03128779917128344,0
2023-06-30,HEROMOTOCO.NS,0.11181458743419359,0.054422243213045673,0.05443013421858511,0.056663193055475854,0.23973832627181668,0.11327660120906513,0.03128779917128344,1
2023-06-30,BPCL.NS,0.20335943019312186,0.0033011699281630946,0.1994000069583124,0.06335029842780944,0.0592505905326397,0.035097314807777336,0.03128779917128344,1
2023-06-30,INDUSINDBK.NS,0.7636202911184296,0.08015752909712592,0.6327435986050955,0.08052928066723788,0.3013068348979413,0.03135339237657475,0.03128779917128344,1
2023-06-30,APOLLOHOSP.NS,0.38972584713250824,0.10304092705090118,0.25990415500546304,0.056218665418821534,0.1826301870824536,0.014760065638921072,0.03128779917128344,0
2023-06-30,TATACONSUM.NS,0.23204709536107115,0.07794398087424059,0.1429602254115736,0.04829233354070176,0.22770187641655637,-0.0018585654958077624,0.03128779917128344,0
2023-06-30,SBILIFE.NS,0.21114013055337932,0.05821860411931379,0.14450844640114058,0.06345637534164245,0.18690398907655492,-0.018937984306907185,0.03128779917128344,0
2023-06-30,HDFCLIFE.NS,0.1879037989476693,0.1029747831504888,0.07699996146293864,0.09016467795052292,0.30878825394821185,-0.006679970086167275,0.03128779917128344,0
2023-07-31,RELIANCE.NS,0.10419814427631091,0.08299924734973363,0.019574248992743293,0.053503865801960065,0.1410529299800669,-0.0524653709091335,-0.020332951084458206,0
2023-07-31,TCS.NS,0.07318803566205534,0.03879074224873391,0.03311282245244063,0.05260995837708291,0.0734981295991064,-0.01889552323647592,-0.020332951084458206,1
2023-07-31,HDFCBANK.NS,0.16450685171035606,-0.029505207005022016,0.1999104581660358,0.050094034020785695,-0.01034860344702393,-0.04829819157577586,-0.020332951084458206,0
2023-07-31,INFY.NS,-0.10373827101666067,0.015125359217939005,-0.11709256315512906,0.07498137345501105,0.09672467566825271,0.058825729077923716,-0.020332951084458206,1
2023-07-31,ICICIBANK.NS,0.22683959724347225,0.06815752817491738,0.14855680448152908,0.03967044553763562,0.08788752815227996,-0.03171218733070058,-0.020332951084458206,0
2023-07-31,HINDUNILVR.NS,-0.014545959726939173,-0.043817667845873265,0.030613102893241706,0.04463394701977632,0.05063046252673331,-0.021770378932440493,-0.020332951084458206,0
2023-07-31,BHARTIARTL.NS,0.3184681434952068,0.01268845923224271,0.3019484239948651,0.0466143741868463,0.11334926503160236,-0.03322405550505103,-0.020332951084458206,0
2023-07-31,ITC.NS,0.5969764283133694,0.031222205965992123,0.5486249414280309,0.054457369961376845,0.11892934385255516,-0.055829803641310405,-0.020332951084458206,0
2023-07-31,LT.NS,0.48300664922020564,0.08313310162226495,0.3691822796284494,0.053971400978710365,0.13405103114216543,0.01943101248646717,-0.020332951084458206,1
2023-07-31,KOTAKBANK.NS,0.02613719287446936,0.005415499393838674,0.02061007960701189,0.05439238512453514,-0.042052596921466345,-0.05189829890580877,-0.020332951084458206,0
2023-07-31,AXISBANK.NS,0.31752105960931454,-0.03299052271512848,0.36246964539437077,0.048774909915690286,0.11031807420616646,0.020547241543797945,-0.020332951084458206,1
2023-07-31,SBIN.NS,0.19665397688356556,0.08265706715879806,0.10529364577458322,0.05607203256339791,0.0932942768199021,-0.09488891803599964,-0.020332951084458206,0
2023-07-31,BAJFINANCE.NS,0.0169536379656392,0.019509578608789324,-0.0025070295530111864,0.06971633998605002,0.1673890914029319,-0.0188076139478911,-0.020332951084458206,1
2023-07-31,ASIANPAINT.NS,0.021296581854495455,0.004550786375856042,0.016669934169335265,0.04864120658932016,0.17140968371050525,-0.03590089636567695,-0.020332951084458206,0
2023-07-31,MARUTI.NS,0.12672857033228446,0.003238295651173173,0.12309166746964872,0.04515044085785506,0.14333698371940296,0.028224985446234196,-0.020332951084458206,1
2023-07-31,HCLTECH.NS,0.23103976425909267,-0.05186715139118081,0.2983832023807409,0.05828052754119137,0.058485609928626836,0.049655202739108395,-0.020332951084458206,1
2023-07-31,SUNPHARMA.NS,0.22970169201203072,0.09114092291410536,0.12698705198213234,0.04557409852359665,0.16179199673745104,-0.027811768480294763,-0.020332951084458206,0
2023-07-31,TITAN.NS,0.28134297867292646,-0.011112435631156381,0.2957418263124201,0.05131737148585141,0.1407850775042645,0.03342143958860477,-0.020332951084458206,1
2023-07-31,ULTRACEMCO.NS,0.28409372369867825,0.007404526883650897,0.2746555027610904,0.04536124548392035,0.10586914980380713,-0.0024886394914523935,-0.020332951084458206,1
2023-07-31,WIPRO.NS,-0.04166242444372592,0.04085829438709743,-0.07928141542016065,0.05038461508232112,0.05207782875369249,0.008270656161704526,-0.020332951084458206,1
2023-07-31,ADANIENT.NS,-0.02950054272388869,0.04411840884581508,-0.07050824020149538,0.2178570221755024,0.2953101135234171,-0.029271286757874937,-0.020332951084458206,0
2023-07-31,NESTLEIND.NS,0.17779910075592742,-0.01489428822509109,0.19560681323614948,0.04648972235528659,0.036390341592718256,-0.02513614464570524,-0.020332951084458206,0
2023-07-31,POWERGRID.NS,0.31610778349886925,0.04272007685419976,0.2621870554842076,0.05872072851905985,0.12139098957991412,-0.06285897537963592,-0.020332951084458206,0
2023-07-31,NTPC.NS,0.49299226091625803,0.1543749316560452,0.2933339246846245,0.054343318049575116,0.2694766748025412,0.023048109202352007,-0.020332951084458206,1
2023-07-31,TECHM.NS,0.11060429548005102,0.012279552056527532,0.0971320059007108,0.07707493733376714,0.11823427730526026,0.07749872220279364,-0.020332951084458206,1
2023-07-31,BAJAJFINSV.NS,0.06272255594638931,0.04600791529210624,0.01597945905563747,0.06501029679488224,0.18048377221996414,-0.06844775304356787,-0.020332951084458206,0
2023-07-31,JSWSTEEL.NS,0.3027164298743734,0.045094588736166896,0.24650576504251998,0.05603407523032914,0.1308289471818953,-0.045423851023911554,-0.020332951084458206,0
2023-07-31,ONGC.NS,0.4564711441317906,0.10449134740200594,0.3186804473912035,0.05904075914748536,0.11387238401023447,-0.013604792229740093,-0.020332951084458206,1
2023-07-31,TATASTEEL.NS,0.18187178465086284,0.09955365435099894,0.07486504180503273,0.05860064873512119,0.1780399091526219,-0.0020300554793873937,-0.020332951084458206,1
2023-07-31,COALINDIA.NS,0.1999686496711246,-0.0075758212942406145,0.2091287933311221,0.04647198080497036,-0.016516654182768487,0.021071651536130442,-0.020332951084458206,1
2023-07-31,HINDALCO.NS,0.12478757889156711,0.09894287647365663,0.023517785110762413,0.0721373822134453,0.0607659103440632,0.0005460372575407657,-0.020332951084458206,1
2023-07-31,GRASIM.NS,0.18309128824312815,0.06618048704516655,0.10965385562623697,0.050293696701235346,0.07507405452159288,-0.02631117697551999,-0.020332951084458206,0
2023-07-31,ADANIPORTS.NS,0.025375433748666687,0.05928880974957029,-0.032015231057638704,0.12139213037978676,0.14938970002519336,0.018448325517489872,-0.020332951084458206,1
2023-07-31,DRREDDY.NS,0.3897487251138789,0.10174410605694151,0.2614079054052614,0.04826410109332882,0.15308966109768085,-0.005779595864262244,-0.020332951084458206,1
2023-07-31,CIPLA.NS,0.21780670742275188,0.1670817990120117,0.04346302757328657,0.059039446252351274,0.30447632959344717,0.0702978433762127,-0.020332951084458206,1
2023-07-31,BRITANNIA.NS,0.2501656064240003,-0.04589454514264968,0.3103012880383482,0.052371195439298836,0.05279404197137727,-0.06804417628156445,-0.020332951084458206,0
2023-07-31,EICHERMOT.NS,0.09518437881641661,-0.05994244650647662,0.16501843397396,0.06815616844377373,0.019508689887180353,0.0023555944862008182,-0.020332951084458206,1
2023-07-31,HEROMOTOCO.NS,0.17963141982034658,0.11327660120906513,0.05960317367599144,0.06008350657969234,0.26621838715269264,-0.0898179707346709,-0.020332951084458206,0
2023-07-31,BPCL.NS,0.16300710701944454,0.035097314807777336,0.12357272150340837,0.06422213393893011,0.0556488211450159,-0.0878195708116607,-0.020332951084458206,0
2023-07-31,INDUSINDBK.NS,0.38462459214714184,0.03135339237657475,0.3425316699220964,0.07619677658857743,0.24332346108659952,-0.027931557276968944,-0.020332951084458206,0
2023-07-31,APOLLOHOSP.NS,0.23320138712519856,0.014760065638921072,0.215264010560704,0.06123186598765726,0.14616619473634906,-0.067745465931077,-0.020332951084458206,0
2023-07-31,TATACONSUM.NS,0.07021377590156397,-0.0018585654958077624,0.07220654198487653,0.05295879049995602,0.13718533948571499,-0.029035259473249142,-0.020332951084458206,0
2023-07-31,SBILIFE.NS,-0.007137711679620629,-0.018937984306907185,0.012028059835697436,0.05949479073260908,0.12459432919102587,0.008111313044396828,-0.020332951084458206,1
2023-07-31,HDFCLIFE.NS,0.16828587261206396,-0.006679970086167275,0.1761424691228759,0.09044618585641763,0.22507369604951966,-0.0032464767491218183,-0.020332951084458206,1
2023-08-31,RELIANCE.NS,-0.00793659884696607,-0.0524653709091335,0.04699434795843982,0.05071872300344052,0.05956268871487613,-0.02575818434871957,0.03378051861559761,0
2023-08-31,TCS.NS,0.08266560288671809,-0.01889552323647592,0.1035171365828691,0.05039691148030805,0.030721525388247795,0.05117981141119343,0.03378051861559761,1
2023-08-31,HDFCBANK.NS,0.06955862862837825,-0.04829819157577586,0.1238379702139003,0.046841251259118644,-0.024459210423979805,-0.028731369488257497,0.03378051861559761,0
2023-08-31,INFY.NS,-0.014942179829616431,0.058825729077923716,-0.06966954701014005,0.07087592060399525,0.10349971174805872,0.0,0.03378051861559761,0
2023-08-31,ICICIBANK.NS,0.08941933787550749,-0.03171218733070058,0.12509867791507379,0.03768745081008098,0.01842884964613911,-0.0071446896715493535,0.03378051861559761,0
2023-08-31,HINDUNILVR.NS,-0.04413610439108784,-0.021770378932440493,-0.022863471905746557,0.0440555251463343,-0.053247481989483814,-0.015748345944150532,0.03378051861559761,0
2023-08-31,BHARTIARTL.NS,0.18405436283371812,-0.03322405550505103,0.22474537102004244,0.04645372502601131,0.012276595565689608,0.08173739266369773,0.03378051861559761,1
2023-08-31,ITC.NS,0.4257224415718386,-0.055829803641310405,0.5100269496647059,0.04914402111831013,-0.013019060433384966,0.010688935479033823,0.03378051861559761,0
2023-08-31,LT.NS,0.42182135264802945,0.01943101248646717,0.39472052079336173,0.05324927967629084,0.23929529407236294,0.11871464654516739,0.03378051861559761,1
2023-08-31,KOTAKBANK.NS,-0.08105234492437796,-0.05189829890580877,-0.030749914260171596,0.051740074535450785,-0.1261706003783366,-0.013105870768554406,0.03378051861559761,0
2023-08-31,AXISBANK.NS,0.29673118435080537,0.020547241543797945,0.27062337887388677,0.04852223726656577,0.0651948295368232,0.06492021183733954,0.03378051861559761,1
2023-08-31,SBIN.NS,0.07719221522916153,-0.09488891803599964,0.19012156263931956,0.05283568214928228,-0.031904923898855575,0.06626892575445331,0.03378051861559761,1
2023-08-31,BAJFINANCE.NS,-0.01544075766180053,-0.0188076139478911,0.003431392593288951,0.06316877993553385,0.02912593465414992,0.09043012249922966,0.03378051861559761,1
2023-08-31,ASIANPAINT.NS,-0.032163644903431376,-0.03590089636567695,0.0038764183559110155,0.046146567923424205,0.02656898013571629,-0.02919149945845545,0.03378051861559761,0
2023-08-31,MARUTI.NS,0.11183245641906447,0.028224985446234196,0.08131242885188783,0.046307470932744364,0.07795295238868327,0.06065693903975533,0.03378051861559761,1
2023-08-31,HCLTECH.NS,0.30517220919656163,0.049655202739108395,0.24342946692463707,0.058273601021207995,0.032453852047997334,0.05344900513316819,0.03378051861559761,1
2023-08-31,SUNPHARMA.NS,0.25850417367614753,-0.027811768480294763,0.29450669415004005,0.04426175070554411,0.143724351212267,0.04232648982241183,0.03378051861559761,1
2023-08-31,TITAN.NS,0.1957492004414203,0.03342143958860477,0.15707798835433162,0.04448415492087687,0.10316404183080352,0.014286035355529858,0.03378051861559761,0
2023-08-31,ULTRACEMCO.NS,0.24821203241102552,-0.0024886394914523935,0.2513261320399063,0.04394448095237138,0.059125792084395945,-0.005134157070118772,0.03378051861559761,0
2023-08-31,WIPRO.NS,-0.01002061728482928,0.008270656161704526,-0.018141233541562385,0.04952743165176279,0.011767699255772479,-0.0057541838478955,0.03378051861559761,0
2023-08-31,ADANIENT.NS,-0.24228036829559774,-0.029271286757874937,-0.21943214271090872,0.14635102510794692,-0.029249109598684986,-0.002211410835468719,0.03378051861559761,0
2023-08-31,NESTLEIND.NS,0.11553586645891234,-0.02513614464570524,0.14429913503511038,0.04521291349443383,0.01445575371974317,0.023673748648140203,0.03378051861559761,0
2023-08-31,POWERGRID.NS,0.13813121197312928,-0.06285897537963592,0.21447165588998351,0.06496914115236004,0.0661807120784883,0.08907504319907367,0.03378051861559761,1
2023-08-31,NTPC.NS,0.3976797432819348,0.023048109202352007,0.3661916098663971,0.05445384418946769,0.28491533865632035,0.11461645994525016,0.03378051861559761,1
2023-08-31,TECHM.NS,0.16614886557287822,0.07749872220279364,0.08227401252861988,0.07104167008942303,0.10568951322699438,0.017347023177487486,0.03378051861559761,0
2023-08-31,BAJAJFINSV.NS,-0.12175944768080982,-0.06844775304356787,-0.05722888309423535,0.05839230151712559,0.026625308785328095,0.03448852676538161,0.03378051861559761,1
2023-08-31,JSWSTEEL.NS,0.17399010596637265,-0.045423851023911554,0.22985484942781698,0.05499962177970571,0.12442058656845179,-6.423815330180993e-05,0.03378051861559761,0
2023-08-31,ONGC.NS,0.3581685836522175,-0.013604792229740093,0.3769010361702272,0.0536043874303119,0.12744510821368893,0.10163641545271518,0.03378051861559761,1
2023-08-31,TATASTEEL.NS,0.17184895411298995,-0.0020300554793873937,0.17423271166337817,0.054762098801280884,0.19953920654532542,0.04882011567811029,0.03378051861559761,1
2023-08-31,COALINDIA.NS,0.08732081622792243,0.021071651536130442,0.0648819939248384,0.04975274393358364,-0.029717373651989232,0.2831994322699196,0.03378051861559761,1
2023-08-31,HINDALCO.NS,0.054334054705220236,0.0005460372575407657,0.053758663214648506,0.06971449616520982,0.14031191243672225,0.07132759059913862,0.03378051861559761,1
2023-08-31,GRASIM.NS,0.0727601108508551,-0.02631117697551999,0.10174840820154318,0.04771615479023595,0.04797553407581345,0.08456405359660524,0.03378051861559761,1
2023-08-31,ADANIPORTS.NS,-0.05298850896324425,0.018448325517489872,-0.070142816960729,0.08892132292930949,0.07941500650307032,0.04159304186750701,0.03378051861559761,1
2023-08-31,DRREDDY.NS,0.33136343130256374,-0.005779595864262244,0.33910290491362405,0.04934409192074013,0.25564130708161636,-0.0037179451866133917,0.03378051861559761,0
2023-08-31,CIPLA.NS,0.22085761671513993,0.0702978433762127,0.1406709116258631,0.05540376226149666,0.3302550540137801,-0.05681459430746971,0.03378051861559761,0
2023-08-31,BRITANNIA.NS,0.2125549058845153,-0.06804417628156445,0.30108624789371463,0.04840100054997654,-0.0406479893420002,0.015533539333032476,0.03378051861559761,0
2023-08-31,EICHERMOT.NS,0.004370058939344723,0.0023555944862008182,0.0020097303434283287,0.06311511711438175,-0.08129796337356465,0.03307251046581361,0.03378051861559761,0
2023-08-31,HEROMOTOCO.NS,0.0662445175075137,-0.0898179707346709,0.17146294172403453,0.0632167638351191,0.06842956368948339,0.048457580221564545,0.03378051861559761,1
2023-08-31,BPCL.NS,0.047765263162304894,-0.0878195708116607,0.14863817468064866,0.06429986840708765,-0.05268753729354103,0.017765539743808123,0.03378051861559761,0
2023-08-31,INDUSINDBK.NS,0.2580875450071727,-0.027931557276968944,0.2942376171403358,0.073376559717744,0.08290770308633988,0.03678844160817585,0.03378051861559761,1
2023-08-31,APOLLOHOSP.NS,0.11718675067387663,-0.067745465931077,0.19837094897012486,0.05636497130935162,0.04349290100955172,0.0672294711735808,0.03378051861559761,1
2023-08-31,TATACONSUM.NS,0.04170665547804453,-0.029035259473249142,0.07285734692375767,0.054332248184783584,0.04470033829772069,0.050997776946537066,0.03378051861559761,1
2023-08-31,SBILIFE.NS,-0.025216012133931875,0.008111313044396828,-0.03305917188617147,0.050402916972608354,0.046599064177989646,0.009941755277241393,0.03378051861559761,0
2023-08-31,HDFCLIFE.NS,0.1246103836701884,-0.0032464767491218183,0.12827329669456233,0.07377552838436857,0.09205008212144827,-0.01139972503424691,0.03378051861559761,0
2023-09-30,RELIANCE.NS,0.07227580479860118,-0.02575818434871957,0.10062593041316448,0.04405825694415518,-0.0002532251871297797,-0.024349757004813344,-0.030570883375689306,1
2023-09-30,TCS.NS,0.21633300513175846,0.05117981141119343,0.1571122199339514,0.04840177464900015,0.07132277927239783,-0.04283111301888054,-0.030570883375689306,0
2023-09-30,HDFCBANK.NS,0.08615292350076675,-0.028731369488257497,0.11828271744810093,0.04805141701202253,-0.10291526532123751,-0.03262790907292967,-0.030570883375689306,0
2023-09-30,INFY.NS,0.0404629438972397,0.0,0.0404629438972397,0.06824209206806564,0.07484084857942341,-0.03437110405954591,-0.030570883375689306,0
2023-09-30,ICICIBANK.NS,0.11338218131675659,-0.0071446896715493535,0.12139419483835345,0.03566169368821294,0.02689427892676388,-0.03839696723531005,-0.030570883375689306,0
2023-09-30,HINDUNILVR.NS,-0.07195940356507335,-0.015748345944150532,-0.057110452788462496,0.04111033233937803,-0.07936458501512778,0.007462791885473274,-0.030570883375689306,1
2023-09-30,BHARTIARTL.NS,0.16346459442072048,0.08173739266369773,0.07555179502094811,0.04541560347634041,0.059067250836191354,-0.012953337934433762,-0.030570883375689306,1
2023-09-30,ITC.NS,0.39021183799476233,0.010688935479033823,0.3755091098685541,0.04894237365239129,-0.015943453048588574,-0.036003463873989006,-0.030570883375689306,0
2023-09-30,LT.NS,0.6550047736106808,0.11871464654516739,0.479380625543514,0.05483940698381052,0.23526175047548792,-0.03125462551273883,-0.030570883375689306,0
2023-09-30,KOTAKBANK.NS,-0.04511358724065806,-0.013105870768554406,-0.032432776246252404,0.050271698957379006,-0.05925684445021351,0.0021316273031208866,-0.030570883375689306,1
2023-09-30,AXISBANK.NS,0.41538162603834117,0.06492021183733954,0.32909640582024435,0.04556031785328787,0.050947238887545376,-0.05290817740613407,-0.030570883375689306,0
2023-09-30,SBIN.NS,0.14998375678994758,0.06626892575445331,0.078511929789439,0.046416075060943994,0.04486348052148981,-0.055133194458663826,-0.030570883375689306,0
2023-09-30,BAJFINANCE.NS,0.0692756346328407,0.09043012249922966,-0.019400131590187275,0.06091024813702387,0.09079545588733828,-0.04072588158375712,-0.030570883375689306,0
2023-09-30,ASIANPAINT.NS,-0.04659979700955974,-0.02919149945845545,-0.017931752288317893,0.046357629675944236,-0.059785060810889745,-0.05230852781066442,-0.030570883375689306,0
2023-09-30,MARUTI.NS,0.21321554151930155,0.06065693903975533,0.14383406817444877,0.04747827109889773,0.09412563140394647,-0.020573729024541576,-0.030570883375689306,1
2023-09-30,HCLTECH.NS,0.3846654022060185,0.05344900513316819,0.3144114194981662,0.05694225185581082,0.04840569958975349,0.04324361062651905,-0.030570883375689306,1
2023-09-30,SUNPHARMA.NS,0.23488985327326573,0.04232648982241183,0.18474380660100298,0.04552174300626619,0.1056940660460608,-0.060458416893176326,-0.030570883375689306,0
2023-09-30,TITAN.NS,0.21176153363904593,0.014286035355529858,0.19469409160730144,0.04538748315620142,0.0365370471940869,0.01297315744298766,-0.030570883375689306,1
2023-09-30,ULTRACEMCO.NS,0.32573067810503553,-0.005134157070118772,0.3325723136707128,0.04648619928756783,-0.0002618412058200681,0.020279086611481922,-0.030570883375689306,1
2023-09-30,WIPRO.NS,0.03246707297861828,-0.0057541838478955,0.03844246181938815,0.05318775430464387,0.04342805010939821,-0.05972180118079795,-0.030570883375689306,0
2023-09-30,ADANIENT.NS,-0.30114467531853806,-0.002211410835468719,-0.2995957938678896,0.10990752761002391,0.011314331390878785,-0.04940136596652167,-0.030570883375689306,0
2023-09-30,NESTLEIND.NS,0.18853261720249415,0.023673748648140203,0.1610462989522452,0.04216355631891202,-0.016921106549504517,0.07677200806906437,-0.030570883375689306,1
2023-09-30,POWERGRID.NS,0.3411480390920991,0.08907504319907367,0.23145603920238655,0.0686201256099138,0.06421773435871625,0.0120151489065774,-0.030570883375689306,1
2023-09-30,NTPC.NS,0.6003244829914971,0.11461645994525016,0.4357624712182204,0.06059679234167723,0.3163409630702072,-0.039706748543641535,-0.030570883375689306,0
2023-09-30,TECHM.NS,0.2657760403069698,0.017347023177487486,0.24419299557545493,0.06728620255013114,0.10965084112238044,-0.07331532775952243,-0.030570883375689306,0
2023-09-30,BAJAJFINSV.NS,-0.08179959130000836,0.03448852676538161,-0.11241122067249731,0.05224707095610868,0.008017024500231562,0.019022929263564636,-0.030570883375689306,1
2023-09-30,JSWSTEEL.NS,0.23942631804224068,-6.423815330180993e-05,0.23950594161493677,0.05483718422121319,-0.0024417175870830032,-0.055477164678043756,-0.030570883375689306,0
2023-09-30,ONGC.NS,0.6354450418946525,0.10163641545271518,0.48455971403466136,0.054994234971321054,0.2001942866266999,-0.029710657103984017,-0.030570883375689306,1
2023-09-30,TATASTEEL.NS,0.3404537542456325,0.04882011567811029,0.27805877691330094,0.05467888040070012,0.15089286196835827,-0.07874317979500967,-0.030570883375689306,0
2023-09-30,COALINDIA.NS,0.5434843859362308,0.2831994322699196,0.2028406084983061,0.05875885708402925,0.30031243034773314,0.06453246034203253,-0.030570883375689306,1
2023-09-30,HINDALCO.NS,0.26966268409538285,0.07132759059913862,0.18513020222444343,0.06990765741826636,0.17797068891488488,-0.06728911058273268,-0.030570883375689306,0
2023-09-30,GRASIM.NS,0.166116949108694,0.08456405359660524,0.07519417155828201,0.05026803235997479,0.12591633738736707,-0.02867590324515157,-0.030570883375689306,1
2023-09-30,ADANIPORTS.NS,0.01224303699372653,0.04159304186750701,-0.02817799629417439,0.07619883506803742,0.12370277392482487,-0.048960886738647624,-0.030570883375689306,0
2023-09-30,DRREDDY.NS,0.29868103341489727,-0.0037179451866133917,0.30352747712408923,0.05439575861150047,0.09130392070252769,-0.039278717567753585,-0.030570883375689306,0
2023-09-30,CIPLA.NS,0.07248754592443873,-0.05681459430746971,0.13709090434554483,0.05778642906849046,0.17815659488244706,0.0116764169440422,-0.030570883375689306,1
2023-09-30,BRITANNIA.NS,0.20085417599511057,0.015533539333032476,0.182485983460271,0.047031973901665414,-0.09700368816734584,-0.024387574294207126,-0.030570883375689306,1
2023-09-30,EICHERMOT.NS,-0.05082373782230032,0.03307251046581361,-0.08121041595646084,0.06221287005956507,-0.026564753258744855,-0.043922851101819815,-0.030570883375689306,0
2023-09-30,HEROMOTOCO.NS,0.24442925080146471,0.048457580221564545,0.1869142579316243,0.06468213718398776,0.062385663991271656,0.010172636387769662,-0.030570883375689306,1
2023-09-30,BPCL.NS,0.14982146703737986,0.017765539743808123,0.12975083370067053,0.0636002378376828,-0.03903034421707274,0.007645747481383136,-0.030570883375689306,1
2023-09-30,INDUSINDBK.NS,0.21880292695016212,0.03678844160817585,0.17555605178204092,0.06562786794898061,0.039428194169833786,0.008713339249856844,-0.030570883375689306,1
2023-09-30,APOLLOHOSP.NS,0.17583853531134652,0.0672294711735808,0.10176730222632768,0.06116069341952568,0.009614738317338167,-0.06186567921555641,-0.030570883375689306,0
2023-09-30,TATACONSUM.NS,0.10410454326088647,0.050997776946537066,0.05052985598945825,0.05854982705155893,0.018585151554639356,0.026913011433882028,-0.030570883375689306,1
2023-09-30,SBILIFE.NS,0.04639595320465051,0.009941755277241393,0.03609534682265125,0.049748985016052315,-0.001147691192678768,0.04783960291721634,-0.030570883375689306,1
2023-09-30,HDFCLIFE.NS,0.2055833217952565,-0.01139972503424691,0.21948511681024985,0.07077727230654202,-0.02119157395610438,-0.02988714123863978,-0.030570883375689306,1
2023-10-31,RELIANCE.NS,-0.02434822208443077,-0.024349757004813344,1.5732281046787477e-06,0.0467234688952644,-0.09935008157503966,0.039140706573484785,0.06316784227924643,0
2023-10-31,TCS.NS,0.09264411656098126,-0.04283111301888054,0.14153743547509823,0.04812340329414055,-0.012855245500306922,0.03528025076184216,0.06316784227924643,0
2023-10-31,HDFCBANK.NS,-0.0021832057070488853,-0.03262790907292967,0.03147155438059457,0.04819248289648798,-0.10580176030945354,0.05573995895664141,0.06316784227924643,0
2023-10-31,INFY.NS,-0.08643551789646786,-0.03437110405954591,-0.053917622034513446,0.05715869690771166,0.022432719762861764,0.06339512422894034,0.06316784227924643,1
2023-10-31,ICICIBANK.NS,0.015609646506042019,-0.03839696723531005,0.056163106709510524,0.03539781318130706,-0.07554398401152107,0.02141267005149894,0.06316784227924643,0
2023-10-31,HINDUNILVR.NS,-0.01160843496457431,0.007462791885473274,-0.018929956524107228,0.04003840276756256,-0.02999052136868363,0.03229457332881913,0.06316784227924643,0
2023-10-31,BHARTIARTL.NS,0.10408682890792753,-0.012953337934433762,0.1185761234402376,0.046715103980549066,0.03225111860496255,0.10968937635541587,0.06316784227924643,1
2023-10-31,ITC.NS,0.27674483228695546,-0.036003463873989006,0.3244288588606121,0.048343429923791585,-0.08009438011988668,0.01727351725800541,0.06316784227924643,0
2023-10-31,LT.NS,0.46427616312635256,-0.03125462551273883,0.5115180951458649,0.052701470379325314,0.10480799198351054,0.061504489384357264,0.06316784227924643,0
2023-10-31,KOTAKBANK.NS,-0.08471189005473989,0.0021316273031208866,-0.0866587931084154,0.04905720811363892,-0.06232948476151379,0.009227309438638365,0.06316784227924643,0
2023-10-31,AXISBANK.NS,0.08482551873447619,-0.05290817740613407,0.14542802804842037,0.049778329105848944,0.029300704190283744,0.09410797261031556,0.06316784227924643,1
2023-10-31,SBIN.NS,0.004775341114271026,-0.055133194458663826,0.06340421234145466,0.04823109628408653,-0.0881167739864418,-0.0014145218346449662,0.06316784227924643,0
2023-10-31,BAJFINANCE.NS,0.05324506007143648,-0.04072588158375712,0.09796046807802905,0.064106490605687,0.026348227886820563,-0.04948190367644889,0.06316784227924643,0
2023-10-31,ASIANPAINT.NS,-0.029620133381106695,-0.05230852781066442,0.023940697046838988,0.04696613489789086,-0.11300285463003812,0.04327739603492109,0.06316784227924643,0
2023-10-31,MARUTI.NS,0.10102196435814315,-0.020573729024541576,0.12414992019928328,0.049253379113104755,0.06815638098133148,0.020823143653227127,0.06316784227924643,0
2023-10-31,HCLTECH.NS,0.2807707898817937,0.04324361062651905,0.22768141288939026,0.05487534357047685,0.15357520736283714,0.050862084439821986,0.06316784227924643,0
2023-10-31,SUNPHARMA.NS,0.08236054688923744,-0.060458416893176326,0.1520091993269186,0.04659187508499885,-0.04792723705174906,0.1260794675697423,0.06316784227924643,1
2023-10-31,TITAN.NS,0.15878485391712038,0.01297315744298766,0.143944284606909,0.04847899226515229,0.061783203000410625,0.09435202190166248,0.06316784227924643,1
2023-10-31,ULTRACEMCO.NS,0.25998613496410794,0.020279086611481922,0.23494262648147912,0.049519507197505364,0.012514742871485796,0.06903144278480822,0.06316784227924643,1
2023-10-31,WIPRO.NS,-0.009855423943646802,-0.05972180118079795,0.053033641851712776,0.05182351098542485,-0.05740036578944807,0.08184918788784867,0.06316784227924643,1
2023-10-31,ADANIENT.NS,-0.31417595139834065,-0.04940136596652167,-0.2785345738488554,0.1095040802484033,-0.0792672422456897,0.02784733345984347,0.06316784227924643,0
2023-10-31,NESTLEIND.NS,0.19607463642953338,0.07677200806906437,0.11079655439261482,0.043402349839609146,0.0745565897529552,0.005866381024423495,0.06316784227924643,0
2023-10-31,POWERGRID.NS,0.2623756357777225,0.0120151489065774,0.24738808222549324,0.0651023769578578,0.032879765924609394,0.05369430264836672,0.06316784227924643,0
2023-10-31,NTPC.NS,0.4173715116390275,-0.039706748543641535,0.47597779062747225,0.061566556091908385,0.09502840783147226,0.1188432763000653,0.06316784227924643,1
2023-10-31,TECHM.NS,0.11252840196559921,-0.07331532775952243,0.20054689075173848,0.06245294848465816,0.015822579758522748,0.0890989690334687,0.06316784227924643,1
2023-10-31,BAJAJFINSV.NS,-0.06940608347789112,0.019022929263564636,-0.086778236487144,0.057965994263787325,-0.017987869846169846,0.06622916535276113,0.06316784227924643,1
2023-10-31,JSWSTEEL.NS,0.09719052171797649,-0.055477164678043756,0.16163472251465572,0.055969165070043424,-0.09843894757605443,0.08793369049337185,0.06316784227924643,1
2023-10-31,ONGC.NS,0.501031013470363,-0.029710657103984017,0.5469931979158362,0.05498467486299805,0.054363828614686804,0.07862111930817672,0.06316784227924643,1
2023-10-31,TATASTEEL.NS,0.20754102524355011,-0.07874317979500967,0.3107539599813851,0.057091252510354094,-0.035728821219366824,0.07705268283489364,0.06316784227924643,1
2023-10-31,COALINDIA.NS,0.4179537529568087,0.06453246034203253,0.33199672699620875,0.0638090019821483,0.3947914816994844,0.1387193944543137,0.06316784227924643,1
2023-10-31,HINDALCO.NS,0.14014630491708546,-0.06728911058273268,0.2224005507531046,0.07181368303454624,-0.0002154684410377028,0.12219801221672633,0.06316784227924643,1
2023-10-31,GRASIM.NS,0.10185561761859652,-0.02867590324515157,0.1343851360218984,0.051871211389929596,0.025745343047140157,0.06294056032955253,0.06316784227924643,0
2023-10-31,ADANIPORTS.NS,-0.04070713009138427,-0.048960886738647624,0.008678672130485898,0.0801731335143779,0.008870555269472113,0.051927446718831316,0.06316784227924643,0
2023-10-31,DRREDDY.NS,0.22009275417601293,-0.039278717567753585,0.2699757739176123,0.0561173128327585,-0.0483825631952286,0.07835977625799062,0.06316784227924643,1
2023-10-31,CIPLA.NS,0.0362620593193177,0.0116764169440422,0.024301883451569584,0.060756943840914325,0.021276523649564894,0.010250064283877647,0.06316784227924643,0
2023-10-31,BRITANNIA.NS,0.19536314617090178,-0.024387574294207126,0.22524387213101904,0.0421913937836216,-0.07664879421305049,0.09627247379809267,0.06316784227924643,1
2023-10-31,EICHERMOT.NS,-0.1346662000692017,-0.043922851101819815,-0.09491216171410222,0.06052263489529839,-0.009976365933441977,0.1824733120926707,0.06316784227924643,1
2023-10-31,HEROMOTOCO.NS,0.19714202029685235,0.010172636387769662,0.1850865655772047,0.06890962904741708,-0.03600513485228973,0.23659866928998574,0.06316784227924643,1
2023-10-31,BPCL.NS,0.16300070380568177,0.007645747481383136,0.15417616430437908,0.06362431827698264,-0.06451598969886552,0.24753048006258904,0.06316784227924643,1
2023-10-31,INDUSINDBK.NS,0.27520396184485696,0.008713339249856844,0.2641886571988621,0.06608966280315588,0.01661088468953409,0.017206610085438667,0.06316784227924643,0
2023-10-31,APOLLOHOSP.NS,0.07034971485346286,-0.06186567921555641,0.14093439621574055,0.060848872825904676,-0.06662247672414534,0.14710914153205112,0.06316784227924643,1
2023-10-31,TATACONSUM.NS,0.18196023599920808,0.026913011433882028,0.150983795938892,0.055694603006640676,0.04794602170221651,0.04469737340830715,0.06316784227924643,0
2023-10-31,SBILIFE.NS,0.0830303702664612,0.04783960291721634,0.033584116549205234,0.052046392313165574,0.06684082136661718,0.04927448666373824,0.06316784227924643,0
2023-10-31,HDFCLIFE.NS,0.14791161121704155,-0.02988714123863978,0.1832763588792079,0.062075623442671,-0.04405970706991402,0.11708583617757617,0.06316784227924643,1
2023-11-30,RELIANCE.NS,-0.05362361775925539,0.039140706573484785,-0.08927022466343948,0.04458532705798297,-0.012276740212189385,0.08727832825341242,0.08543957882282971,1
2023-11-30,TCS.NS,0.06525534597902682,0.03528025076184216,0.02895360478008402,0.049711205465995466,0.041654067615681134,0.08768204957600778,0.08543957882282971,1
2023-11-30,HDFCBANK.NS,-0.019754278718868923,0.05573995895664141,-0.07150836437991726,0.0412062385937075,-0.008049785643373109,0.09651653964246143,0.08543957882282971,1
2023-11-30,INFY.NS,-0.0863351041290571,0.06339512422894034,-0.1408039447863424,0.05849069040804972,0.026845059757653722,0.06030311003610156,0.08543957882282971,0
2023-11-30,ICICIBANK.NS,-0.010760984645355798,0.02141267005149894,-0.031499173292252824,0.03713327769516701,-0.02482394668076371,0.06593927418447842,0.08543957882282971,0
2023-11-30,HINDUNILVR.NS,-0.03695032675015619,0.03229457332881913,-0.06707862452059865,0.038558459132977806,0.02362011873638603,0.04651256072022547,0.08543957882282971,0
2023-11-30,BHARTIARTL.NS,0.20101435022002723,0.10968937635541587,0.08229778153283984,0.04303292511535262,0.1848434030341204,0.0172464090311788,0.08543957882282971,0
2023-11-30,ITC.NS,0.33203248888111236,0.01727351725800541,0.3094142983998238,0.044226377791396355,-0.008869768300395986,0.06034881358683597,0.08543957882282971,0
2023-11-30,LT.NS,0.5155681067406259,0.061504489384357264,0.4277547781447564,0.04952587101622927,0.15040510739198432,0.13405382694334578,0.08543957882282971,1
2023-11-30,KOTAKBANK.NS,-0.09766290757305418,0.009227309438638365,-0.10591292567295674,0.045859348661649424,-0.001876391380860265,0.08695776790498777,0.08543957882282971,1
2023-11-30,AXISBANK.NS,0.19317181032528818,0.09410797261031556,0.09054301786927543,0.05365451013536431,0.10349238215021983,0.026111318512717974,0.08543957882282971,0
2023-11-30,SBIN.NS,-0.04436132816182281,-0.0014145218346449662,-0.04300764157524262,0.048836231677103194,0.006057008277723375,0.13687468081376286,0.08543957882282971,1
2023-11-30,BAJFINANCE.NS,0.0641594299611965,-0.04948190367644889,0.11955725417242591,0.06294375419155605,-0.005737735428960944,0.028903892648206142,0.08543957882282971,0
2023-11-30,ASIANPAINT.NS,-0.009130679415769727,0.04327739603492109,-0.050234075472039175,0.046748101260616626,-0.0401566927885304,0.09054784660803783,0.08543957882282971,1
2023-11-30,MARUTI.NS,0.1932642143834411,0.020823143653227127,0.1689235513539571,0.0467427883020915,0.06046708665944367,-0.028877282912931124,0.08543957882282971,0
2023-11-30,HCLTECH.NS,0.2502656344964804,0.050862084439821986,0.18975235000790192,0.05430908827370396,0.1549015751115319,0.09337013671247596,0.08543957882282971,1
2023-11-30,SUNPHARMA.NS,0.18485934760759903,0.1260794675697423,0.052198696211656515,0.04445889969448397,0.10277984780017313,0.02740953151182146,0.08543957882282971,0
2023-11-30,TITAN.NS,0.31998089163808485,0.09435202190166248,0.20617576905861212,0.04807264842137889,0.12438599637267989,0.052956452752189076,0.08543957882282971,0
2023-11-30,ULTRACEMCO.NS,0.27805583315096594,0.06903144278480822,0.1955268872369671,0.050634983761543684,0.08511054536858942,0.16653234740801537,0.08543957882282971,1
2023-11-30,WIPRO.NS,0.01761449534501791,0.08184918788784867,-0.059374904803727535,0.052556499950115215,0.011385824373850717,0.14102404713855243,0.08543957882282971,1
2023-11-30,ADANIENT.NS,-0.3977149502169448,0.02784733345984347,-0.4140325803485818,0.08715635086742242,-0.02509043260282573,0.20792431874646455,0.08543957882282971,1
2023-11-30,NESTLEIND.NS,0.21379364452329797,0.005866381024423495,0.20671459691008964,0.04386238060866138,0.10872953408241215,0.09672136200600834,0.08543957882282971,1
2023-11-30,POWERGRID.NS,0.32315475096971946,0.05369430264836672,0.2557292448522195,0.06314777244419534,0.16134017835408065,0.13519990707937435,0.08543957882282971,1
2023-11-30,NTPC.NS,0.594105318333477,0.1188432763000653,0.42477981688826794,0.06043876987380443,0.19756359494671538,0.190776933984657,0.08543957882282971,1
2023-11-30,TECHM.NS,0.17591242717980715,0.0890989690334687,0.07971126648240423,0.06259058677994729,0.026758827216228687,0.042344060237304415,0.08543957882282971,0
2023-11-30,BAJAJFINSV.NS,0.029438690425000358,0.06622916535276113,-0.03450522282007629,0.0585990027739347,0.12398416441066784,0.007349862863267775,0.08543957882282971,0
2023-11-30,JSWSTEEL.NS,0.08215527720073013,0.08793369049337185,-0.0053113653370007174,0.05678741996825807,0.027512204260239592,0.0988016842941648,0.08543957882282971,1
2023-11-30,ONGC.NS,0.4649036137685798,0.07862111930817672,0.3581262109054224,0.05402853697040349,0.1529446656063902,0.05180805161746216,0.08543957882282971,0
2023-11-30,TATASTEEL.NS,0.2268874196977806,0.07705268283489364,0.1391155133363664,0.05575607137126542,0.04068350533836651,0.09147769281703111,0.08543957882282971,1
2023-11-30,COALINDIA.NS,0.6414793306756694,0.1387193944543137,0.4415134568444614,0.07249208696320471,0.5554991748536182,0.09893317919127331,0.08543957882282971,1
2023-11-30,HINDALCO.NS,0.15157971255456792,0.12219801221672633,0.02618227800974493,0.06797663429091202,0.12134391840253378,0.19237843412358657,0.08543957882282971,1
2023-11-30,GRASIM.NS,0.14588272213159525,0.06294056032955253,0.07803085600226556,0.051206193043501824,0.11976876381022628,0.06449928684249961,0.08543957882282971,0
2023-11-30,ADANIPORTS.NS,-0.05669743366532376,0.051927446718831316,-0.10326271143792043,0.0781761390526907,0.04203482953853643,0.24088427644573862,0.08543957882282971,1
2023-11-30,DRREDDY.NS,0.30002662344190933,0.07835977625799062,0.2055592688676906,0.049876346199642534,0.03215138410687235,0.0016844462206919708,0.08543957882282971,0
2023-11-30,CIPLA.NS,0.07237501377121514,0.010250064283877647,0.06149462562160313,0.07056814528402468,-0.036020972990107425,0.028045854608455434,0.08543957882282971,0
2023-11-30,BRITANNIA.NS,0.13147935274651346,0.09627247379809267,0.03211508068468105,0.04345738246180388,0.08615074319051885,0.1001103098962497,0.08543957882282971,1
2023-11-30,EICHERMOT.NS,0.1306964765060621,0.1824733120926707,-0.043786895701668715,0.061040304245391926,0.1679253670697416,0.06328108231756713,0.08543957882282971,0
2023-11-30,HEROMOTOCO.NS,0.3895184004069643,0.23659866928998574,0.1236615685546385,0.07332137892220954,0.30971028773908427,0.08392138974067165,0.08543957882282971,0
2023-11-30,BPCL.NS,0.2913949439202912,0.24753048006258904,0.03516103578928309,0.06605635134868819,0.2794012885151349,0.0831775860815418,0.08543957882282971,0
2023-11-30,INDUSINDBK.NS,0.26921020469700196,0.017206610085438667,0.24774081500551448,0.05968293503750612,0.06381738809892035,0.09061458431462976,0.08543957882282971,1
2023-11-30,APOLLOHOSP.NS,0.17354042239016043,0.14710914153205112,0.023041644339795164,0.06601646604607458,0.14849094353787318,0.03167856756204701,0.08543957882282971,0
2023-11-30,TATACONSUM.NS,0.16248912683409356,0.04469737340830715,0.1127520336741088,0.055566307745069425,0.12752442045636592,0.15524860558602693,0.08543957882282971,1
2023-11-30,SBILIFE.NS,0.12138171772588402,0.04927448666373824,0.06872103722965495,0.05638477147419993,0.11040203666683746,-0.001846395045961069,0.08543957882282971,0
2023-11-30,HDFCLIFE.NS,0.17342967283496669,0.11708583617757617,0.05043823386946422,0.061752963187173555,0.07134545958847349,-0.06377122070349572,0.08543957882282971,0
2023-12-31,RELIANCE.NS,0.10336442161930637,0.08727832825341242,0.01479482571103441,0.04495784471977421,0.10232395841188535,0.10379324242704491,0.009482786376875163,1
2023-12-31,TCS.NS,0.2063689827321331,0.08768204957600778,0.10911914304588466,0.05296894259943203,0.07782552415308408,0.012952612909242323,0.009482786376875163,1
2023-12-31,HDFCBANK.NS,0.06185029998575042,0.09651653964246143,-0.031614880764146536,0.04308208000613215,0.11986507375497535,-0.14433230302996058,0.009482786376875163,0
2023-12-31,INFY.NS,0.050176992532786846,0.06030311003610156,-0.009550210130921832,0.06271700835880815,0.08876701038624679,0.07647936047532755,0.009482786376875163,1
2023-12-31,ICICIBANK.NS,0.1279153316892112,0.06593927418447842,0.058142202849359226,0.042958674491888615,0.046958649124127616,0.031657703893340994,0.009482786376875163,1
2023-12-31,HINDUNILVR.NS,0.05636538372829203,0.04651256072022547,0.009414911371236512,0.03894308778937463,0.08837136036224691,-0.0684697522604596,0.009482786376875163,0
2023-12-31,BHARTIARTL.NS,0.2863680203740617,0.0172464090311788,0.26455891999578873,0.04373664340697001,0.11420544872987515,0.1341795090671407,0.009482786376875163,1
2023-12-31,ITC.NS,0.4484165216318723,0.06034881358683597,0.3659811781486526,0.04774203117435435,0.039829099142762114,-0.04447096524901617,0.009482786376875163,0
2023-12-31,LT.NS,0.7097127502049616,0.13405382694334578,0.5076116402809636,0.054183000626543576,0.16617880940595797,-0.013116870850176432,0.009482786376875163,0
2023-12-31,KOTAKBANK.NS,0.0451065683281191,0.08695776790498777,-0.03850305946801691,0.043618293060919126,0.09932583200471923,-0.04342018112266821,0.009482786376875163,0
2023-12-31,AXISBANK.NS,0.18171331379272404,0.026111318512717974,0.15164241196124895,0.054306503201442646,0.06327780300394514,-0.031343572806138975,0.009482786376875163,0
2023-12-31,SBIN.NS,0.06652539146872227,0.13687468081376286,-0.06187954620880942,0.05465168739693166,0.07267567546986542,-0.0024141704955532584,0.009482786376875163,0
2023-12-31,BAJFINANCE.NS,0.11918834371761045,0.028903892648206142,0.08774818689530783,0.06445084637068205,-0.06183780764816016,-0.06343705067071903,0.009482786376875163,0
2023-12-31,ASIANPAINT.NS,0.11112303866753481,0.09054784660803783,0.018866840298197518,0.04601580132524996,0.07823020830235383,-0.13065779976749992,0.009482786376875163,0
2023-12-31,MARUTI.NS,0.23880826996002957,-0.028877282912931124,0.2756454443532088,0.04624273534012979,-0.02905110910745967,-0.011206122531686069,0.009482786376875163,0
2023-12-31,HCLTECH.NS,0.4742011390052745,0.09337013671247596,0.34830931402413623,0.06099776042481605,0.19866731746500177,0.083253481404709,0.009482786376875163,1
2023-12-31,SUNPHARMA.NS,0.2716140139166998,0.02740953151182146,0.23768952390925757,0.04180046007609851,0.08699772849684706,0.12624567886014781,0.009482786376875163,1
2023-12-31,TITAN.NS,0.41957957421111924,0.052956452752189076,0.3481845051622605,0.04843536733926487,0.16725405753005274,0.0060129598445080035,0.009482786376875163,0
2023-12-31,ULTRACEMCO.NS,0.516162929562334,0.16653234740801537,0.29971786288754254,0.055239287734320554,0.27234899125512335,-0.03196207437370657,0.009482786376875163,0
2023-12-31,WIPRO.NS,0.2029556117793785,0.14102404713855243,0.054277177414566724,0.06108576080421522,0.16069439548847497,0.016697987926339808,0.009482786376875163,1
2023-12-31,ADANIENT.NS,-0.2612567665043398,0.20792431874646455,-0.38841927260616926,0.10340785218072639,0.18022694168479592,0.10286253711523785,0.009482786376875163,1
2023-12-31,NESTLEIND.NS,0.3704278441925688,0.09672136200600834,0.2495679319001547,0.04678639238911327,0.1878465832702576,-0.057196602287394094,0.009482786376875163,0
2023-12-31,POWERGRID.NS,0.5744414072033597,0.13519990707937435,0.38692876680553967,0.0662150223395747,0.21052563897023635,0.09317025997373429,0.009482786376875163,1
2023-12-31,NTPC.NS,0.9637977145685392,0.190776933984657,0.6491734585395004,0.06832912856951891,0.2793917523094356,0.020408199308309394,0.009482786376875163,1
2023-12-31,TECHM.NS,0.2987845565433107,0.042344060237304415,0.24602288830390973,0.06531268036395958,0.051987119893840195,0.047931537444871886,0.009482786376875163,1
2023-12-31,BAJAJFINSV.NS,0.08969773560608219,0.007349862863267775,0.08174704318592041,0.059384066640806615,0.09449768130329406,-0.034701651640788755,0.009482786376875163,0
2023-12-31,JSWSTEEL.NS,0.15091168178475112,0.0988016842941648,0.047424388072411894,0.05643334943538116,0.12910467227299227,-0.06998008406831269,0.009482786376875163,0
2023-12-31,ONGC.NS,0.4814756502999311,0.05180805161746216,0.4085038120992983,0.05857665650461306,0.1007955667985585,0.23018766527739776,0.009482786376875163,1
2023-12-31,TATASTEEL.NS,0.27968311358686115,0.09147769281703111,0.17243176109635794,0.05897802282710529,0.08301015053001781,-0.026146077449387572,0.009482786376875163,0
2023-12-31,COALINDIA.NS,0.8215101102695737,0.09893317919127331,0.6575258120881007,0.0790373209831498,0.33213093028529417,0.08018608978658515,0.009482786376875163,1
2023-12-31,HINDALCO.NS,0.30741439151272765,0.19237843412358657,0.09647604661157261,0.06946643408279864,0.2480461786586372,-0.05773760849322307,0.009482786376875163,0
2023-12-31,GRASIM.NS,0.24544680495486282,0.06449928684249961,0.1699836912517685,0.05079148184639165,0.099052699148229,0.02288194147619116,0.009482786376875163,1
2023-12-31,ADANIPORTS.NS,0.2605261629991389,0.24088427644573862,0.01582894305797833,0.09518882899847536,0.2414105927251995,0.17894275288762862,0.009482786376875163,1
2023-12-31,DRREDDY.NS,0.3789194478852287,0.0016844462206919708,0.3766006381429068,0.05476037268546111,0.03774827882317999,0.05575295156228077,0.009482786376875163,1
2023-12-31,CIPLA.NS,0.16771975227686697,0.028045854608455434,0.135863489981785,0.06979082094543457,0.05071032340599424,0.08400867897939124,0.009482786376875163,1
2023-12-31,BRITANNIA.NS,0.2606023191498903,0.1001103098962497,0.14588719677463668,0.04331552258943167,0.1766087326570458,-0.026234342642803332,0.009482786376875163,0
2023-12-31,EICHERMOT.NS,0.29788053098766043,0.06328108231756713,0.2206372826259182,0.0703948770659291,0.20207723638306163,-0.07334377652613411,0.009482786376875163,0
2023-12-31,HEROMOTOCO.NS,0.5682958391570494,0.08392138974067165,0.4468723045794536,0.07201400016540001,0.35401090327736684,0.11643768781848673,0.009482786376875163,1
2023-12-31,BPCL.NS,0.44388511025239996,0.0831775860815418,0.3330086670974597,0.0681674663245072,0.3616287300042369,0.11472325930852989,0.009482786376875163,1
2023-12-31,INDUSINDBK.NS,0.32488430201377705,0.09061458431462976,0.21480523098484738,0.05969475681689287,0.11904677169100686,-0.0405891201369194,0.009482786376875163,0
2023-12-31,APOLLOHOSP.NS,0.2779906757021906,0.03167856756204701,0.23874888544229633,0.06333744300986405,0.11023310683520449,0.11375157224495158,0.009482786376875163,1
2023-12-31,TATACONSUM.NS,0.43244225549243587,0.15524860558602693,0.23994285607970567,0.05096556803565014,0.23936609864272818,0.02870803475653272,0.009482786376875163,1
2023-12-31,SBILIFE.NS,0.16621801106537326,-0.001846395045961069,0.1683752934189655,0.0550617479917238,0.09744130298192744,-0.021953043297590624,0.009482786376875163,0
2023-12-31,HDFCLIFE.NS,0.1458407687834704,-0.06377122070349572,0.22388970956914145,0.056802479533519044,0.014590504610283883,-0.10839650292507064,0.009482786376875163,0
2024-01-31,RELIANCE.NS,0.31792574954515795,0.10379324242704491,0.1939969360994398,0.04884620422380411,0.2471044259930273,0.02395516336110326,0.008596204107587324,1
2024-01-31,TCS.NS,0.15854960545730057,0.012952612909242323,0.1437352455510208,0.05144751669768185,0.14064110921386042,0.07315345831902942,0.008596204107587324,1
2024-01-31,HDFCBANK.NS,-0.07744158031616832,-0.14433230302996058,0.0781737150422479,0.051895425264474014,-0.009447990525763839,-0.04044308056615198,0.008596204107587324,0
2024-01-31,INFY.NS,0.11166149696408878,0.07647936047532755,0.032682592700362,0.06071018981373901,0.2137532544588383,0.007827130983541597,0.008596204107587324,0
2024-01-31,ICICIBANK.NS,0.2460789620888144,0.031657703893340994,0.2078414743439374,0.047530091080087454,0.12323164468531722,0.023391491067573433,0.008596204107587324,1
2024-01-31,HINDUNILVR.NS,-0.021959177070672187,-0.0684697522604596,0.04992921625749713,0.044022992867276865,0.006340731505761976,-0.027906027490274266,0.008596204107587324,0
2024-01-31,BHARTIARTL.NS,0.5267785979131518,0.1341795090671407,0.3461525144012896,0.04946921937368462,0.2802930574688869,-0.040445938933551084,0.008596204107587324,0
2024-01-31,ITC.NS,0.3023033539661786,-0.04447096524901617,0.3629134297374501,0.0451477780590104,0.03069550374399843,-0.0657895696021552,0.008596204107587324,0
2024-01-31,LT.NS,0.6566292233139999,-0.013116870850176432,0.6786478301044083,0.05715718601757306,0.18801309702656188,-0.0006322078420750721,0.008596204107587324,0
2024-01-31,KOTAKBANK.NS,0.05531641540297971,-0.04342018112266821,0.10321835624917108,0.043796670473391,0.04935606921840474,-0.07440071097848266,0.008596204107587324,0
2024-01-31,AXISBANK.NS,0.22629599742686768,-0.031343572806138975,0.2659762150955556,0.05904794004504007,0.08748787942392067,0.0068837036098048365,0.008596204107587324,0
2024-01-31,SBIN.NS,0.17966853155463203,-0.0024141704955532584,0.182523344523283,0.057732282037867365,0.13252581975273348,0.16799376143724154,0.008596204107587324,1
2024-01-31,BAJFINANCE.NS,0.17084478399848546,-0.06343705067071903,0.2501506544082117,0.06336849321667076,-0.0840491440872948,-0.05355596171267196,0.008596204107587324,0
2024-01-31,ASIANPAINT.NS,0.09424386011776664,-0.13065779976749992,0.2587032584235738,0.04539788153799706,-0.010911199319681764,-0.045962358908349765,0.008596204107587324,0
2024-01-31,MARUTI.NS,0.1559772462086908,-0.011206122531686069,0.1690780784043986,0.044769522234008576,-0.019764583511717615,0.10812401797453242,0.008596204107587324,1
2024-01-31,HCLTECH.NS,0.4657010658837013,0.083253481404709,0.3530545629846982,0.06385730957658405,0.24463790764097504,0.055742297156401666,0.008596204107587324,1
2024-01-31,SUNPHARMA.NS,0.3863264050136581,0.12624567886014781,0.23092716894304344,0.04561178766791844,0.30300405715111234,0.11878806610115533,0.008596204107587324,1
2024-01-31,TITAN.NS,0.5604946269358984,0.0060129598445080035,0.5511675189324523,0.050999776088183374,0.15923378687594747,-0.019783427447743196,0.008596204107587324,0
2024-01-31,ULTRACEMCO.NS,0.4414998735771827,-0.03196207437370657,0.48909442018459415,0.059633729446297086,0.20720114165815096,-0.027042344836008425,0.008596204107587324,0
2024-01-31,WIPRO.NS,0.2013782728130784,0.016697987926339808,0.1816471430846569,0.06793764728585892,0.255028201198801,0.08459679649185947,0.008596204107587324,1
2024-01-31,ADANIENT.NS,0.05703688991687872,0.10286253711523785,-0.04155154940544581,0.11058240593552171,0.3692719857542013,0.04563972578492148,0.008596204107587324,1
2024-01-31,NESTLEIND.NS,0.332009081494675,-0.057196602287394094,0.41281743863709575,0.050113440443273594,0.04005842116642211,0.0389177393318636,0.008596204107587324,1
2024-01-31,POWERGRID.NS,0.6976963508079879,0.09317025997373429,0.5530026867441293,0.06282021683100196,0.3075996232741409,0.10905937880098016,0.008596204107587324,1
2024-01-31,NTPC.NS,0.9488459662688735,0.020408199308309394,0.9098689794828307,0.07085427085683545,0.35948246247079196,0.0673286545804257,0.008596204107587324,1
2024-01-31,TECHM.NS,0.3629146084205439,0.047931537444871886,0.30057600112282357,0.06801709001870981,0.18962848199185012,-0.04483937103608049,0.008596204107587324,0
2024-01-31,BAJAJFINSV.NS,0.2128255610250509,-0.034701651640788755,0.25642560467090814,0.057447089124308064,0.03679394614661713,-0.020586215822845255,0.008596204107587324,0
2024-01-31,JSWSTEEL.NS,0.14746073749474697,-0.06998008406831269,0.23380232814178936,0.057652770154859916,0.11176754347867424,-0.02265932602307774,0.008596204107587324,0
2024-01-31,ONGC.NS,0.8457616003551203,0.23018766527739776,0.5003902676417384,0.07066106314896743,0.3956508315610283,0.06431192954319842,0.008596204107587324,1
2024-01-31,TATASTEEL.NS,0.17282531292522796,-0.026146077449387572,0.2043133839349247,0.0634214390403938,0.14484219831458667,0.036042595432440816,0.008596204107587324,1
2024-01-31,COALINDIA.NS,0.9693198670875995,0.08018608978658515,0.8231301862780722,0.08858321578404844,0.3517195146931509,0.08760464562022152,0.008596204107587324,1
2024-01-31,HINDALCO.NS,0.24494642219932783,-0.05773760849322307,0.32123114900991334,0.0723195668739617,0.2608268975486141,-0.1303184446749619,0.008596204107587324,0
2024-01-31,GRASIM.NS,0.3807348420834107,0.02288194147619116,0.3498477058757903,0.049799345566027775,0.15739037304365833,0.0075402636508175025,0.008596204107587324,0
2024-01-31,ADANIPORTS.NS,0.9844424534340408,0.17894275288762862,0.6832390279964582,0.09983972062802167,0.5388978236998281,0.0934459574563582,0.008596204107587324,1
2024-01-31,DRREDDY.NS,0.4266429579759714,0.05575295156228077,0.3513037835838917,0.058468967222053636,0.14039922751843004,0.049516802275880956,0.008596204107587324,1
2024-01-31,CIPLA.NS,0.33794101936797927,0.08400867897939124,0.2342530510250791,0.06944632548750208,0.12583340936802734,0.09574384611729148,0.008596204107587324,1
2024-01-31,BRITANNIA.NS,0.22464554802080872,-0.026234342642803332,0.2576388772474283,0.04349277157873338,0.17438149189124563,-0.04485981362466562,0.008596204107587324,0
2024-01-31,EICHERMOT.NS,0.1895688259339834,-0.07334377652613411,0.283721833189126,0.06736403341000803,0.16508626262466852,-0.0122930161789081,0.008596204107587324,0
2024-01-31,HEROMOTOCO.NS,0.735444060965422,0.11643768781848673,0.5544477581695315,0.07227891701294709,0.49644600109295367,-0.02121546798134144,0.008596204107587324,0
2024-01-31,BPCL.NS,0.5497464012860922,0.11472325930852989,0.390252144058975,0.07096848750616576,0.5063222562813425,0.20205029628824844,0.008596204107587324,1
2024-01-31,INDUSINDBK.NS,0.4320876386954762,-0.0405891201369194,0.49267396144168396,0.06801143685539328,0.06435159133954227,-0.03855803151254722,0.008596204107587324,0
2024-01-31,APOLLOHOSP.NS,0.4975107140023134,0.11375157224495158,0.34456439956698004,0.05884057059904546,0.3180669770850695,-0.03869791718237903,0.008596204107587324,0
2024-01-31,TATACONSUM.NS,0.5492125746132193,0.02870803475653272,0.5059788805672891,0.053269028059711225,0.2415324856955714,0.06444548233159564,0.008596204107587324,1
2024-01-31,SBILIFE.NS,0.15160542569518087,-0.021953043297590624,0.17745412712897002,0.06302329363362491,0.024344874494879987,0.10805402802101582,0.008596204107587324,1
2024-01-31,HDFCLIFE.NS,-0.0006025734709073083,-0.10839650292507064,0.12089895318692823,0.05682159630807266,-0.06751834712864735,0.009365277231633051,0.008596204107587324,1
2024-02-29,RELIANCE.NS,0.36768344318173307,0.02395516336110326,0.3356868465728047,0.049623896009564794,0.2288797928596411,0.01714806010260328,0.014603282403188311,1
2024-02-29,TCS.NS,0.2605087166837001,0.07315345831902942,0.17458384624519674,0.057331425827616606,0.18236868727374045,-0.05342961826451276,0.014603282403188311,0
2024-02-29,HDFCBANK.NS,-0.11259424684559194,-0.04044308056615198,-0.07519216923787087,0.05464224692598302,-0.09969209113819111,0.03170873116284034,0.014603282403188311,1
2024-02-29,INFY.NS,0.15515853260038992,0.007827130983541597,0.14618717544651427,0.0631412405290542,0.15032825738237188,-0.10505410646392255,0.014603282403188311,0
2024-02-29,ICICIBANK.NS,0.240990792090632,0.023391491067573433,0.21262566957251616,0.051216366679176506,0.1254077234139186,0.03906108685055121,0.014603282403188311,1
2024-02-29,HINDUNILVR.NS,-0.004393738236393219,-0.027906027490274266,0.024187259584767862,0.044365349745556455,-0.05234631212560603,-0.061331470962417645,0.014603282403188311,0
2024-02-29,BHARTIARTL.NS,0.5203907081996555,-0.040445938933551084,0.5844763415517125,0.05170691883652744,0.10707593388366243,0.09369307546422223,0.014603282403188311,1
2024-02-29,ITC.NS,0.11963370346021884,-0.0657895696021552,0.19848127041721142,0.04708711722272647,-0.05346352399185417,0.054270421352983655,0.014603282403188311,1
2024-02-29,LT.NS,0.6675523451843002,-0.0006322078420750721,0.6686072517742152,0.060780574803915376,0.1184710358773069,0.08234242277925063,0.014603282403188311,1
2024-02-29,KOTAKBANK.NS,-0.02221132360175626,-0.07440071097848266,0.05638442898103091,0.047511824091853526,-0.03759715723584067,0.05685282165371408,0.014603282403188311,1
2024-02-29,AXISBANK.NS,0.27496401486124245,0.0068837036098048365,0.2662475420848862,0.06364599621245891,0.0007913762411848602,-0.025951126776757594,0.014603282403188311,0
2024-02-29,SBIN.NS,0.4587556920210052,0.16799376143724154,0.24894133871569224,0.0631095495563846,0.32465684817294327,0.0056810162075875414,0.014603282403188311,0
2024-02-29,BAJFINANCE.NS,0.06721909673394388,-0.05355596171267196,0.1276092970749425,0.06599253979180299,-0.08797504193158634,0.1154517337557881,0.014603282403188311,1
2024-02-29,ASIANPAINT.NS,0.0059569817140743275,-0.045962358908349765,0.05442064168769667,0.0477634674729211,-0.09551577574902737,0.008806007271162875,0.014603282403188311,0
2024-02-29,MARUTI.NS,0.32121013713718183,0.10812401797453242,0.19229446858496524,0.05191737605427979,0.0640652252383922,0.11622600950505624,0.014603282403188311,1
2024-02-29,HCLTECH.NS,0.611446734023755,0.055742297156401666,0.5263637142928916,0.06689948040840006,0.25041801697629706,-0.0723020775125327,0.014603282403188311,0
2024-02-29,SUNPHARMA.NS,0.6648107217014441,0.11878806610115533,0.4880483374327662,0.04820991731694064,0.29456706316489734,0.026997042673843508,0.014603282403188311,1
2024-02-29,TITAN.NS,0.5324269136267723,-0.019783427447743196,0.5633554426004936,0.052015266302627074,0.03833149353875975,0.04894614053023161,0.014603282403188311,1
2024-02-29,ULTRACEMCO.NS,0.3685722294339686,-0.027042344836008425,0.4066102693886471,0.061968255018012425,0.09871005200680649,-0.01448093976508269,0.014603282403188311,0
2024-02-29,WIPRO.NS,0.342735919869281,0.08459679649185947,0.23800468912721806,0.07554259485795527,0.25821563834114625,-0.07423823747613112,0.014603282403188311,0
2024-02-29,ADANIENT.NS,1.4100828924133806,0.04563972578492148,1.3048884170924397,0.10157670919724386,0.39297455672675063,-0.026876460479131614,0.014603282403188311,0
2024-02-29,NESTLEIND.NS,0.40962353298461696,0.0389177393318636,0.35681919714948473,0.05295213250905429,0.07423328195024936,0.010072523899452568,0.014603282403188311,0
2024-02-29,POWERGRID.NS,0.7930851707652173,0.10905937880098016,0.6167621004240071,0.06943296082240895,0.37630584341573425,-0.021036029648281218,0.014603282403188311,0
2024-02-29,NTPC.NS,1.0348198975335041,0.0673286545804257,0.9064604785050074,0.07432799834641045,0.2968881507632024,0.0005958919606954272,0.014603282403188311,0
2024-02-29,TECHM.NS,0.20093552765381806,-0.04483937103608049,0.25731263542185046,0.06957406602918505,0.04332693483415606,-0.020214274901006357,0.014603282403188311,0
2024-02-29,BAJAJFINSV.NS,0.19457631949934462,-0.020586215822845255,0.2196850185266248,0.0574312810976774,-0.04762473659078503,0.03140289272420782,0.014603282403188311,1
2024-02-29,JSWSTEEL.NS,0.2042415947583811,-0.02265932602307774,0.23216154491777208,0.05813506359478835,-0.0012482840233041248,0.03762036389560697,0.014603282403188311,1
2024-02-29,ONGC.NS,0.8236673959672658,0.06431192954319842,0.7134707836545455,0.07901371481401613,0.3771358662623092,0.013038430162382264,0.014603282403188311,0
2024-02-29,TATASTEEL.NS,0.39920256109639385,0.036042595432440816,0.3505260954182787,0.06581240548908435,0.10125094287913217,0.10649638993946553,0.014603282403188311,1
2024-02-29,COALINDIA.NS,1.1823809056703332,0.08760464562022152,1.00659395347268,0.09757341898151321,0.29104363279970924,-0.005953719381635358,0.014603282403188311,0
2024-02-29,HINDALCO.NS,0.2703904910337771,-0.1303184446749619,0.4607536324706538,0.08290760634258848,-0.022883764435010945,0.1119381169254332,0.014603282403188311,1
2024-02-29,GRASIM.NS,0.40141284788836895,0.0075402636508175025,0.39092490736832297,0.05958058509851174,0.09706736681662087,0.04376193428728303,0.014603282403188311,1
2024-02-29,ADANIPORTS.NS,1.2438640904472762,0.0934459574563582,1.0521033299780922,0.09602423806597271,0.5996365619241535,0.01616813464399436,0.014603282403188311,1
2024-02-29,DRREDDY.NS,0.49990464737995244,0.049516802275880956,0.4291382892845581,0.05818069245855814,0.10989687944061877,-0.04146010828476032,0.014603282403188311,0
2024-02-29,CIPLA.NS,0.646465148274286,0.09574384611729148,0.5026004062066562,0.0692678562635678,0.2211085885381543,0.011213595464368398,0.014603282403188311,0
2024-02-29,BRITANNIA.NS,0.13191721244897758,-0.04485981362466562,0.18507966536775622,0.0468502997942332,0.023193579926862107,-0.010865719050009548,0.014603282403188311,0
2024-02-29,EICHERMOT.NS,0.2345079519343236,-0.0122930161789081,0.24987265672501913,0.07270668929963109,-0.026816227833635575,0.059830292279535735,0.014603282403188311,1
2024-02-29,HEROMOTOCO.NS,0.8909498794223014,-0.02121546798134144,0.9319368232376748,0.07383744088588994,0.18445720122919207,0.06682473159297664,0.014603282403188311,1
2024-02-29,BPCL.NS,1.0149084628465035,0.20205029628824844,0.6762264183688813,0.08870818493963699,0.4514075154121515,-0.002401192356848436,0.014603282403188311,0
2024-02-29,INDUSINDBK.NS,0.3835765243552265,-0.03855803151254722,0.43906399939236973,0.06915442038945492,0.006002398130593001,0.05295271403057367,0.014603282403188311,1
2024-02-29,APOLLOHOSP.NS,0.39001497189344403,-0.03869791718237903,0.4459710394252403,0.06473293950307103,0.104568418548864,0.04182499316802035,0.014603282403188311,1
2024-02-29,TATACONSUM.NS,0.6817891497914499,0.06444548233159564,0.5799673893186195,0.05505664592810916,0.2650014053879104,-0.07886227595376794,0.014603282403188311,0
2024-02-29,SBILIFE.NS,0.3882212710684134,0.10805402802101582,0.2528461933826245,0.06469302547650606,0.08172787835112705,-0.03195074560353639,0.014603282403188311,0
2024-02-29,HDFCLIFE.NS,0.19459698380167856,0.009365277231633051,0.18351305592567746,0.06393683148686856,-0.15743752934462474,0.08823015782989829,0.014603282403188311,1
2024-03-31,RELIANCE.NS,0.38606384909355507,0.01714806010260328,0.3626962518649821,0.054323685906452146,0.14961612397294655,-0.012686368408795001,-0.002548299769042306,0
2024-03-31,TCS.NS,0.23296475591233956,-0.05342961826451276,0.3025600417073724,0.06145956677660053,0.02897274079412071,-0.014356552208520057,-0.002548299769042306,0
2024-03-31,HDFCBANK.NS,-0.09011561445749328,0.03170873116284034,-0.11808017315412767,0.052648027328195936,-0.15290331086975073,0.04986526611447317,-0.002548299769042306,1
2024-03-31,INFY.NS,0.0769536501496364,-0.10505410646392255,0.20337291665132562,0.0662962280149727,-0.02906863101833823,-0.051733930094411185,-0.002548299769042306,0
2024-03-31,ICICIBANK.NS,0.2565396020882922,0.03906108685055121,0.20930291586313743,0.05112836373005406,0.09703000964583319,0.05222713074945684,-0.002548299769042306,1
2024-03-31,HINDUNILVR.NS,-0.10184683603259037,-0.061331470962417645,-0.04316259021884239,0.04618843182235958,-0.15000285078097098,-0.01497116512027774,-0.002548299769042306,0
2024-03-31,BHARTIARTL.NS,0.6478551883254842,0.09369307546422223,0.5066888739567506,0.05456096483087389,0.19027334198683565,0.07626566930628398,-0.002548299769042306,1
2024-03-31,ITC.NS,0.15946657798261565,0.054270421352983655,0.09978099973119803,0.0509857146476222,-0.05888949315511827,0.017041954593625563,-0.002548299769042306,1
2024-03-31,LT.NS,0.7589530179313952,0.08234242277925063,0.6251354293355116,0.06400151673151096,0.06747018705694918,-0.04505961428129812,-0.002548299769042306,0
2024-03-31,KOTAKBANK.NS,0.031231840553802126,0.05685282165371408,-0.02424271438270975,0.048559859014254,-0.06425236566158377,-0.09047876859467963,-0.002548299769042306,0
2024-03-31,AXISBANK.NS,0.22104681334760046,-0.025951126776757594,0.25357859026828167,0.06612228897671757,-0.049986395460287714,0.11334990595730599,-0.002548299769042306,1
2024-03-31,SBIN.NS,0.46438177744287357,0.0056810162075875414,0.45610959523233485,0.0662898777689515,0.17179339788211623,0.0982255721140104,-0.002548299769042306,1
2024-03-31,BAJFINANCE.NS,0.29541762747057554,0.1154517337557881,0.161339023705519,0.06831335757073821,-0.011258653043316635,-0.044401565122693,-0.002548299769042306,0
2024-03-31,ASIANPAINT.NS,0.03949094660028485,0.008806007271162875,0.030417086246468106,0.044417137195055634,-0.16331124604537484,0.010239713095145486,-0.002548299769042306,1
2024-03-31,MARUTI.NS,0.5338512172580965,0.11622600950505624,0.3741403660162146,0.05376583921622302,0.22305580883086185,0.01723378338420778,-0.002548299769042306,1
2024-03-31,HCLTECH.NS,0.4843980253155118,-0.0723020775125327,0.6000876894661422,0.06746606081693216,0.060949222628034816,-0.11463838686497085,-0.002548299769042306,0
2024-03-31,SUNPHARMA.NS,0.6636681789054346,0.026997042673843508,0.6199347318216055,0.05082928848996079,0.294047314761567,-0.07309247300469823,-0.002548299769042306,0
2024-03-31,TITAN.NS,0.516608209990858,0.04894614053023161,0.44583992579850507,0.0549798296161372,0.034376882245863216,-0.05590780891403224,-0.002548299769042306,0
2024-03-31,ULTRACEMCO.NS,0.28490101746338303,-0.01448093976508269,0.30378099146768656,0.0605944745459353,-0.07177910639997298,0.022842969792932655,-0.002548299769042306,1
2024-03-31,WIPRO.NS,0.31724540805320744,-0.07423823747613112,0.42287731182810107,0.07512903728414694,0.020844328309194582,-0.03686736159609316,-0.002548299769042306,0
2024-03-31,ADANIENT.NS,0.8273294291085578,-0.026876460479131614,0.8777979926456925,0.11012612211213946,0.12220303049380576,-0.044540397461944714,-0.002548299769042306,0
2024-03-31,NESTLEIND.NS,0.3490704573404999,0.010072523899452568,0.3356174189674255,0.05733557869421015,-0.010638836858603784,-0.04383477776161582,-0.002548299769042306,0
2024-03-31,POWERGRID.NS,0.7285333615612768,-0.021036029648281218,0.7656761779907539,0.07586536428266209,0.1868868421201606,0.09010484935633589,-0.002548299769042306,1
2024-03-31,NTPC.NS,0.9825445887223343,0.0005958919606954272,0.9813639098972147,0.07731453462892084,0.08975990292643954,0.08159630250309569,-0.002548299769042306,1
2024-03-31,TECHM.NS,0.17495102257928208,-0.020214274901006357,0.19919181559883392,0.06484425333305337,-0.019290389462125024,0.012338604330994318,-0.002548299769042306,1
2024-03-31,BAJAJFINSV.NS,0.2986310545379909,0.03140289272420782,0.2590919258602842,0.061691066256418105,-0.024884364557089755,-0.01755025043908154,-0.002548299769042306,0
2024-03-31,JSWSTEEL.NS,0.2115926846603695,0.03762036389560697,0.16766471324021315,0.06286076747631823,-0.0568588183055041,0.06263545197413767,-0.002548299769042306,1
2024-03-31,ONGC.NS,0.859676271918991,0.013038430162382264,0.8357410899218294,0.08510561462621812,0.3263746687747078,0.05521358110011887,-0.002548299769042306,1
2024-03-31,TATASTEEL.NS,0.5400639517147867,0.10649638993946553,0.391838207261608,0.076526584495663,0.11640411960069197,0.05871022802767811,-0.002548299769042306,1
2024-03-31,COALINDIA.NS,1.1871571547466213,-0.005953719381635358,1.20025686669846,0.09806034258251246,0.16782088811352525,0.04653294338059988,-0.002548299769042306,1
2024-03-31,HINDALCO.NS,0.3911636483288834,0.1119381169254332,0.2511160712572056,0.0811015814237669,-0.08880204816016468,0.15020089682851867,-0.002548299769042306,1
2024-03-31,GRASIM.NS,0.4142282271138702,0.04376193428728303,0.3549337072534211,0.061776382229207116,0.07569556033098124,0.05436543884733647,-0.002548299769042306,1
2024-03-31,ADANIPORTS.NS,1.137792222308033,0.01616813464399436,1.1037780554464933,0.09959316826876931,0.30995269429532435,-0.012631742266223989,-0.002548299769042306,0
2024-03-31,DRREDDY.NS,0.3425029162883799,-0.04146010828476032,0.4005707304325805,0.05940714548746771,0.0620913987913696,0.007535142728139377,-0.002548299769042306,1
2024-03-31,CIPLA.NS,0.6758364374403887,0.011213595464368398,0.6572526763456072,0.07291375439156693,0.20111530116365972,-0.06476501836405057,-0.002548299769042306,0
2024-03-31,BRITANNIA.NS,0.15578041393182152,-0.010865719050009548,0.16847675405788176,0.04982354883698456,-0.08002330598187812,-0.027548919113447146,-0.002548299769042306,0
2024-03-31,EICHERMOT.NS,0.37805015112997475,0.059830292279535735,0.3002554854003996,0.07674905346880771,-0.029974614568821223,0.14383091180502428,-0.002548299769042306,1
2024-03-31,HEROMOTOCO.NS,1.0789739710357407,0.06682473159297664,0.9487493207355893,0.0776770489661009,0.16577479487421098,-0.037958264009263276,-0.002548299769042306,0
2024-03-31,BPCL.NS,0.8527324993698704,-0.002401192356848436,0.8571919745443466,0.09484468614519216,0.3367359382106636,0.008217013964231912,-0.002548299769042306,1
2024-03-31,INDUSINDBK.NS,0.4701411219982863,0.05295271403057367,0.3962081130602402,0.07067705603547585,-0.028737584599101917,-0.024018063836023562,-0.002548299769042306,0
2024-03-31,APOLLOHOSP.NS,0.47863778893106423,0.04182499316802035,0.4192765566458214,0.06487995635372013,0.11543170643512668,-0.06445056445299757,-0.002548299769042306,0
2024-03-31,TATACONSUM.NS,0.5632556126114363,-0.07886227595376794,0.6970921630965319,0.05806259049495996,0.008649142565473333,0.011083739251769753,-0.002548299769042306,1
2024-03-31,SBILIFE.NS,0.3649485016253906,-0.03195074560353639,0.4099990216679381,0.06567772601632078,0.04910292454025145,-0.0424596640253172,-0.002548299769042306,0
2024-03-31,HDFCLIFE.NS,0.27291311931308737,0.08823015782989829,0.1697094683090532,0.06428188000763028,-0.020643339855648035,-0.07847152125494394,-0.002548299769042306,0
2024-04-30,RELIANCE.NS,0.31790733085786393,-0.012686368408795001,0.3348416234604774,0.05279010452488247,0.02830097763581363,-0.024948846833390714,-0.008607335970495178,0
2024-04-30,TCS.NS,0.21022392364951314,-0.014356552208520057,0.22785163982091916,0.06149916020263319,0.001231673618907303,-0.032198413235943635,-0.008607335970495178,0
2024-04-30,HDFCBANK.NS,-0.08892369683543,0.04986526611447317,-0.13219692795777305,0.05464320683711821,0.03934903012887481,0.0212907069289221,-0.008607335970495178,1
2024-04-30,INFY.NS,0.16406115780364416,-0.051733930094411185,0.22756807898814757,0.06672498236444983,-0.1447107048984655,0.010206735987563498,-0.008607335970495178,1
2024-04-30,ICICIBANK.NS,0.2639560095469142,0.05222713074945684,0.2012197486740832,0.05623939828638804,0.11890284446034127,-0.025512788641617656,-0.008607335970495178,0
2024-04-30,HINDUNILVR.NS,-0.07819200717829367,-0.01497116512027774,-0.06418171714306764,0.0462006054377588,-0.1011867799483307,0.044206284912479576,-0.008607335970495178,1
2024-04-30,BHARTIARTL.NS,0.6619217710211571,0.07626566930628398,0.5441557028315906,0.058165574370937605,0.12949522084431675,0.038153254038073126,-0.008607335970495178,1
2024-04-30,ITC.NS,0.06270303156099222,0.017041954593625563,0.04489596202116486,0.05232345011271191,0.0016952228139821557,-0.0211178409486259,-0.008607335970495178,0
2024-04-30,LT.NS,0.5374709688166155,-0.04505961428129812,0.6100177475052464,0.06540745506485553,0.03291905805456552,0.020866403347988616,-0.008607335970495178,1
2024-04-30,KOTAKBANK.NS,-0.16138009148760313,-0.09047876859467963,-0.07795455503921811,0.06098454007086022,-0.11028612158372186,0.03476081393186159,-0.008607335970495178,1
2024-04-30,AXISBANK.NS,0.3570812231685596,0.11334990595730599,0.21891708609045324,0.0672499174066038,0.09192230349055319,-0.003216284178197415,-0.008607335970495178,1
2024-04-30,SBIN.NS,0.456520967674259,0.0982255721140104,0.32624936502849233,0.06941373421974203,0.2900077734943116,0.02181508621214756,-0.008607335970495178,1
2024-04-30,BAJFINANCE.NS,0.10714293469002723,-0.044401565122693,0.15858596485895005,0.07270927584601239,0.008837349723190835,-0.032620430833053216,-0.008607335970495178,0
2024-04-30,ASIANPAINT.NS,-0.0007735465801219643,0.010239713095145486,-0.010901630110664806,0.04410396658962409,-0.027705998260527442,0.0018429347470918511,-0.008607335970495178,1
2024-04-30,MARUTI.NS,0.506262839975381,0.01723378338420778,0.480744018316257,0.056273490396459395,0.2582336076882905,-0.03262731566691568,-0.008607335970495178,0
2024-04-30,HCLTECH.NS,0.3178290885670345,-0.11463838686497085,0.4884642263861607,0.07092521207897724,-0.13286803936023917,-0.018091847803967886,-0.008607335970495178,0
2024-04-30,SUNPHARMA.NS,0.5349623111010315,-0.07309247300469823,0.6560037181668197,0.05384267142605134,0.06500936594447859,-0.028160523289591954,-0.008607335970495178,0
2024-04-30,TITAN.NS,0.3630140999283864,-0.05590780891403224,0.443729873838425,0.05528380540053506,-0.029289704857175303,-0.09677506349911691,-0.008607335970495178,0
2024-04-30,ULTRACEMCO.NS,0.32572262427979726,0.022842969792932655,0.2961154971306892,0.06035685479938006,-0.019228286103098235,-0.005650816984214546,-0.008607335970495178,1
2024-04-30,WIPRO.NS,0.2036002704905946,-0.03686736159609316,0.24967239453663237,0.07453845231330576,-0.032939473668622266,-0.052335556881996426,-0.008607335970495178,0
2024-04-30,ADANIENT.NS,0.5876671398819933,-0.044540397461944714,0.6616789822034967,0.10642565670712684,-0.027784854958241567,0.11675451589173447,-0.008607335970495178,1
2024-04-30,NESTLEIND.NS,0.16218976495587567,-0.04383477776161582,0.21546960496553913,0.05755395827504204,0.00338282480128016,-0.06081999727941423,-0.008607335970495178,0
2024-04-30,POWERGRID.NS,0.7925504916265749,0.09010484935633589,0.6443835587787776,0.07791320398276584,0.1835586363861581,0.0270001148403185,-0.008607335970495178,1
2024-04-30,NTPC.NS,1.1829601095865847,0.08159630250309569,1.0182762316537568,0.07789739768622173,0.15510663518810008,-0.01156385495677581,-0.008607335970495178,0
2024-04-30,TECHM.NS,0.28025162354064115,0.012338604330994318,0.2646476367328674,0.07304083235981246,-0.052600133777218394,-0.02774033922816388,-0.008607335970495178,0
2024-04-30,BAJAJFINSV.NS,0.1928181252249177,-0.01755025043908154,0.21412634667372865,0.059202514850202524,-0.007558530000377761,-0.05349844498422285,-0.008607335970495178,0
2024-04-30,JSWSTEEL.NS,0.22144751622592795,0.06263545197413767,0.14945112546052663,0.06824991732602273,0.07762773540321533,-0.0018702933293360813,-0.008607335970495178,1
2024-04-30,ONGC.NS,0.8648243737973103,0.05521358110011887,0.7672482682161152,0.08816927928193523,0.13771955582292605,-0.06540558900193105,-0.008607335970495178,0
2024-04-30,TATASTEEL.NS,0.5783726251037118,0.05871022802767811,0.4908447876659676,0.0791134788574778,0.21368146974020186,0.013333249664641444,-0.008607335970495178,1
2024-04-30,COALINDIA.NS,1.0979418318198508,0.04653294338059988,1.0046591414914285,0.09611850022772012,0.131437483721216,0.08122399039885275,-0.008607335970495178,1
2024-04-30,HINDALCO.NS,0.48729121278140886,0.15020089682851867,0.29307081648289324,0.08175126317599944,0.11228115527197091,0.06975469732607831,-0.008607335970495178,1
2024-04-30,GRASIM.NS,0.41518372990857255,0.05436543884733647,0.3422136934379161,0.06318514891448117,0.10880461913102013,-0.03955801729324604,-0.008607335970495178,0
2024-04-30,ADANIPORTS.NS,0.9577380874367074,-0.012631742266223989,0.9827841052234556,0.09657039902655036,0.09708949506840181,0.08491208045010978,-0.008607335970495178,1
2024-04-30,DRREDDY.NS,0.26835894046243025,0.007535142728139377,0.2588731515885876,0.06139453958666266,0.013584103637208411,-0.06647815751256347,-0.008607335970495178,0
2024-04-30,CIPLA.NS,0.5542696516691357,-0.06476501836405057,0.6619028182097582,0.07212312944394815,0.036269421462638674,0.03371419603002934,-0.008607335970495178,1
2024-04-30,BRITANNIA.NS,0.04884103956039798,-0.027548919113447146,0.07855403749893797,0.051436192549464195,-0.08126526774789389,0.08455904688187088,-0.008607335970495178,1
2024-04-30,EICHERMOT.NS,0.4080590162739237,0.14383091180502428,0.23100276600492786,0.07969692808594898,0.19736423604028985,0.029592981338596447,-0.008607335970495178,1
2024-04-30,HEROMOTOCO.NS,0.834925652937448,-0.037958264009263276,0.9073243751195386,0.07555304630571054,0.004555847291829451,0.12690835869694927,-0.008607335970495178,1
2024-04-30,BPCL.NS,0.7984828962572759,0.008217013964231912,0.7838251798447431,0.09626929099159466,0.209017489163571,0.03367097950065778,-0.008607335970495178,1
2024-04-30,INDUSINDBK.NS,0.32922261523111374,-0.024018063836023562,0.36193362395161044,0.07073194765500325,-0.011961827198008756,-0.035528095814745586,-0.008607335970495178,0
2024-04-30,APOLLOHOSP.NS,0.321185531717066,-0.06445056445299757,0.412202799250889,0.07223917176034107,-0.06303925457704984,-0.01814337606521832,-0.008607335970495178,0
2024-04-30,TATACONSUM.NS,0.46677456658007466,0.011083739251769753,0.4506954366267715,0.06465157752513434,-0.00863149484435033,-0.0368026563906777,-0.008607335970495178,0
2024-04-30,SBILIFE.NS,0.2622843045201282,-0.0424596640253172,0.31825705622650946,0.06419280946153814,0.027106479859895005,-0.034909931799635086,-0.008607335970495178,0
2024-04-30,HDFCLIFE.NS,0.10537886660738804,-0.07847152125494394,0.19950592098108655,0.06239586877625963,0.012226910428793314,-0.05791152063433713,-0.008607335970495178,0
2024-05-31,RELIANCE.NS,0.2593256505422461,-0.024948846833390714,0.29154829103316016,0.056041375684943044,-0.020810588273225794,0.0943792182514318,0.058600989351138,1
2024-05-31,TCS.NS,0.14624343155542352,-0.032198413235943635,0.1843785412545207,0.06268483034898677,-0.09705960975550831,0.06352568561976035,0.058600989351138,1
2024-05-31,HDFCBANK.NS,-0.03624548072040035,0.0212907069289221,-0.05633673865723976,0.05928274125753493,0.10621630069896693,0.09940909412932042,0.058600989351138,1
2024-05-31,INFY.NS,0.1174707936671402,0.010206735987563498,0.10618030335614104,0.0656339228764654,-0.1426912606664733,0.11361857488008464,0.058600989351138,1
2024-05-31,ICICIBANK.NS,0.19083155158550413,-0.025512788641617656,0.22200839344576884,0.057199551753492055,0.06543441312150278,0.07006821287232712,0.058600989351138,1
2024-05-31,HINDUNILVR.NS,-0.11330870850991392,0.044206284912479576,-0.15084662455905018,0.052532793657261316,-0.034510613292598746,0.07217275309265059,0.058600989351138,1
2024-05-31,BHARTIARTL.NS,0.6226093718395653,0.038153254038073126,0.5629767238393284,0.061807210169619896,0.22201466964431704,0.05193944275526574,0.058600989351138,0
2024-05-31,ITC.NS,-0.02815244213623591,-0.0211178409486259,-0.007186361629501148,0.056935059110064974,0.04959391429832638,0.014730955318940087,0.058600989351138,0
2024-05-31,LT.NS,0.6825198510716948,0.020866403347988616,0.6481293199127494,0.07327585517588175,0.055139431168623965,-0.025333550735835098,0.058600989351138,0
2024-05-31,KOTAKBANK.NS,-0.16509857175508302,0.03476081393186159,-0.1931454912053765,0.0682452272979567,-0.005356780286918217,0.07266127311897486,0.058600989351138,1
2024-05-31,AXISBANK.NS,0.27161400678386327,-0.003216284178197415,0.27571707542942314,0.06552933021995049,0.08096929879779324,0.08871474188650041,0.058600989351138,1
2024-05-31,SBIN.NS,0.4560225650494145,0.02181508621214756,0.4249374321207837,0.06975250822140995,0.12855860006085917,0.022400211147318716,0.058600989351138,0
2024-05-31,BAJFINANCE.NS,-0.03772472622997658,-0.032620430833053216,-0.005276414304799637,0.07254209790513515,0.0311530330950911,0.06772039649317008,0.058600989351138,1
2024-05-31,ASIANPAINT.NS,-0.09004228637121381,0.0018429347470918511,-0.09171619415722232,0.05154522875653093,0.021014092300464027,0.02223869500879183,0.058600989351138,0
2024-05-31,MARUTI.NS,0.3360785253550431,-0.03262731566691568,0.38114146387764514,0.06238365385684857,0.0984157033364621,-0.029473458176499823,0.058600989351138,0
2024-05-31,HCLTECH.NS,0.2024554173549955,-0.018091847803967886,0.22461089121799271,0.06946030261399586,-0.19351157619123616,0.10233369046595397,0.058600989351138,1
2024-05-31,SUNPHARMA.NS,0.510549218993428,-0.028160523289591954,0.5543196743833718,0.05605754544089439,-0.0748755941792606,0.04182075824475873,0.058600989351138,0
2024-05-31,TITAN.NS,0.1520068625579143,-0.09677506349911691,0.275437397710496,0.06300882894926223,-0.10553466525440791,0.05349913555841468,0.058600989351138,0
2024-05-31,ULTRACEMCO.NS,0.26566141385467623,-0.005650816984214546,0.2728540793044365,0.06098718813170676,0.0023350422932861825,0.17673334604847413,0.058600989351138,1
2024-05-31,WIPRO.NS,0.08790926792293874,-0.052335556881996426,0.1479899618724767,0.0754600511471826,-0.1550326553503637,0.17492001160765924,0.058600989351138,1
2024-05-31,ADANIENT.NS,0.36884205274909565,0.11675451589173447,0.22573227443460842,0.11081908721414278,0.038336270964369534,-0.06828906226048503,0.058600989351138,0
2024-05-31,NESTLEIND.NS,0.0959523379403473,-0.06081999727941423,0.16692469469710658,0.06173093217285721,-0.09294350413855401,0.08354919785575743,0.058600989351138,1
2024-05-31,POWERGRID.NS,0.8677153965125382,0.0270001148403185,0.8186126462146861,0.08799282014488219,0.09598717500856035,0.06758067558269287,0.058600989351138,1
2024-05-31,NTPC.NS,1.1347555376872638,-0.01156385495677581,1.1597303461559583,0.08245146623312403,0.06972594120787035,0.05389974971492051,0.058600989351138,0
2024-05-31,TECHM.NS,0.142250162823367,-0.02774033922816388,0.17484064073642913,0.07410286856520089,-0.03564003308197594,0.16435344280023312,0.058600989351138,1
2024-05-31,BAJAJFINSV.NS,0.053999218704444685,-0.05349844498422285,0.11357367890100911,0.059190895694836675,-0.04090854162730617,0.039612650861803544,0.058600989351138,0
2024-05-31,JSWSTEEL.NS,0.26993965445081236,-0.0018702933293360813,0.2723192646843371,0.07326171085136401,0.10054997615251349,0.05786155609909627,0.058600989351138,0
2024-05-31,ONGC.NS,0.788422531566981,-0.06540558900193105,0.9135814536458602,0.09082419985179825,-0.0009448276956907087,0.037261352755560084,0.058600989351138,0
2024-05-31,TATASTEEL.NS,0.6319198115532321,0.013333249664641444,0.6104473154249201,0.08626879282082302,0.18707840122756303,0.06169805433754827,0.058600989351138,1
2024-05-31,COALINDIA.NS,1.1917153141271046,0.08122399039885275,1.0270687050872804,0.09793792503923669,0.12479967418515892,-0.03674683679101576,0.058600989351138,0
2024-05-31,HINDALCO.NS,0.7094139539790463,0.06975469732607831,0.5979494722031489,0.08737897946056061,0.3681651442576155,0.006092743936027656,0.058600989351138,0
2024-05-31,GRASIM.NS,0.36074435296985596,-0.03955801729324604,0.4167897462530268,0.06762311954854598,0.05697265434712229,0.15291949428600105,0.058600989351138,1
2024-05-31,ADANIPORTS.NS,0.958534775207444,0.08491208045010978,0.805247457835371,0.10041537943892136,0.08852718181284724,0.03272689687763464,0.058600989351138,0
2024-05-31,DRREDDY.NS,0.2968403146598033,-0.06647815751256347,0.3891911850763754,0.06498536848257143,-0.09843949340159275,0.10540681873751079,0.058600989351138,1
2024-05-31,CIPLA.NS,0.5308086652363015,0.03371419603002934,0.4808819218265157,0.07367559182246163,-0.022393403646740362,0.023217319954069726,0.058600989351138,0
2024-05-31,BRITANNIA.NS,0.11224924276099535,0.08455904688187088,0.025531293993382942,0.05835533871642954,0.04322075414912829,0.05709678171468058,0.058600989351138,0
2024-05-31,EICHERMOT.NS,0.30331189751565524,0.029592981338596447,0.26585157546547267,0.07584573755364729,0.24814123391501242,-0.012781529027083849,0.058600989351138,0
2024-05-31,HEROMOTOCO.NS,0.9169734449800264,0.12690835869694927,0.7010908031569079,0.07486512607452527,0.15657976199962942,0.089850661687364,0.058600989351138,1
2024-05-31,BPCL.NS,0.8288650861482045,0.03367097950065778,0.7692913145648013,0.10334167716722713,0.03966223053735951,-0.03169806400919872,0.058600989351138,0
2024-05-31,INDUSINDBK.NS,0.1486765957545857,-0.035528095814745586,0.19099021005172734,0.07304131788034353,-0.008848074908546,0.012934665745130136,0.058600989351138,0
2024-05-31,APOLLOHOSP.NS,0.26683275220792857,-0.01814337606521832,0.29024209984051197,0.06719945193788934,-0.04300517942919091,0.05934042260317973,0.058600989351138,1
2024-05-31,TATACONSUM.NS,0.3367053026849862,-0.0368026563906777,0.3877792661637163,0.06946209766685173,-0.1029286830056726,0.035086014088455464,0.058600989351138,0
2024-05-31,SBILIFE.NS,0.12460754497182203,-0.034909931799635086,0.1652876576265203,0.06255783331003124,-0.10541342061867187,0.07613224926542017,0.058600989351138,1
2024-05-31,HDFCLIFE.NS,-0.06868754427224999,-0.05791152063433713,-0.01143844115912418,0.06574636948313245,-0.05524062266704299,0.08588455347044,0.058600989351138,1
2024-06-30,RELIANCE.NS,0.3347578254971235,0.0943792182514318,0.21964836615753902,0.06980379025322979,0.05353840306939195,-0.03831293196769092,0.05426862561919488,0
2024-06-30,TCS.NS,0.20538789345821917,0.06352568561976035,0.13338860523691976,0.05871523364753926,0.01450490754621625,0.12586238637968217,0.05426862561919488,1
2024-06-30,HDFCBANK.NS,0.003169740904289009,0.09940909412932042,-0.0875373450510234,0.06723667567136409,0.17880582409317824,-0.04041455056372545,0.05426862561919488,0
2024-06-30,INFY.NS,0.2121171234871837,0.11361857488008464,0.08844908914859428,0.06371974568432419,0.06678509105909103,0.19243651158617103,0.05426862561919488,1
2024-06-30,ICICIBANK.NS,0.29410904942169824,0.07006821287232712,0.20937061194256978,0.06433769563343202,0.09722855836827482,0.012754221327048842,0.05426862561919488,0
2024-06-30,HINDUNILVR.NS,-0.06074770551488462,0.07217275309265059,-0.1239729868382965,0.060938490742333457,0.10280826703455315,0.09405383490442154,0.05426862561919488,1
2024-06-30,BHARTIARTL.NS,0.650848502107503,0.05193944275526574,0.5693379628237534,0.07161775278957346,0.1753621372054257,0.032893652434345055,0.05426862561919488,0
2024-06-30,ITC.NS,-0.027156828535033206,0.014730955318940087,-0.0412796945184426,0.05601913837685569,0.010229836464596964,0.16580364965245997,0.05426862561919488,1
2024-06-30,LT.NS,0.46110384230795187,-0.025333550735835098,0.49908088393832384,0.08944940096383559,-0.04983027440153953,0.0751173425276821,0.05426862561919488,1
2024-06-30,KOTAKBANK.NS,-0.023051535064270712,0.07266127311897486,-0.08922929407616398,0.07410227014247699,0.00952113718836567,0.004095078863314949,0.05426862561919488,0
2024-06-30,AXISBANK.NS,0.2826382898868429,0.08871474188650041,0.1781215414281212,0.07773662995270582,0.20822193165059444,-0.07765268009336213,0.05426862561919488,0
2024-06-30,SBIN.NS,0.5068284879946292,0.022400211147318716,0.47381472691960225,0.08931577620143853,0.14732060404745217,0.027622357210684845,0.05426862561919488,0
2024-06-30,BAJFINANCE.NS,-0.0013028221549927776,0.06772039649317008,-0.06464540611461889,0.07975121131813494,-0.01297107528413255,-0.04336975867513415,0.05426862561919488,0
2024-06-30,ASIANPAINT.NS,-0.1224356601741381,0.02223869500879183,-0.1415269798426928,0.05426488115140385,0.034609335963504906,0.057386770356395944,0.05426862561919488,1
2024-06-30,MARUTI.NS,0.24088589724093423,-0.029473458176499823,0.278569769879206,0.06564495689926679,-0.04495900922748086,0.08990888118053286,0.05426862561919488,1
2024-06-30,HCLTECH.NS,0.2776952233986174,0.10233369046595397,0.15908207691496612,0.06490751646662121,-0.04169305655937239,0.13400533376237234,0.05426862561919488,1
2024-06-30,SUNPHARMA.NS,0.4596130010832684,0.04182075824475873,0.4010212308904255,0.06128716690915212,-0.061522312241959254,0.13410405342972953,0.05426862561919488,1
2024-06-30,TITAN.NS,0.12427754126019219,0.05349913555841468,0.06718411369579425,0.06852549812879723,-0.10165220068866732,0.016083064554532234,0.05426862561919488,0
2024-06-30,ULTRACEMCO.NS,0.41308994113721087,0.17673334604847413,0.20085824531312313,0.06951915583647424,0.1968120311120778,0.024836903553845602,0.05426862561919488,0
2024-06-30,WIPRO.NS,0.32583323817893084,0.17492001160765924,0.12844553253014634,0.0736609903980628,0.07238069509081413,0.013887558360152097,0.05426862561919488,0
2024-06-30,ADANIENT.NS,0.33160177042428307,-0.06828906226048503,0.4292005347226786,0.11574680719502779,-0.005851547702266258,-0.002439272283768723,0.05426862561919488,0
2024-06-30,NESTLEIND.NS,0.12417519525620224,0.08354919785575743,0.03749344974906532,0.06136885175381481,-0.026960623870647238,-0.03317308518499429,0.05426862561919488,0
2024-06-30,POWERGRID.NS,0.8274826693149073,0.06758067558269287,0.7117981910991924,0.10403254337445078,0.19519692671144218,0.05212277601882098,0.05426862561919488,0
2024-06-30,NTPC.NS,1.067834994729314,0.05389974971492051,0.9620794058340587,0.10136487237244345,0.1267125027801106,0.0995109006227839,0.05426862561919488,1
2024-06-30,TECHM.NS,0.31198870965545855,0.16435344280023312,0.12679592074736967,0.0758704773546474,0.1460218482630693,0.10686032093823261,0.05426862561919488,1
2024-06-30,BAJAJFINSV.NS,0.040020899928595366,0.039612650861803544,0.00039269343870840245,0.06590555439150773,-0.03327436786202154,0.03998365399500092,0.05426862561919488,0
2024-06-30,JSWSTEEL.NS,0.19192604227001597,0.05786155609909627,0.12673159866522377,0.08373079533184331,0.1220187564231845,0.004317126974147545,0.05426862561919488,0
2024-06-30,ONGC.NS,0.7925702915971422,0.037261352755560084,0.7281761118690571,0.11614123360017954,0.022943739000798713,0.2188181629890864,0.05426862561919488,1
2024-06-30,TATASTEEL.NS,0.5849635433896669,0.06169805433754827,0.4928571611432524,0.09786430212310193,0.13901756968080203,-0.04988220603059901,0.05426862561919488,0
2024-06-30,COALINDIA.NS,1.2048542514692282,-0.03674683679101576,1.2889665310041347,0.11073317433373871,0.089956137113957,0.10366696800287745,0.05426862561919488,1
2024-06-30,HINDALCO.NS,0.6583408344382924,0.006092743936027656,0.6482981757233883,0.0957762156729464,0.2379295243065076,-0.03453258538483339,0.05426862561919488,0
2024-06-30,GRASIM.NS,0.5540868804935153,0.15291949428600105,0.3479578480507486,0.07223595544359769,0.1675118033080234,0.03980613063063276,0.05426862561919488,0
2024-06-30,ADANIPORTS.NS,1.0215370564602444,0.03272689687763464,0.9574749748187994,0.11563733083667453,0.10626505625899707,0.06210679362687199,0.05426862561919488,1
2024-06-30,DRREDDY.NS,0.2505655346800928,0.10540681873751079,0.13131700789431378,0.06299891531741579,0.039697085235539165,0.06062222083254798,0.05426862561919488,1
2024-06-30,CIPLA.NS,0.4708210055195403,0.023217319954069726,0.43744733092043697,0.07498406033569784,-0.010788614812240693,0.042882271562989294,0.05426862561919488,0
2024-06-30,BRITANNIA.NS,0.08975930170166335,0.05709678171468058,0.030898325065375598,0.05945932424501518,0.1148994864174171,0.05641447521956877,0.05426862561919488,1
2024-06-30,EICHERMOT.NS,0.3196635312497307,-0.012781529027083849,0.33674923033924387,0.07174042245310511,0.16262772396661362,0.062005975066362184,0.05426862561919488,1
2024-06-30,HEROMOTOCO.NS,0.9813834456700301,0.089850661687364,0.8180320619362185,0.07934411429027668,0.18154292976254838,-0.016336273933093448,0.05426862561919488,0
2024-06-30,BPCL.NS,0.7650668180822384,-0.03169806400919872,0.8228475566106956,0.11733366678387135,0.00913006600740296,0.15166967025385936,0.05426862561919488,1
2024-06-30,INDUSINDBK.NS,0.07718949526046592,0.012934665745130136,0.06343432768989987,0.08736663219674534,-0.04651735014569458,-0.025059714012888312,0.05426862561919488,0
2024-06-30,APOLLOHOSP.NS,0.2166431092266876,0.05934042260317973,0.14849115852386596,0.06394565576482991,-0.026915936649028804,0.06945043849744437,0.05426862561919488,1
2024-06-30,TATACONSUM.NS,0.283559246413682,0.035086014088455464,0.24005080635162823,0.07233522714272744,0.008042499640516176,0.08337515795588368,0.05426862561919488,1
2024-06-30,SBILIFE.NS,0.14364502967567994,0.07613224926542017,0.06273650887829496,0.06829220015590161,-0.005532555848633658,0.1754081731578676,0.05426862561919488,1
2024-06-30,HDFCLIFE.NS,-0.08311792293132925,0.08588455347044,-0.155635767965982,0.0647133517374789,-0.05727698574535567,0.20242007523843064,0.05426862561919488,1
2024-07-31,RELIANCE.NS,0.18524490471874633,-0.03831293196769092,0.2324642226331015,0.06282379224658004,0.026192919340494836,0.006193434741885939,0.014584055077858427,0
2024-07-31,TCS.NS,0.30642374353880864,0.12586238637968217,0.16037604537064132,0.061142508907725525,0.15882971551546388,0.03840074961333961,0.014584055077858427,1
2024-07-31,HDFCBANK.NS,-0.008106902134100813,-0.04041455056372545,0.03366833922774082,0.061217880713541256,0.0774381751831501,0.013089967790980817,0.014584055077858427,0
2024-07-31,INFY.NS,0.4238366732148715,0.19243651158617103,0.194056588657197,0.056241568752743276,0.3414731718928723,0.04038539220733828,0.014584055077858427,1
2024-07-31,ICICIBANK.NS,0.22698606534067145,0.012754221327048842,0.21153389391249022,0.06165117191656369,0.05606747989532024,0.020480582126679803,0.014584055077858427,1
2024-07-31,HINDUNILVR.NS,0.07468266267712242,0.09405383490442154,-0.017705867489593463,0.05433585147956305,0.2248693347751356,0.026740477570617927,0.014584055077858427,1
2024-07-31,BHARTIARTL.NS,0.6837862853204879,0.032893652434345055,0.6301642297366294,0.0709309483871119,0.12799666983121316,0.0713053085796953,0.014584055077858427,1
2024-07-31,ITC.NS,0.09980575793645596,0.16580364965245997,-0.056611498630733226,0.05841800768542207,0.1579951299145912,0.013222937769878929,0.014584055077858427,0
2024-07-31,LT.NS,0.45029089937917544,0.0751173425276821,0.3489605664526183,0.08696333293545,0.06974630627528122,-0.02892528806794481,0.014584055077858427,0
2024-07-31,KOTAKBANK.NS,-0.024334569601874967,0.004095078863314949,-0.028313701624126608,0.07534554839207057,0.1144931760340715,-0.014989681111533204,0.014584055077858427,0
2024-07-31,AXISBANK.NS,0.2233985466289814,-0.07765268009336213,0.32639681411208166,0.07634124550682479,0.000943418189933265,0.007846690053175953,0.014584055077858427,0
2024-07-31,SBIN.NS,0.43023187093659354,0.027622357210684845,0.39178742161539515,0.08808366062398183,0.07356114585650197,-0.06510776513294347,0.014584055077858427,0
2024-07-31,BAJFINANCE.NS,-0.06289853249241928,-0.04336975867513415,-0.020414129695752847,0.07544652365256635,-0.011905331796827956,0.057764477861241614,0.014584055077858427,1
2024-07-31,ASIANPAINT.NS,-0.07627873507907978,0.057386770356395944,-0.12641117629117227,0.05506994766103355,0.08289370349865988,0.013730136671433746,0.014584055077858427,0
2024-07-31,MARUTI.NS,0.348087055485387,0.08990888118053286,0.23688051245642572,0.06964608241992158,0.02327279602478005,-0.045414579826988044,0.014584055077858427,0
2024-07-31,HCLTECH.NS,0.5281752977788989,0.13400533376237234,0.3475909259692458,0.06021465569119522,0.22743652889483035,0.06736279009227686,0.014584055077858427,1
2024-07-31,SUNPHARMA.NS,0.5170845361993412,0.13410405342972953,0.3376943073357437,0.058163120902316866,0.1482605532290051,0.05949926935909877,0.014584055077858427,1
2024-07-31,TITAN.NS,0.15519641534030226,0.016083064554532234,0.13691139596619473,0.07337926089759393,-0.03314952334251353,0.030702958206554776,0.014584055077858427,1
2024-07-31,ULTRACEMCO.NS,0.43754239838293096,0.024836903553845602,0.40270358473425283,0.06736753355402318,0.19914510078628633,-0.049237831809845756,0.014584055077858427,0
2024-07-31,WIPRO.NS,0.2914782270544525,0.013887558360152097,0.273788416087551,0.0777735191822849,0.12889274148159502,0.031417712456046853,0.014584055077858427,1
2024-07-31,ADANIENT.NS,0.2722250847018901,-0.002439272283768723,0.27533597640161966,0.11080549260580029,0.0379543529602997,-0.047343325038168294,0.014584055077858427,0
2024-07-31,NESTLEIND.NS,0.10331594137529221,-0.03317308518499429,0.1411721420544052,0.05783987468772248,-0.016110776530505855,0.01807557562359441,0.014584055077858427,1
2024-07-31,POWERGRID.NS,0.8439619432346799,0.05212277601882098,0.7526109929984961,0.10171873746702882,0.15355317349822517,-0.02296025256446399,0.014584055077858427,0
2024-07-31,NTPC.NS,0.9695569048198776,0.0995109006227839,0.7913027544377078,0.09979041027711949,0.14537436547048888,0.008377701775732938,0.014584055077858427,0
2024-07-31,TECHM.NS,0.43457233852678456,0.10686032093823261,0.2960735075504073,0.06764568457872777,0.2530255246059383,0.05281773364715914,0.014584055077858427,1
2024-07-31,BAJAJFINSV.NS,0.034031119579877034,0.03998365399500092,-0.0057236807446519045,0.06397151440799081,0.02333870589392606,0.07955683521585177,0.014584055077858427,1
2024-07-31,JSWSTEEL.NS,0.14541951631948247,0.004317126974147545,0.14049585091758288,0.08411976921904733,0.06044142586112766,0.013843254346566525,0.014584055077858427,0
2024-07-31,ONGC.NS,0.9781207294854646,0.2188181629890864,0.6229826479072391,0.11164260642420894,0.1815450740411253,-0.0026356420051719676,0.014584055077858427,0
2024-07-31,TATASTEEL.NS,0.3695576013124704,-0.04988220603059901,0.4414608483341147,0.0961433667683344,0.022187971692307018,-0.07602974836479859,0.014584055077858427,0
2024-07-31,COALINDIA.NS,1.4520007259202168,0.10366696800287745,1.2216853425967749,0.10650139110318833,0.14946079119002453,0.015324855809150328,0.014584055077858427,1
2024-07-31,HINDALCO.NS,0.4569219858938469,-0.03453258538483339,0.509032789547406,0.09382041990999117,0.03910596888203788,0.05342078669796724,0.014584055077858427,1
2024-07-31,GRASIM.NS,0.5156430693533562,0.03980613063063276,0.45762082440707763,0.07238271398070947,0.15139010245866324,-0.024319330687799234,0.014584055077858427,0
2024-07-31,ADANIPORTS.NS,1.026914871065706,0.06210679362687199,0.9083908352984134,0.11190168258923096,0.19000344866413776,-0.05605454763522344,0.014584055077858427,0
2024-07-31,DRREDDY.NS,0.20388898601513494,0.06062222083254798,0.1350780347314693,0.05723159241350693,0.09447877773251045,0.04160435044776234,0.014584055077858427,1
2024-07-31,CIPLA.NS,0.3142978946268282,0.042882271562989294,0.2602552852462079,0.06963422677882246,0.10307145979079246,0.0807044693695238,0.014584055077858427,1
2024-07-31,BRITANNIA.NS,0.20661452563954752,0.05641447521956877,0.14217909158122866,0.05691979906747549,0.21116216436559787,0.025415082490641394,0.014584055077858427,1
2024-07-31,EICHERMOT.NS,0.4908561183898248,0.062005975066362184,0.40381142233843326,0.0669941125762025,0.07945814096062565,0.010631670616526812,0.014584055077858427,0
2024-07-31,HEROMOTOCO.NS,0.7507015065423595,-0.016336273933093448,0.7797764217070262,0.07477687771148013,0.20809823245488457,0.001275509597743918,0.014584055077858427,0
2024-07-31,BPCL.NS,0.9638481244966774,0.15166967025385936,0.7052182368089903,0.11832337249154001,0.15271263454718054,0.05443838923943911,0.014584055077858427,1
2024-07-31,INDUSINDBK.NS,0.018269239558671657,-0.025059714012888312,0.04444267427895854,0.07724572975007099,-0.04753498718799676,-0.001785998557863877,0.014584055077858427,0
2024-07-31,APOLLOHOSP.NS,0.2822139446708929,0.06945043849744437,0.19894657902275203,0.06569403373171497,0.11235722956436689,0.04880331380773262,0.014584055077858427,1
2024-07-31,TATACONSUM.NS,0.3931654906400113,0.08337515795588368,0.2859492673513404,0.0729528532831437,0.08011647292682578,0.009420138530110478,0.014584055077858427,0
2024-07-31,SBILIFE.NS,0.37019851300887563,0.1754081731578676,0.16572144409008294,0.06676244492682137,0.22073725552783063,0.05511363945876124,0.014584055077858427,1
2024-07-31,HDFCLIFE.NS,0.10989145783088272,0.20242007523843064,-0.07695198983533302,0.06492249715081093,0.23007492863676315,0.03242487300947383,0.014584055077858427,1
2024-08-31,RELIANCE.NS,0.2586195850525568,0.006193434741885939,0.25087238854368454,0.0641623361442452,0.05896862422620175,-0.021892888198750238,0.037207260962299205,0
2024-08-31,TCS.NS,0.38271858577029394,0.03840074961333961,0.33158473381800335,0.05989050675006436,0.24336399291194222,-0.0626408813099878,0.037207260962299205,0
2024-08-31,HDFCBANK.NS,0.05587373867963974,0.013089967790980817,0.04223096886641575,0.06255800885353727,0.0687865842580686,0.05812814747457162,0.037207260962299205,1
2024-08-31,INFY.NS,0.39903936504439397,0.04038539220733828,0.3447318421840928,0.058927074716870774,0.38154799642176385,-0.03503621900587961,0.037207260962299205,0
2024-08-31,ICICIBANK.NS,0.29312322001496627,0.020480582126679803,0.26717082388779945,0.059475150987117024,0.10591123627613541,0.03563301407064867,0.037207260962299205,0
2024-08-31,HINDUNILVR.NS,0.12797666984341527,0.026740477570617927,0.09859959209198954,0.05461656223605426,0.2043816858026628,0.06490281008306442,0.037207260962299205,1
2024-08-31,BHARTIARTL.NS,0.865839956247431,0.0713053085796953,0.741650994636726,0.069946979068218,0.16401775532659357,0.07583146617917325,0.037207260962299205,1
2024-08-31,ITC.NS,0.18024104693224619,0.013222937769878929,0.16483846045765316,0.056027389519686416,0.19861948305638366,0.032377000444911985,0.037207260962299205,0
2024-08-31,LT.NS,0.38149693317379785,-0.02892528806794481,0.4226474196049905,0.08679018744508961,0.01757054870239072,-0.007854977579537237,0.037207260962299205,0
2024-08-31,KOTAKBANK.NS,0.013647075641554762,-0.014989681111533204,0.029072544930699884,0.07222738029742075,0.060909211040755196,0.04107706380196774,0.037207260962299205,1
2024-08-31,AXISBANK.NS,0.20817354223672124,0.007846690053175953,0.19876718766916368,0.07193003177523451,0.012052559588143774,0.04845777196500367,0.037207260962299205,1
2024-08-31,SBIN.NS,0.47729123733255263,-0.06510776513294347,0.58017275386037,0.08443707221727816,-0.01776359298355057,-0.033962701434141596,0.037207260962299205,0
2024-08-31,BAJFINANCE.NS,0.010232711313066911,0.057764477861241614,-0.04493605858676797,0.07482788096896541,0.08041504503702535,0.06983874031388093,0.037207260962299205,1
2024-08-31,ASIANPAINT.NS,-0.02872632014211851,0.013730136671433746,-0.0418814192038891,0.05319147734662378,0.09574259993703871,0.06469876986289802,0.037207260962299205,1
2024-08-31,MARUTI.NS,0.25153956235739283,-0.045414579826988044,0.3110817910151613,0.0675341830170088,0.009746613445409835,0.06732236714345285,0.037207260962299205,1
2024-08-31,HCLTECH.NS,0.5539554754084284,0.06736279009227686,0.45588312599325675,0.06103736068738852,0.33425929422450484,0.02444017662958653,0.037207260962299205,0
2024-08-31,SUNPHARMA.NS,0.6533320457362586,0.05949926935909877,0.5604843661066181,0.05520639503778115,0.2518335037160939,0.057667567311822765,0.037207260962299205,1
2024-08-31,TITAN.NS,0.15215759707370635,0.030702958206554776,0.11783670348485775,0.07506821210452176,0.1033083855001764,0.07259160443213308,0.037207260962299205,1
2024-08-31,ULTRACEMCO.NS,0.3701707886865899,-0.049237831809845756,0.44112884854769807,0.06878410767212034,0.1465809149058972,0.044249215821327015,0.037207260962299205,1
2024-08-31,WIPRO.NS,0.32112693203447007,0.031417712456046853,0.2808844720036441,0.07794429128698531,0.2286627165162045,0.005664928597930441,0.037207260962299205,0
2024-08-31,ADANIENT.NS,0.24854009411879252,-0.047343325038168294,0.3105876722784895,0.11421997807160404,-0.11456445567740081,0.038584498342788986,0.037207260962299205,1
2024-08-31,NESTLEIND.NS,0.1522214162941884,0.01807557562359441,0.13176412820671657,0.05583400244931902,0.06654058288287801,0.07565729563334522,0.037207260962299205,1
2024-08-31,POWERGRID.NS,0.9224685121735976,-0.02296025256446399,0.9676461650813646,0.09608726180970596,0.09743639265649673,0.04579138592560872,0.037207260962299205,1
2024-08-31,NTPC.NS,0.9413136560579534,0.008377701775732938,0.9251850300133957,0.0975147958547256,0.16848212817577957,0.06487273959388995,0.037207260962299205,1
2024-08-31,TECHM.NS,0.40171228705774364,0.05281773364715914,0.3313912202085998,0.07083971144604774,0.3568468859135874,-0.03623583798269647,0.037207260962299205,0
2024-08-31,BAJAJFINSV.NS,0.19831750351686295,0.07955683521585177,0.11000872249330507,0.06728684879517853,0.16719543547957194,0.10675528624589403,0.037207260962299205,1
2024-08-31,JSWSTEEL.NS,0.21653558101471448,0.013843254346566525,0.19992471794743594,0.08888508294301138,0.07713594641432575,0.09451706065710108,0.037207260962299205,1
2024-08-31,ONGC.NS,1.000118305379114,-0.0026356420051719676,1.0054038319559497,0.11756705417242506,0.2609009109679059,-0.10022688084771558,0.037207260962299205,0
2024-08-31,TATASTEEL.NS,0.2680046012021451,-0.07602974836479859,0.37234353482494376,0.09873350761403944,-0.06795589927046586,0.10336476124054772,0.037207260962299205,1
2024-08-31,COALINDIA.NS,1.4382003748155014,0.015324855809150328,1.4013992771529344,0.10424181240104526,0.07940271621494532,-0.028193147834846832,0.037207260962299205,0
2024-08-31,HINDALCO.NS,0.5339143301637157,0.05342078669796724,0.45612688636218635,0.08810298723266234,0.023240028707827598,0.07820631469617201,0.037207260962299205,1
2024-08-31,GRASIM.NS,0.5187435753361853,-0.024319330687799234,0.5565990216930432,0.07074519730764066,0.16965843438073613,0.03583002358180942,0.037207260962299205,0
2024-08-31,ADANIPORTS.NS,0.878639325074086,-0.05605454763522344,0.9901990314882181,0.11413958359251604,0.03538191149911274,-0.022741094263372896,0.037207260962299205,0
2024-08-31,DRREDDY.NS,0.26126561079741073,0.04160435044776234,0.2108874259743836,0.059043315242013915,0.22119676741712113,-0.03978620076484407,0.037207260962299205,0
2024-08-31,CIPLA.NS,0.32707696048949764,0.0807044693695238,0.22797397262889652,0.06693279620451091,0.1532145550560322,-0.0004834626692268307,0.037207260962299205,0
2024-08-31,BRITANNIA.NS,0.3276173632419861,0.025415082490641394,0.29471214721878525,0.05558372192929373,0.145114186501055,0.08247297433728984,0.037207260962299205,1
2024-08-31,EICHERMOT.NS,0.5031655610696766,0.010631670616526812,0.48735251899703846,0.06768069025070537,0.059578497651858076,0.013254679251160306,0.037207260962299205,0
2024-08-31,HEROMOTOCO.NS,0.9259164505056792,0.001275509597743918,0.9234630549182252,0.07211387324037728,0.07341396841186887,0.04710933275348905,0.037207260962299205,1
2024-08-31,BPCL.NS,1.2701176070481313,0.05443838923943911,1.1529163109146237,0.10452415772558905,0.17587170166569033,0.03439131268325557,0.037207260962299205,0
2024-08-31,INDUSINDBK.NS,0.04565745321177683,-0.001785998557863877,0.04752833731153694,0.07509103332637465,-0.014212951619496983,0.01568144226341861,0.037207260962299205,0
2024-08-31,APOLLOHOSP.NS,0.44251401847501737,0.04880331380773262,0.37539040874870855,0.06047484834866418,0.18820194320203454,0.03921316359121607,0.037207260962299205,1
2024-08-31,TATACONSUM.NS,0.44834229695539096,0.009420138530110478,0.434826036920986,0.07292990287336139,0.13195008994198232,-0.002666380034057725,0.037207260962299205,0
2024-08-31,SBILIFE.NS,0.43408284495475025,0.05511363945876124,0.3591738286033226,0.06855885803912673,0.33460758839294225,-0.0034049159305267196,0.037207260962299205,0
2024-08-31,HDFCLIFE.NS,0.14961173517410908,0.03242487300947383,0.11350643056771847,0.06420883138984335,0.3480261990307436,-0.02802220473093331,0.037207260962299205,0
2024-09-30,RELIANCE.NS,0.2636131475934209,-0.021892888198750238,0.29189649308079635,0.061628914326706,-0.05354129057295076,-0.09787853303922045,-0.06536342439170773,0
2024-09-30,TCS.NS,0.23299920801745833,-0.0626408813099878,0.31539682436824434,0.055994021170729984,0.09586312052976909,-0.0680257861512884,-0.06536342439170773,0
2024-09-30,HDFCBANK.NS,0.15029940016438115,0.05812814747457162,0.08710783557718793,0.061745181137169015,0.028655460906747088,0.002107327860843,-0.06536342439170773,1
2024-09-30,INFY.NS,0.3500223154528519,-0.03503621900587961,0.39903936504439397,0.057076059139472224,0.19712782125203931,-0.05243219607155847,-0.06536342439170773,1
2024-09-30,ICICIBANK.NS,0.34883812774876066,0.03563301407064867,0.3024286686719566,0.06337671176510702,0.07032259545859687,0.0151217086502613,-0.06536342439170773,1
2024-09-30,HINDUNILVR.NS,0.2204048837252257,0.06490281008306442,0.14602466269201764,0.057496110058897015,0.19621529079559052,-0.1453706900942433,-0.06536342439170773,0
2024-09-30,BHARTIARTL.NS,0.8556530904810999,0.07583146617917325,0.7248548204966263,0.07067347650004001,0.1904553413184873,-0.056710837657586,-0.06536342439170773,1
2024-09-30,ITC.NS,0.20556747883696502,0.032377000444911985,0.16775894689383364,0.05222946815539681,0.21946332681222347,-0.05664379137303255,-0.06536342439170773,1
2024-09-30,LT.NS,0.22519653244048166,-0.007854977579537237,0.23489661768544723,0.08357111574918745,0.03581851577934958,-0.014487653545448231,-0.06536342439170773,1
2024-09-30,KOTAKBANK.NS,0.06929881330044507,0.04107706380196774,0.027108223281197663,0.07235151350716486,0.029671037884358098,-0.06626395480244607,-0.06536342439170773,0
2024-09-30,AXISBANK.NS,0.1894965708793055,0.04845777196500367,0.13452024743921642,0.07149214595727385,-0.025369703455448978,-0.05895952461949816,-0.06536342439170773,1
2024-09-30,SBIN.NS,0.33842260769062205,-0.033962701434141596,0.38547715463739585,0.08492102230249958,-0.07191235404539531,0.04099503352469602,-0.06536342439170773,1
2024-09-30,BAJFINANCE.NS,-0.008844245041651932,0.06983874031388093,-0.07354658453707519,0.07529735106470524,0.08255857488058216,-0.10557571566483415,-0.06536342439170773,0
2024-09-30,ASIANPAINT.NS,0.06520893829013508,0.06469876986289802,0.00047916691713911774,0.05497505101058827,0.14125575947729607,-0.11818516368438337,-0.06536342439170773,0
2024-09-30,MARUTI.NS,0.25940454363906773,0.06732236714345285,0.17996641165658067,0.06656946687215382,0.1104540671837031,-0.16328366204434053,-0.06536342439170773,0
2024-09-30,HCLTECH.NS,0.5111641986891282,0.02444017662958653,0.47511219606875055,0.06141684801261227,0.23997736698698469,-0.010288537257541308,-0.06536342439170773,1
2024-09-30,SUNPHARMA.NS,0.6776659711205089,0.057667567311822765,0.5861940206642431,0.05261377675321214,0.27087475084056534,-0.040379939569696655,-0.06536342439170773,1
2024-09-30,TITAN.NS,0.21838862266380765,0.07259160443213308,0.1359296657080067,0.07139014552291845,0.12330354287361756,-0.1456346776744195,-0.06536342439170773,0
2024-09-30,ULTRACEMCO.NS,0.43818363229111723,0.044249215821327015,0.3772417642276622,0.06751200320907592,0.017491537302675164,-0.06239196757532561,-0.06536342439170773,1
2024-09-30,WIPRO.NS,0.33630033960333083,0.005664928597930441,0.3287729357991662,0.08000657723790643,0.05166563754879605,0.019115319276302056,-0.06536342439170773,1
2024-09-30,ADANIENT.NS,0.2995883109837827,0.038584498342788986,0.25130724852668496,0.10204020086683346,-0.012998996398752127,-0.060143270667151305,-0.06536342439170773,1
2024-09-30,NESTLEIND.NS,0.21073278889741065,0.07565729563334522,0.12557484043701206,0.05346749769965919,0.05877256089273408,-0.1587390909723041,-0.06536342439170773,0
2024-09-30,POWERGRID.NS,0.8460628790452112,0.04579138592560872,0.7652305267472617,0.08841448269314868,0.07503774870692692,-0.09083184062073135,-0.06536342439170773,0
2024-09-30,NTPC.NS,0.8546756356343477,0.06487273959388995,0.7416875901449635,0.09242796450603913,0.1806481264784625,-0.07341333855814869,-0.06536342439170773,0
2024-09-30,TECHM.NS,0.3278852121729572,-0.03623583798269647,0.3778113614366958,0.0747023816558462,0.12309574903936915,0.02910187254385499,-0.06536342439170773,1
2024-09-30,BAJAJFINSV.NS,0.2820289421335056,0.10675528624589403,0.15836712782474138,0.06630049116558943,0.24257791325282185,-0.11282560128370567,-0.06536342439170773,0
2024-09-30,JSWSTEEL.NS,0.3316044881302498,0.09451706065710108,0.21661373403427042,0.08544210825232913,0.11445931955870603,-0.06446289398096938,-0.06536342439170773,1
2024-09-30,ONGC.NS,0.6336176446790593,-0.10022688084771558,0.815588407684553,0.11409433607183266,0.09376941750466483,-0.10567874884746897,-0.06536342439170773,0
2024-09-30,TATASTEEL.NS,0.33394809380897184,0.10336476124054772,0.2089819619662061,0.0870384294052665,-0.031377506565396285,-0.11859987649107928,-0.06536342439170773,0
2024-09-30,COALINDIA.NS,0.8465249996299373,-0.028193147834846832,0.9000946489685078,0.09794626299136748,0.0889878133063351,-0.11388809828795698,-0.06536342439170773,0
2024-09-30,HINDALCO.NS,0.5437632069762519,0.07820631469617201,0.43178831911336846,0.08795004204136488,0.09658266303213003,-0.09276644202396167,-0.06536342439170773,0
2024-09-30,GRASIM.NS,0.45050003108467984,0.03583002358180942,0.4003263065005376,0.06969629632387307,0.05086897192035034,-0.03566382147395197,-0.06536342439170773,1
2024-09-30,ADANIPORTS.NS,0.7626049112271529,-0.022741094263372896,0.803621231672027,0.10548234679473602,-0.020228681067255727,-0.04988957087432344,-0.06536342439170773,1
2024-09-30,DRREDDY.NS,0.2156041937494091,-0.03978620076484407,0.26597242688834566,0.053877360366062034,0.06079496505596671,-0.05637181297452798,-0.06536342439170773,1
2024-09-30,CIPLA.NS,0.406335764224405,-0.0004834626692268307,0.4070160039373134,0.06351427894034745,0.126502646496244,-0.06187653215627131,-0.06536342439170773,1
2024-09-30,BRITANNIA.NS,0.4151279699873107,0.08247297433728984,0.30731020869475123,0.05179164595671582,0.17260328558278548,-0.09643983069506235,-0.06536342439170773,0
2024-09-30,EICHERMOT.NS,0.4743297522806822,0.013254679251160306,0.4550436158560618,0.06409629714809101,0.08752307857610386,-0.02618255826563176,-0.06536342439170773,1
2024-09-30,HEROMOTOCO.NS,0.923439848660166,0.04710933275348905,0.8369045031833202,0.07005315773662892,0.031317247164688755,-0.1265405297568849,-0.06536342439170773,0
2024-09-30,BPCL.NS,1.307201255891385,0.03439131268325557,1.230491717787542,0.1012523966156682,0.2561283085616195,-0.16002167447314553,-0.06536342439170773,0
2024-09-30,INDUSINDBK.NS,0.024369898013392177,0.01568144226341861,0.00855431180332622,0.06980925650298438,-0.011539791337700556,-0.2707930413174622,-0.06536342439170773,0
2024-09-30,APOLLOHOSP.NS,0.4046459521171535,0.03921316359121607,0.3516437255886067,0.0551400980906231,0.1656263407242422,-0.024509765866801092,-0.06536342439170773,1
2024-09-30,TATACONSUM.NS,0.3743896492045451,-0.002666380034057725,0.37806409178453126,0.06636163359232494,0.09066480027440083,-0.1624128235536706,-0.06536342439170773,0
2024-09-30,SBILIFE.NS,0.41513102707386884,-0.0034049159305267196,0.41996589155884223,0.07032143620952318,0.23596645548178397,-0.1203090694661102,-0.06536342439170773,0
2024-09-30,HDFCLIFE.NS,0.1302819835941127,-0.02802220473093331,0.1628681119008728,0.06676177385377087,0.206621393325225,0.0029944713648615284,-0.06536342439170773,1
2024-10-31,RELIANCE.NS,0.16838237325538064,-0.09787853303922045,0.29514972877391576,0.06482177369261194,-0.11216366763346075,-0.029916333486524893,-0.022351581252981145,0
2024-10-31,TCS.NS,0.20054410793946098,-0.0680257861512884,0.288173095456852,0.055322739231470706,-0.09285878754181764,0.07620082910814263,-0.022351581252981145,1
2024-10-31,HDFCBANK.NS,0.19160297154527028,0.002107327860843,0.18909715398343208,0.06349532836064614,0.07423802207953378,0.03476985395198673,-0.022351581252981145,1
2024-10-31,INFY.NS,0.32477154120596374,-0.05243219607155847,0.3980757215617765,0.06071099263745541,-0.04870425420258473,0.05724853673913932,-0.022351581252981145,1
2024-10-31,ICICIBANK.NS,0.4239086382623769,0.0151217086502613,0.40269745600815865,0.06291225081886524,0.07282465876589739,0.006074695094380189,-0.022351581252981145,1
2024-10-31,HINDUNILVR.NS,0.03526779548030268,-0.1453706900942433,0.21136472091562797,0.06264501706622687,-0.06556641377646522,-0.00120872799312155,-0.022351581252981145,1
2024-10-31,BHARTIARTL.NS,0.773388753126399,-0.056710837657586,0.880005436214965,0.06654803061950997,0.08718222739755599,0.009022740961935671,-0.022351581252981145,1
2024-10-31,ITC.NS,0.17975482635027773,-0.05664379137303255,0.2505931646619284,0.053255233016877616,-0.013222937769878929,-0.02465221487947744,-0.022351581252981145,0
2024-10-31,LT.NS,0.246402141731493,-0.014487653545448231,0.26472503994040264,0.08932529995212746,-0.050511143661051916,0.028296965036025856,-0.022351581252981145,1
2024-10-31,KOTAKBANK.NS,-0.003680935854158074,-0.06626395480244607,0.06702431513720475,0.06388950221462905,-0.04248015650370507,0.019727278952674343,-0.022351581252981145,1
2024-10-31,AXISBANK.NS,0.18189640309432487,-0.05895952461949816,0.2559464061484018,0.07277560723719256,-0.005616932162429311,-0.02005094762648485,-0.022351581252981145,1
2024-10-31,SBIN.NS,0.474590153016182,0.04099503352469602,0.41651987332098983,0.0853170098173976,-0.059834944875288065,0.022860279424754104,-0.022351581252981145,1
2024-10-31,BAJFINANCE.NS,-0.07584937425713967,-0.10557571566483415,0.0332351680609726,0.0719130974772733,0.012163986419120754,-0.045553144949522895,-0.022351581252981145,0
2024-10-31,ASIANPAINT.NS,-0.008836659266060476,-0.11818516368438337,0.12400392907336522,0.058261575256432184,-0.0482420539472761,-0.15390109531538476,-0.022351581252981145,0
2024-10-31,MARUTI.NS,0.07589962510287163,-0.16328366204434053,0.28585946789518446,0.06660692060899955,-0.14751124923807857,-0.00020319338003094156,-0.022351581252981145,1
2024-10-31,HCLTECH.NS,0.43362155712649075,-0.010288537257541308,0.448524758068348,0.058438692708965186,0.08219933108832422,0.04643122711626324,-0.022351581252981145,1
2024-10-31,SUNPHARMA.NS,0.7135185387590044,-0.040379939569696655,0.785621840784201,0.049919461966348326,0.07534833467248103,-0.03677860865867477,-0.022351581252981145,0
2024-10-31,TITAN.NS,0.027617544128824445,-0.1456346776744195,0.20278470728616615,0.06988711820386645,-0.05547919559368053,-0.0055249389020248785,-0.022351581252981145,1
2024-10-31,ULTRACEMCO.NS,0.3216506575826059,-0.06239196757532561,0.4095982669482783,0.06794310622444853,-0.06911213385184856,0.012335507399608092,-0.022351581252981145,1
2024-10-31,WIPRO.NS,0.44834172370908787,0.019115319276302056,0.42117550027369766,0.08466135638505058,0.0570881880786871,0.04720918021180576,-0.022351581252981145,1
2024-10-31,ADANIENT.NS,0.28490277148599685,-0.060143270667151305,0.36712621337304974,0.11111250884112979,-0.07009216650238181,-0.16425481151345345,-0.022351581252981145,0
2024-10-31,NESTLEIND.NS,-0.05407815308647612,-0.1587390909723041,0.12440960558454095,0.0504228966744013,-0.07873482483611682,-0.012505799009191576,-0.022351581252981145,1
2024-10-31,POWERGRID.NS,0.658455005988122,-0.09083184062073135,0.8241454992445252,0.0889664221725686,-0.07103038396953643,0.04154686991360523,-0.022351581252981145,1
2024-10-31,NTPC.NS,0.7895759474240911,-0.07341333855814869,0.9313638128994344,0.09357816659543,-0.005036871183716318,-0.10902850361475191,-0.022351581252981145,0
2024-10-31,TECHM.NS,0.47464310062081827,0.02910187254385499,0.43294181068354476,0.07132908004904072,0.04419673965976023,0.06443288142617698,-0.022351581252981145,1
2024-10-31,BAJAJFINSV.NS,0.11615079819268903,-0.11282560128370567,0.25809626586127177,0.06681291967360811,0.06000061521497613,-0.09755824141481506,-0.022351581252981145,0
2024-10-31,JSWSTEEL.NS,0.3189362528886732,-0.06446289398096938,0.4098171461109781,0.07918046059787125,0.03813628045668915,0.0024386448910329594,-0.022351581252981145,1
2024-10-31,ONGC.NS,0.5057147505440525,-0.10567874884746897,0.6836396860788063,0.11099604663935018,-0.19743464313313996,-0.011852132890091904,-0.022351581252981145,1
2024-10-31,TATASTEEL.NS,0.2762369719836657,-0.11859987649107928,0.447965501641717,0.0860042566446554,-0.1014335372248869,-0.027059794714232033,-0.022351581252981145,0
2024-10-31,COALINDIA.NS,0.537038878509347,-0.11388809828795698,0.7345877823553186,0.10030003306116893,-0.1256736949043128,-0.04493015318314042,-0.022351581252981145,0
2024-10-31,HINDALCO.NS,0.5015947629952007,-0.09276644202396167,0.6551358245005092,0.09024045167397292,0.030440360738664962,-0.04350995074299546,-0.022351581252981145,0
2024-10-31,GRASIM.NS,0.44006481626610805,-0.03566382147395197,0.4933223997332481,0.06752403214327123,-0.025403929962737104,-0.033236328297906126,-0.022351581252981145,0
2024-10-31,ADANIPORTS.NS,0.7608837378330244,-0.04988957087432344,0.8533463941169961,0.11110812462684279,-0.12354298657913454,-0.1351065256167132,-0.022351581252981145,0
2024-10-31,DRREDDY.NS,0.19397623687930698,-0.05637181297452798,0.26530370043627927,0.05153770652292592,-0.05621812364465917,-0.05642749040680983,-0.022351581252981145,0
2024-10-31,CIPLA.NS,0.304089491452318,-0.06187653215627131,0.39010432651233007,0.07379801474891641,0.013344073518814836,-0.011503168575062728,-0.022351581252981145,1
2024-10-31,BRITANNIA.NS,0.3106160135515532,-0.09643983069506235,0.45050220015756404,0.056628708733129605,0.0029374342191723635,-0.1372033831984074,-0.022351581252981145,0
2024-10-31,EICHERMOT.NS,0.5016863746753353,-0.02618255826563176,0.5420614894726394,0.06519704285665669,-0.0027843843911629085,-0.012830329083874603,-0.022351581252981145,1
2024-10-31,HEROMOTOCO.NS,0.66312835127153,-0.1265405297568849,0.9040704324937043,0.07111507225957589,-0.0842258462016463,-0.04566534772927899,-0.022351581252981145,0
2024-10-31,BPCL.NS,0.9232940271133399,-0.16002167447314553,1.2896948274314148,0.10351786224084009,-0.0838340363344885,-0.06001601309044535,-0.022351581252981145,0
2024-10-31,INDUSINDBK.NS,-0.2594747894859931,-0.2707930413174622,0.015521316269276664,0.08975057780419811,-0.260680809996941,-0.056602881187861165,-0.022351581252981145,0
2024-10-31,APOLLOHOSP.NS,0.4605780625947795,-0.024509765866801092,0.4972759454558968,0.049830380808412296,0.06321627547552033,-0.027596338350018068,-0.022351581252981145,0
2024-10-31,TATACONSUM.NS,0.12100161629748185,-0.1624128235536706,0.33837007994034507,0.06784358601205372,-0.15677700028226493,-0.04378827368595617,-0.022351581252981145,0
2024-10-31,SBILIFE.NS,0.18804245093257999,-0.1203090694661102,0.35052256388678416,0.07398584128873696,-0.07498645478159827,-0.11367628093838,-0.022351581252981145,0
2024-10-31,HDFCLIFE.NS,0.16859246879344458,0.0029944713648615284,0.16510359942786068,0.07192068527938524,0.006498986051764133,-0.08664865211706374,-0.022351581252981145,0
2024-11-30,RELIANCE.NS,0.09073646077702047,-0.029916333486524893,0.12437359624575173,0.06846775881319152,-0.14402589519285858,-0.0630707258019848,-0.023896338357213887,0
2024-11-30,TCS.NS,0.247996920055769,0.07620082910814263,0.15963200018159762,0.059313871649528276,-0.05983684494720798,-0.026235879351380942,-0.023896338357213887,0
2024-11-30,HDFCBANK.NS,0.16793422695985383,0.03476985395198673,0.12868984586213683,0.06490916547750852,0.09722646216772324,-0.012917324056128332,-0.023896338357213887,1
2024-11-30,INFY.NS,0.3171141577964569,0.05724853673913932,0.2457942593695317,0.06715266967769333,-0.033285124162865665,0.025917122952295868,-0.023896338357213887,1
2024-11-30,ICICIBANK.NS,0.40252660955326336,0.006074695094380189,0.3940581314607976,0.06430121926381789,0.057679842577980756,-0.01419120626814463,-0.023896338357213887,1
2024-11-30,HINDUNILVR.NS,0.001667997712277769,-0.00120872799312155,0.0028802070923379386,0.06017703056531105,-0.09100290620814444,-0.06782437500952543,-0.023896338357213887,0
2024-11-30,BHARTIARTL.NS,0.6125139328156959,0.009022740961935671,0.5980947379624284,0.06822102571886511,0.02397662200343542,-0.02421412405970358,-0.023896338357213887,0
2024-11-30,ITC.NS,0.1311326180667216,-0.02465221487947744,0.1597223424534142,0.052960466797420204,-0.050109520642855454,0.014472952900010938,-0.023896338357213887,1
2024-11-30,LT.NS,0.20741038061952066,0.028296965036025856,0.1741845222476366,0.08652835438480855,0.005439125653168064,-0.031451382744658196,-0.023896338357213887,0
2024-11-30,KOTAKBANK.NS,0.006684736677635694,0.019727278952674343,-0.012790225920438436,0.06025697046712054,-0.008732105818450075,0.011783043089999667,-0.023896338357213887,1
2024-11-30,AXISBANK.NS,0.05857766254342156,-0.02005094762648485,0.08023744701774205,0.07309292798344472,-0.033141890883937264,-0.06301159890291197,-0.023896338357213887,0
2024-11-30,SBIN.NS,0.5104362409938479,0.022860279424754104,0.4766789476303659,0.09192933852253281,0.028629242093343388,-0.05244653552645606,-0.023896338357213887,0
2024-11-30,BAJFINANCE.NS,-0.07202959970479328,-0.045553144949522895,-0.02774010372098734,0.07473045225854091,-0.0866995878076634,0.03757652540437029,-0.023896338357213887,1
2024-11-30,ASIANPAINT.NS,-0.19616564094477928,-0.15390109531538476,-0.049952251912143475,0.060431199827261,-0.20562551457312195,-0.07995234034218657,-0.023896338357213887,0
2024-11-30,MARUTI.NS,0.05373885389385413,-0.00020319338003094156,0.05395301016838405,0.06475265202707287,-0.10713539859351773,-0.019486729043073137,-0.023896338357213887,1
2024-11-30,HCLTECH.NS,0.4275768318769433,0.04643122711626324,0.3642337832473084,0.06346829378830926,0.060976815499864445,0.03752616531552522,-0.023896338357213887,1
2024-11-30,SUNPHARMA.NS,0.4657026955252439,-0.03677860865867477,0.5216675093606391,0.05169881581399808,-0.022369765553147958,0.059211593726563816,-0.023896338357213887,1
2024-11-30,TITAN.NS,-0.06616883824362818,-0.0055249389020248785,-0.06098081461655558,0.06732638799592162,-0.08867789968829676,0.0012772861930541168,-0.023896338357213887,1
2024-11-30,ULTRACEMCO.NS,0.25155709692089756,0.012335507399608092,0.23630662737078056,0.07088667234811054,-0.008825895856689692,0.02001395065370759,-0.023896338357213887,1
2024-11-30,WIPRO.NS,0.4019668971727137,0.04720918021180576,0.3387649035784386,0.08795858129705776,0.07327268232911854,0.044734798479656446,-0.023896338357213887,1
2024-11-30,ADANIENT.NS,0.04475759578784211,-0.16425481151345345,0.25009106864234165,0.13522562778348649,-0.18421188030544133,0.02659196000659647,-0.023896338357213887,1
2024-11-30,NESTLEIND.NS,-0.07135544438189223,-0.012505799009191576,-0.059594927558717314,0.049768360858641975,-0.10640816867463188,-0.028908211848204024,-0.023896338357213887,0
2024-11-30,POWERGRID.NS,0.6393356365673764,0.04154686991360523,0.5739432222607099,0.08740983464203982,-0.009696997117088269,-0.06284148509622756,-0.023896338357213887,0
2024-11-30,NTPC.NS,0.42509786093031665,-0.10902850361475191,0.5994876005709133,0.09494738772675036,-0.12088120734074892,-0.08332178802607537,-0.023896338357213887,0
2024-11-30,TECHM.NS,0.44124514786939706,0.06443288142617698,0.3540028432214055,0.07333570749629041,0.05571677684559062,-0.0035624580329591815,-0.023896338357213887,1
2024-11-30,BAJAJFINSV.NS,-0.055305255288138344,-0.09755824141481506,0.04682073466205661,0.06747942290816046,-0.11390601393884359,-0.007500243301065579,-0.023896338357213887,1
2024-11-30,JSWSTEEL.NS,0.2152879183691696,0.0024386448910329594,0.21233147241771966,0.08106350906697578,0.026458401465562886,-0.06677019056553102,-0.023896338357213887,0
2024-11-30,ONGC.NS,0.37941747346866883,-0.011852132890091904,0.3959626078059846,0.11214573751356194,-0.2048510263604162,-0.0679782778104342,-0.023896338357213887,0
2024-11-30,TATASTEEL.NS,0.152870496777195,-0.027059794714232033,0.184934583352508,0.08465684264804531,-0.05380997147027877,-0.04490098578316404,-0.023896338357213887,0
2024-11-30,COALINDIA.NS,0.2891494545528055,-0.04493015318314042,0.3497959953917462,0.09307833841474485,-0.17756106777252878,-0.07744966934438813,-0.023896338357213887,0
2024-11-30,HINDALCO.NS,0.279863654351189,-0.04350995074299546,0.338083606144548,0.09578514789122221,-0.06437582792647101,-0.08191101752839502,-0.023896338357213887,0
2024-11-30,GRASIM.NS,0.30976500589156886,-0.033236328297906126,0.35479336287593766,0.06972692156755968,-0.03431101513996826,-0.0627529378538404,-0.023896338357213887,0
2024-11-30,ADANIPORTS.NS,0.44779647945292966,-0.1351065256167132,0.6739593052026234,0.12516402457126252,-0.19694305472194273,0.03449419637197226,-0.023896338357213887,1
2024-11-30,DRREDDY.NS,0.044737738768650503,-0.05642749040680983,0.1072151086926818,0.051553333077784695,-0.14504328519906684,0.15486979382191168,-0.023896338357213887,1
2024-11-30,CIPLA.NS,0.2760091543364096,-0.011503168575062728,0.2908581128146033,0.06718561910431543,-0.07311625499155638,-0.003194428715562303,-0.023896338357213887,1
2024-11-30,BRITANNIA.NS,0.0314908833755283,-0.1372033831984074,0.19552031531983682,0.060157575982590424,-0.1561163475320061,-0.03610495351989185,-0.023896338357213887,0
2024-11-30,EICHERMOT.NS,0.2536597901596469,-0.012830329083874603,0.26995371423456516,0.0729434000658973,-0.025934927912500738,-0.0020592777592781664,-0.023896338357213887,1
2024-11-30,HEROMOTOCO.NS,0.2835053572422166,-0.04566534772927899,0.3449216731135927,0.07303526222027988,-0.12715830933009487,-0.12623644408433976,-0.023896338357213887,0
2024-11-30,BPCL.NS,0.44915544469472946,-0.06001601309044535,0.5416809912466809,0.09942842843189655,-0.18327960743319738,0.0011982053707659812,-0.023896338357213887,1
2024-11-30,INDUSINDBK.NS,-0.3132080119416566,-0.056602881187861165,-0.2720011813019898,0.08941369865505581,-0.3012804942389493,-0.035848724252736885,-0.023896338357213887,0
2024-11-30,APOLLOHOSP.NS,0.23813105899925113,-0.027596338350018068,0.2732686103818047,0.058114432524402404,-0.014233283031194977,0.0684518388939952,-0.023896338357213887,1
2024-11-30,TATACONSUM.NS,0.02605301593086673,-0.04378827368595617,0.07303956612835472,0.06964470773741059,-0.2012248523177741,-0.04584576547541519,-0.023896338357213887,0
2024-11-30,SBILIFE.NS,0.0035412248149886416,-0.11367628093838,0.13225134703319297,0.07578098794611304,-0.22296384491730203,-0.023578552654724194,-0.023896338357213887,1
2024-11-30,HDFCLIFE.NS,-0.04453581637868598,-0.08664865211706374,0.04610803480609227,0.07005545434262796,-0.10958440697626248,-0.06134548372265747,-0.023896338357213887,0
